aqua,hh_id,hh_id_data_link,iron_standardized_weekly_member_total,zinc_standardized_weekly_member_total,niacin_standardized_weekly_member_total,edible_weekly_member_total
aquatic,5,312698,0.0700280112044818,0.3995238095238088,1.3628117913832194,1666.6666666666667
aquatic,8,313529,0.041213806956371425,0.10062912136686122,0.3644945593759579,365
aquatic,108,311181,0.039689546608405256,0.07474068467798531,0.2789015924627832,250
aquatic,398,311833,0.24065978984722686,0.6861417615103442,1.5447470023979917,1666.6666666666665
aquatic,569,314143,0.10782869416741159,0.3311347442082534,0.7745900611320885,837.0000000000001
aquatic,664,309112,0.159517371840384,0.44595539535279083,1.3104350981225645,1200
aquatic,771,313626,0.05471359042247025,0.10919596268221582,0.33780612244897956,400
aquatic,837,310590,0.209141872714959,0.5429625384175862,1.741992458624999,1833.3333333333333
aquatic,955,310245,0.6263483930161384,1.234653064166007,4.330573901158112,4000
aquatic,970,312486,0.06692499771877003,0.17955900814207548,0.6444311482270213,666.6666666666666
aquatic,995,313766,0.1614494788505159,0.3132753133792944,1.0645123685990356,1100
aquatic,1060,312321,0.15774668596928318,0.4310259575427168,1.2960486253189005,1333.3333333333333
aquatic,1070,309974,0.1612067906487752,0.4137159976252589,1.4577653576785323,1533.3333333333333
aquatic,1108,312322,0.0936326282594595,0.36906498244460656,0.6878675025172343,820
aquatic,1116,312302,0.047454888346986614,0.1550095383615066,0.5159339643357181,500
aquatic,1166,312583,0.19844773304202626,0.3737034233899266,1.3945079623139158,1250
aquatic,1170,310600,0.3790663730395184,0.7903098097768443,2.484022228677905,2262.5
aquatic,1209,313955,0.08038806445369322,0.20926239774041028,0.6340201119539203,640
aquatic,1308,314034,0.062450934743090145,0.1691268939365906,0.43153565543874917,469.99999999999994
aquatic,1309,309706,0.0543611320470849,0.14203565431377632,0.5090587570728131,531.25
aquatic,1320,313875,0.09303857066150475,0.17927751206911255,0.7408828849797894,675
aquatic,1325,313699,0.12116484429934005,0.3116592026589618,1.063758071915666,940
aquatic,1336,311210,0.10114708683473389,0.21226542857142836,0.7732993197278895,533.3333333333334
aquatic,1341,309122,0.01680672268907563,0.0958857142857141,0.3270748299319726,400
aquatic,1382,314308,0.11485825517056132,0.3395155108454806,1.1961721938775496,1190
aquatic,1443,310648,0.02842671957947962,0.1138595273724956,0.20981151535612624,250
aquatic,1501,309880,0.057312037286724196,0.11348446774238818,0.4291688930178451,340
aquatic,1505,309477,0.049549490585996295,0.09524925610655674,0.3163165584491777,283.3333333333333
aquatic,1633,309830,0.16431685714285715,0.3451623428571425,1.3245918367346907,900
aquatic,1685,312004,0.054493012950307895,0.15088016964038475,0.3909704862551276,400
aquatic,1803,312775,0.34306703923836207,0.7322484987287375,2.37660343975541,2400
aquatic,1895,309245,0.08290618215427144,0.21936306919333806,0.5448355567985013,550
aquatic,1937,313925,0.05115441067932812,0.22274769557124002,0.5044522356667435,607.5
aquatic,2085,311396,0.10842149306084335,0.24423069548477633,0.9041337044030374,800
aquatic,2115,312821,0.1266122354941977,0.28493709321712724,1.0180839002267572,1250
aquatic,2146,312879,0.20369497915825463,0.6398621534460259,1.6569331362544366,2000
aquatic,2151,313530,0.09426743184733044,0.28981703807630926,0.6425070356469877,688.5714285714286
aquatic,2162,312052,0.07580458554527898,0.30362540632665497,0.5594973742830034,666.6666666666666
aquatic,2176,310996,0.06039931798272352,0.19791871415233836,0.48417045584898466,583.3333333333333
aquatic,2308,311182,0.07388554062244916,0.1429881613543702,0.4900304189933954,500
aquatic,2333,313995,0.06987249751791584,0.15642028954217815,0.517880851124306,490
aquatic,2334,313885,0.16393510951941437,0.3253519782021769,1.012159409112482,1200
aquatic,2337,311770,0.2653160494084764,1.0626889221432925,1.958240809990512,2333.3333333333335
aquatic,2600,310461,0.04257933022524072,0.0875179901323167,0.41380102040816324,400
aquatic,2620,309235,0.0317516372867242,0.059792547742388256,0.22312127397022655,200
aquatic,2651,313985,0.13014407585428148,0.4315382075087366,0.9248434702702926,1019
aquatic,2783,310471,0.029996033613445376,0.061474681318681175,0.2725623582766439,333.3333333333333
aquatic,2821,310315,0.14152176981456233,0.4142046837959927,1.2056848191276235,1080
aquatic,2839,309666,0.16678839956235078,0.30945434082834333,1.189194805225282,1050
aquatic,2840,314203,0.06416909293188892,0.1307523601508522,0.49439555450086914,376
aquatic,2849,313785,0.12016370179777332,0.24824401126123086,0.7751269504675159,813.3333333333334
aquatic,2944,313083,0.1442065383350165,0.2914111033801707,1.1077531436918724,833.3333333333333
aquatic,2961,309399,0.09847365235258887,0.2604966702296384,0.6703557330432002,582.5
aquatic,2970,313093,0.08030999726252402,0.2154708097704906,0.7733173778724257,800
aquatic,3024,311652,0.12524542718704706,0.36421400809776094,0.8418806837734769,1000
aquatic,3231,311926,0.07937909321681051,0.14948136935597062,0.5578031849255664,500
aquatic,3266,314015,0.057401996022067456,0.159793031347527,0.41065255327844535,424.5
aquatic,3401,312005,0.07081857665729946,0.261660216209786,0.5213514857942919,630
aquatic,3493,314243,0.16455139115238315,0.40639729782994893,1.1724032019581516,1150
aquatic,3498,313006,0.2645969773893684,0.4982712311865688,1.859343949751888,1666.6666666666667
aquatic,3576,313905,0.16228835245267154,0.45039828838081464,1.1645444109914993,1192.5
aquatic,3793,314367,0.30743981581239155,0.6087298307547969,2.2078925899010766,2110
aquatic,3909,313926,0.09530566394999036,0.2784115314292215,0.6862101719383944,716.6666666666667
aquatic,4264,310341,0.10093687763324499,0.20718820779883373,0.7265545280612233,637.5
aquatic,4423,312466,0.01703418492396959,0.07007469088669942,0.20341553287981856,250
aquatic,4426,312312,0.193085971534729,0.6049194788459531,1.3970492463500714,1500
aquatic,4514,310951,0.11960312570576251,0.48834695302739745,0.8980410079745536,1071.4285714285713
aquatic,4551,313825,0.15875818643362102,0.29896273871194123,1.1156063698511327,1000
aquatic,4571,313449,0.3002454076856298,0.5538434415469292,2.1228935065316024,1958
aquatic,4683,314213,0.11113073050353471,0.2092739170983589,0.7809244588957928,700
aquatic,4777,312553,0.04463468927058918,0.11178105662470689,0.3322569186803711,337.5
aquatic,4850,312339,0.02842671957947962,0.1138595273724956,0.20981151535612624,250
aquatic,4936,313493,0.158153045354785,0.4572991149508098,1.2403710438593185,1296.6666666666665
aquatic,5094,312197,0.07106679894869905,0.284648818431239,0.5245287883903157,625
aquatic,5168,312147,0.10261369214352409,0.16601739901477833,0.4868044788975023,600
aquatic,5233,309561,0.026943056335852603,0.11505905046942502,0.24961791976789421,300
aquatic,5325,309486,0.12045835616438347,0.2987393022351795,1.0446570294784567,1000
aquatic,5519,311730,0.2275549814319378,0.45498430199843676,1.724916718222748,1333.3333333333333
aquatic,5648,310305,0.08441791965005171,0.22813296164498745,0.7960783375850339,962.5
aquatic,5665,309773,0.17066623607395337,0.3412382264988275,1.2936875386670612,1000
aquatic,5851,310285,0.04921539349176575,0.09863443371574901,0.3741611819769791,287.5
aquatic,5860,314309,0.05999183653735459,0.1976592662682214,0.6495303996598638,785
aquatic,5912,309349,0.10193876798572078,0.19261992637996306,0.701135115747667,671.4285714285714
aquatic,5923,313293,0.0408235336543597,0.07687613281164205,0.2868702093902913,257.14285714285717
aquatic,5967,311280,0.052919395477873665,0.09965424623731375,0.3718687899503775,333.3333333333333
aquatic,5971,309379,0.06928292891669445,0.1816430267832419,0.44709293523471944,450
aquatic,6200,312959,0.08291542909131905,0.16112892755599492,0.6444311482270213,666.6666666666666
aquatic,6212,314214,0.13597575347262936,0.3154892881288912,1.0156246224005365,940
aquatic,6590,310826,0.10673017534303315,0.24252285518678843,0.7982295729843284,766.6666666666666
aquatic,6629,309870,0.13623253237576977,0.37720042410096183,0.9774262156378188,1000
aquatic,6667,310235,0.3983715637669052,0.8174330211444957,2.860159964446414,2683.333333333333
aquatic,6684,313229,0.11593709468081413,0.26004917367051683,0.8580907380364817,740
aquatic,6693,313756,0.13859295858442108,0.45403930920556834,1.006078760094944,1100
aquatic,6738,310021,0.05322637696174355,0.10941727016520891,0.3860473356009064,333.3333333333333
aquatic,6748,309551,0.054493012950307895,0.15088016964038475,0.3909704862551276,400
aquatic,6751,311347,0.014005602240896364,0.03722857142857146,0.17270408163265308,250
aquatic,6759,312996,0.046255844561623405,0.23628707686591555,0.7039544907963091,857.1428571428572
aquatic,6873,312986,0.1052986610439414,0.21318128007025636,0.7636863521459429,750
aquatic,6911,313786,0.2718751727542922,0.5417536136194355,2.052091944985705,1600
aquatic,6914,313386,0.060985049075525793,0.14328903168092713,0.4411482447196821,408.57142857142856
aquatic,7254,310351,0.1428569908710802,0.2943272942214195,1.1747623480355114,1173.3333333333333
aquatic,7318,311994,0.15830381295592574,0.464805366849683,1.0436110621925645,1100
aquatic,7392,313376,0.04092490408077151,0.10273907549074633,0.2799367737398087,300
aquatic,7424,309273,0.1516797834886084,0.3793048541625459,1.1422070462528757,1000
aquatic,7430,314357,0.36673141066166454,0.6906039264245843,2.577050714356116,2310
aquatic,7526,310686,0.18803304138614643,0.38298415956577553,1.3541107896846571,1266.6666666666667
aquatic,7533,313935,0.09988154186218703,0.26485536208096255,0.9635357363811781,914.2857142857142
aquatic,7599,311788,0.11271066966274607,0.5556846280532793,1.0654712043946575,1250
aquatic,7602,311074,0.09082168825051315,0.25146694940064124,0.6516174770918792,666.6666666666666
aquatic,7713,311614,0.08524628279964865,0.22813701256863117,0.4895684340364974,500
aquatic,7725,314244,0.059228293347719646,0.15476706953005906,0.38763396166465547,460
aquatic,7746,313341,0.06679478472289278,0.15960197701337484,0.4622892604749262,473.33333333333337
aquatic,7761,310030,0.1265839744824809,0.2513517459571983,0.9505576615828081,749.9999999999999
aquatic,7889,312505,0.05241364524570476,0.1656858556527015,0.4620899176842615,500
aquatic,7897,312348,0.04994817505459444,0.09141312655564157,0.36079521159983763,314.2857142857143
aquatic,8180,314133,0.07810758330003692,0.19425906854554945,0.541824642245184,562.5
aquatic,8242,313162,0.04634063316833496,0.14518067492302875,0.3352918191240171,360
aquatic,8254,314358,0.14729729795854846,0.2862312829508179,1.0438679653882827,877
aquatic,8295,310772,0.2509662737423735,0.5200086676384836,1.8940263605442142,1500
aquatic,8320,311132,0.05630502456940249,0.16766080408595668,0.47202056085163496,500
aquatic,8328,312388,0.0565998885805474,0.17077435175051758,0.40843010973420635,432
aquatic,8385,312765,0.17249824703214625,0.4174697371921181,1.2098413577317222,1166.6666666666667
aquatic,8474,311927,0.039689546608405256,0.07474068467798531,0.2789015924627832,250
aquatic,8505,311201,0.1117751626764009,0.2774327259907617,0.8269750898870021,750
aquatic,8522,311426,0.16471221125378718,0.32010048260538443,1.204646954259097,1000
aquatic,8551,312869,0.15018699831932772,0.3133417230769229,0.9767346938775496,800
aquatic,8656,314193,0.12835297988048344,0.37331742844149485,0.8755891383563721,916.6666666666667
aquatic,8935,310521,0.11802376470588236,0.2456175076923073,0.9975510204081619,900
aquatic,9032,314252,0.043138308510465934,0.152834318763814,0.35151591586633024,406.25
aquatic,9136,311731,0.24156058367283417,0.5348890639031985,1.997479076499392,1666.6666666666665
aquatic,9150,310676,0.1596833491076099,0.3047317977069988,0.91469152753228955,780
aquatic,9262,312766,0.08133741107579395,0.22783946318554982,0.7629186815288354,700
aquatic,9266,310835,0.4421643697478992,0.9222043809523808,2.1971655328798163,1750
aquatic,9397,311300,0.26939145670992204,0.6137458481124096,2.2292878169693395,1940
aquatic,9471,312198,0.09082168825051315,0.25146694940064124,0.6516174770918792,666.6666666666666
aquatic,9476,311054,0.021167758191149473,0.039861698494925504,0.148747515980151,133.33333333333334
aquatic,9485,311974,0.11929834733893559,0.26621399999999984,1.081292517006801,1000
aquatic,9488,312071,0.059415405007445146,0.15707033978896906,0.5252072621343372,571.4285714285714
aquatic,9492,309919,0.06309006462383057,0.14482156587332054,0.507119066952579,525
aquatic,9595,313230,0.10001813171630554,0.1962878383419193,0.740596289437051,600
aquatic,9603,312487,0.13348389974454067,0.26592531273126374,0.6989646335921339,625
aquatic,9607,311701,0.1137598376164563,0.28447864062190936,0.8566552846896569,750
aquatic,9868,311880,0.09833023960313025,0.22538772093763437,0.6976775284963173,666.6666666666666
aquatic,9892,310897,0.052919395477873665,0.09965424623731375,0.3718687899503775,333.3333333333333
aquatic,9915,311133,0.06586370078209974,0.19642398058938298,0.4748950923975781,500
aquatic,9916,310196,0.08993504352858128,0.26588481063533653,0.6480682081281193,680
aquatic,10079,312034,0.17463558595406414,0.355330055761123,1.3530479282723706,1000
aquatic,10107,311348,0.03559425229535798,0.0559896635602303,0.23503858257418875,333.3333333333333
aquatic,10136,313670,0.1094866164476602,0.2702513608362198,0.9361138682860113,1000
aquatic,10168,310816,0.1516797834886084,0.3793048541625459,1.1422070462528757,1000
aquatic,10189,311103,0.1280655694072867,0.25175169316549434,0.9502748402543637,766.6666666666667
aquatic,10197,311567,0.03405813309394244,0.09430010602524046,0.2443565539094547,250
aquatic,10240,311044,0.05685343915895924,0.2277190547449912,0.4196230307122525,500
aquatic,10313,312707,0.07580458554527898,0.30362540632665497,0.5594973742830034,666.6666666666666
aquatic,10483,311386,0.0350140056022409,0.1997619047619044,0.6814058956916097,833.3333333333334
aquatic,10498,314223,0.1934018160559462,0.45059472773035475,1.234019171320124,1237.5
aquatic,10734,311489,0.01050420168067227,0.05992857142857131,0.20442176870748294,250
aquatic,11159,309800,0.09471196052168485,0.1798109348629963,0.6416447279079187,575
aquatic,11449,311191,0.10644402844514511,0.2190107707065779,0.7510843861718126,692.3076923076923
aquatic,11776,311161,0.2410878124112457,0.54449271444867,1.7092252353481052,1625
aquatic,11836,310979,0.0634585324728304,0.1512541853897189,0.5947779323901545,666.6666666666666
aquatic,11885,313726,0.10837399814085656,0.2111594532343984,0.6907888579775884,700
aquatic,11943,310851,0.16934206552919578,0.31889358795940403,1.189980127841208,1066.6666666666667
aquatic,12055,313502,0.11313480674089198,0.2489898003144075,0.7562809084293212,800
aquatic,12105,313642,0.0606436684362232,0.24290032506132395,0.44759789942640277,533.3333333333334
aquatic,12256,313231,0.10187611842689455,0.1955873803449815,0.7622249536330493,750
aquatic,12300,311462,0.06085809523809524,0.12783790476190462,0.49058956916099655,333.3333333333333
aquatic,12445,311816,0.34133247214790674,0.682476452997655,2.5873750773341224,2000
aquatic,12512,313034,0.11906863982521576,0.22422205403395598,0.8367047773883495,750
aquatic,12530,311104,0.0239968268907563,0.049179745054944934,0.21804988662131514,266.6666666666667
aquatic,12734,314094,0.08535800551510023,0.22509057861746828,0.6105424912615941,613.3333333333334
aquatic,13324,310324,0.11126333957288227,0.21537980642398055,0.8754573461858526,813.3333333333333
aquatic,13417,314114,0.057770763263176664,0.17758105911754912,0.48823440120379,522.8571428571429
aquatic,13810,313616,0.09516709394098367,0.32058926310855557,0.7488155173067408,828
aquatic,14004,312323,0.0814360692861605,0.26593922010980975,0.6405884060230218,700
aquatic,14065,313342,0.12011630714806237,0.25353390057591985,0.7946981278943792,773.3333333333333
aquatic,14361,311702,0.1639410154379847,0.3362494620281024,1.0363185528817898,800
aquatic,14921,312099,0.07456901543798469,0.17245243345667383,0.6401280766913142,550
aquatic,15049,313519,0.2261997577919209,0.5182264087148939,1.699006177374129,1700
aquatic,15150,310988,0.22798119426815608,0.546674607147844,1.802351153787278,1500
aquatic,15358,313627,0.06285738207135753,0.12139362461967629,0.410211116272307,400.00000000000006
aquatic,15482,311014,0.1396291244921075,0.3738552755940555,1.2363094181472412,1300
aquatic,15555,310997,0.10327777890650609,0.3784633909086955,0.7929719610343651,950
aquatic,15597,309198,0.21325119938392892,0.449842908352326,1.5065768561062602,1400
aquatic,15610,310989,0.18229933127171502,0.40280999508046356,1.5293091630845606,1566.6666666666667
aquatic,15643,310451,0.11827556028773412,0.23463920977049066,0.88777316018535,700
aquatic,15661,310295,0.05685343915895924,0.2277190547449912,0.4196230307122525,500
aquatic,15714,310197,0.07144118389512946,0.1345332324203736,0.5020228664330096,450
aquatic,15715,311005,0.16468028731667983,0.330161360331913,1.0979982993197277,1310
aquatic,15834,310817,0.1899964053879995,0.41866270511212456,1.4363593691092271,1170
aquatic,15860,310411,0.40374751053297997,0.8287528311953349,2.9062181122448933,2550
aquatic,15887,311843,0.19844773304202626,0.3737034233899266,1.3945079623139158,1250
aquatic,15959,312014,0.06160332159788008,0.15048051241626642,0.4386369715895386,428.57142857142856
aquatic,16073,313906,0.23813727965043152,0.44844410806791196,1.673409554776699,1500
aquatic,16128,312672,0.20944531256124604,0.41467976370635096,1.4162085343350101,1400
aquatic,16136,310031,0.07484382255174178,0.15228430961190986,0.5798776835453018,428.57142857142856
aquatic,16185,313387,0.10624019966741988,0.2681618493682586,0.7979891755209578,706
aquatic,16300,310531,0.14694058246182848,0.5182874133130373,1.1622930885237428,1400
aquatic,16364,312100,0.04015499863126201,0.1077354048852453,0.38665868893621286,400
aquatic,16400,314025,0.08220497144831862,0.2593149746678371,0.6942128258561211,750
aquatic,16450,313043,0.13644825398150218,0.5465257313879789,1.007095273709406,1200
aquatic,16461,312378,0.07937909321681051,0.14948136935597062,0.5578031849255664,500
aquatic,16467,314291,0.15875818643362102,0.29896273871194123,1.1156063698511327,1000
aquatic,16482,311889,0.17066623607395337,0.3412382264988275,1.2936875386670612,1000
aquatic,16530,310629,0.045422769819827305,0.13252139965744758,0.42906179350311024,385.7142857142857
aquatic,16548,311584,0.15607730567997236,0.4145707664399545,1.1168770118692104,1125
aquatic,16734,309400,0.18676939091541372,0.45877226252146475,1.6607310864044205,1666.6666666666665
aquatic,16740,312389,0.06851570178086051,0.16914244155019126,0.4881516482903029,478.75
aquatic,16769,313660,0.03191626107977432,0.06369764489795923,0.1970535714285714,233.33333333333334
aquatic,16789,311499,0.11113073050353471,0.2092739170983589,0.7809244588957928,700
aquatic,17072,313598,0.10677204061624651,0.2928588623721103,0.8938208616780046,1100
aquatic,17220,311500,0.04365850126924578,0.08221475314578386,0.3067917517090614,275
aquatic,17418,312735,0.27697187731374495,0.716544555590162,1.9914851725539187,2250
aquatic,17866,312379,0.08403361344537816,0.4794285714285705,1.6353741496598635,2000
aquatic,17893,312262,0.05170395860743292,0.13718205634857492,0.3699639218791533,372.5
aquatic,17905,313132,0.07068097866010933,0.16002876792178036,0.5335689090450996,572.2222222222222
aquatic,17909,311084,0.08538676839586454,0.24766728625573722,0.6144983656711389,640
aquatic,17914,309282,0.042432321820375984,0.15108809880106705,0.38251559698877935,500
aquatic,17940,310275,0.06454404533781764,0.165975198618266,0.5980955473199919,610
aquatic,17946,311113,0.08543668249908656,0.22251558730158705,1.0425255102040802,975
aquatic,18062,314134,0.06385624027940742,0.26767143569737206,0.5559042098505744,666.6666666666666
aquatic,18191,312313,0.22527360163111093,0.8237286643249638,1.6004975466130227,1933.3333333333337
aquatic,18424,311919,0.10001813171630554,0.1962878383419193,0.740596289437051,600
aquatic,18470,310868,0.17056031747687772,0.6831571642349736,1.2588690921367576,1500
aquatic,18516,310990,0.33121027886150073,0.7114563322228058,2.382678982005899,2200
aquatic,18568,309142,0.1270065491468968,0.23917019096955303,0.8924850958809062,800
aquatic,18615,311105,0.02667125605124723,0.04714494852620607,0.16470653377630123,200
aquatic,18632,309447,0.03893092126015189,0.1737880988010669,0.41423328406360915,500
aquatic,18701,313477,0.011764705882352941,0.06711999999999986,0.22895238095238085,280
aquatic,18767,309590,0.062131391275276136,0.1410237519751924,0.5562845392763487,520
aquatic,18853,311134,0.12368163143965223,0.29323717059966037,0.8791753372668059,850
aquatic,18887,310117,0.11376740323053314,0.26005585935504183,0.8591423165846787,714.2857142857143
aquatic,18891,309161,0.02842671957947962,0.1138595273724956,0.20981151535612624,250
aquatic,18904,311416,0.060697949969749795,0.19459782753512794,0.687745129877749,750
aquatic,18975,313357,0.18892224185600903,0.3557656590672101,1.3275715801228478,1190
aquatic,18997,314224,0.24248722846066995,0.5798580382704089,1.7976004689983265,1775
aquatic,19004,309610,0.044918218487394954,0.12464559999999983,0.45789115646258427,400
aquatic,19070,310361,0.06301196453103616,0.12278910962326686,0.41152075943610433,434
aquatic,19130,310952,0.15918962964508585,0.6376133532859755,1.1749444859943072,1400
aquatic,19153,310381,0.07666433652437166,0.15164782753512818,0.4192077149117628,375
aquatic,19214,312673,0.31916261079774316,0.6369764489795924,1.9705357142857143,2333.3333333333335
aquatic,19217,309673,0.0469741723007298,0.09271255653359706,0.46801923315390004,400
aquatic,19310,310371,0.09497309295686526,0.22989415099921834,0.8433903319004902,776.6666666666666
aquatic,19385,313996,0.07302971428571428,0.15340548571428556,0.588707482993196,400
aquatic,19520,314310,0.08551491619417334,0.18536504689203148,0.5460097280975711,592.8571428571429
aquatic,19670,312177,0.03995804166026746,0.1064061678268595,0.22098514211886316,275
aquatic,19770,312633,0.05502857261029362,0.10279307199601799,0.3578493463876764,360
aquatic,19838,312594,0.0317516372867242,0.059792547742388256,0.22312127397022655,200
aquatic,20203,313567,0.03766760367327882,0.07209769059953111,0.24557025356206327,220
aquatic,20218,309311,0.09940886935438079,0.1845564028510703,0.7643404452791748,600
aquatic,20269,309957,0.08255425694548293,0.15546062413020945,0.580115312322589,520
aquatic,20314,310619,0.10954457142857144,0.2301082285714283,0.8830612244897937,600
aquatic,20316,313520,0.08003726462383058,0.1757135175216721,0.6502143050478171,700
aquatic,20430,313975,0.07160083844296374,0.1610770753873858,0.5527757465393454,585.7142857142858
aquatic,20501,309217,0.13089312216586188,0.3387283747004283,0.9061939273475108,905
aquatic,20532,313402,0.13417876796287975,0.30926148200912973,1.1265309807340036,1000
aquatic,20540,314104,0.05990367770781668,0.19196376215226985,0.5630140370221792,612.5
aquatic,20594,311436,0.09197450459159853,0.18234689346919392,0.6757269892881799,716.6666666666667
aquatic,20650,311509,0.12993392935754333,0.3366924780260114,1.1145942012638321,1083.3333333333333
aquatic,20728,310049,0.05602240896358543,0.31961904761904697,1.0902494331065755,1333.3333333333333
aquatic,20779,310167,0.10104565152422873,0.2664307383419192,0.938023911648727,1000
aquatic,20940,311604,0.02842671957947962,0.1138595273724956,0.20981151535612624,250
aquatic,20941,309132,0.3968954660840525,0.7474068467798533,2.7890159246278317,2500
aquatic,20949,309478,0.06139987394957983,0.18577128571428542,0.6745748299319718,625
aquatic,21002,311789,0.14012140813846832,0.3540098065434984,0.838692307023852,833.3333333333333
aquatic,21033,312368,0.06122765272775777,0.3131710164203607,1.0207671957671955,1250
aquatic,21235,310352,0.11970089549038784,0.24607113197465785,1.1530511267006802,1212.5
aquatic,21267,311135,0.06018683697478995,0.13322286758241741,0.5192324526709907,633.3333333333334
aquatic,21285,313915,0.1343254360857323,0.21293748110380958,1.206214550106032,872
aquatic,21328,314054,0.08838613450020516,0.2739510993462807,0.802182464145637,812
aquatic,21337,309791,0.03749504201680672,0.07684335164835146,0.34070294784580485,416.6666666666667
aquatic,21341,309909,0.04737786596579936,0.18976587895415936,0.3496858589268771,416.6666666666667
aquatic,21362,310039,0.1321491329167858,0.3428706311990621,1.1850837123131788,1300
aquatic,21365,310941,0.20517596408426345,0.4094848600583093,1.2667729591836732,1500
aquatic,21371,310781,0.06727453635708411,0.22437666052432997,0.4697080411467521,520
aquatic,21375,310226,0.059872940233095834,0.18563234361249917,0.47770720993395055,475
aquatic,21428,311844,0.15875818643362102,0.29896273871194123,1.1156063698511327,1000
aquatic,21449,309552,0.054493012950307895,0.15088016964038475,0.3909704862551276,400
aquatic,21458,311577,0.04174847572901568,0.12140466936592034,0.28062689459115897,333.3333333333333
aquatic,21539,311615,0.006507563025210085,0.013535657142857148,0.02469387755102041,22.000000000000004
aquatic,21540,311387,0.04201680672268908,0.23971428571428524,0.8176870748299317,1000
aquatic,21581,311954,0.07937909321681051,0.14948136935597062,0.5578031849255664,500
aquatic,21600,310206,0.12172089173109717,0.2329577226839742,0.9016757498644409,875
aquatic,21604,313855,0.07618095523208773,0.1913710293338938,0.5407896029296899,540.25
aquatic,21616,309151,0.18257428571428572,0.38351371428571385,1.4717687074829897,1000
aquatic,21630,309600,0.05913317209322883,0.23226888652341687,0.4336982858142933,516.6666666666666
aquatic,21657,311711,0.15875818643362102,0.29896273871194123,1.1156063698511327,1000
aquatic,21658,312545,0.02511718277310923,0.05431801450549452,0.40408163265306124,330
aquatic,21682,310550,0.026459697738936833,0.04982712311865688,0.18593439497518874,166.66666666666666
aquatic,21693,310942,0.1614494788505159,0.3132753133792944,1.0645123685990356,1100
aquatic,21767,311006,0.03274858755092512,0.06447578211295228,0.2648769635157255,287.5
aquatic,21770,311024,0.280774633186608,0.6002315566502464,1.1063869992441422,1033.3333333333333
aquatic,21777,310265,0.05334275064169666,0.10045148020721227,0.3748437402699806,336
aquatic,21825,310601,0.1640501259814084,0.30892816333567263,1.15279324884617,1033.3333333333333
aquatic,21827,309975,0.06582901187399053,0.15926990017136847,0.45467195701227914,442.85714285714283
aquatic,21977,313171,0.028011204481792715,0.15980952380952348,0.5451247165532878,666.6666666666666
aquatic,21987,310969,0.054493012950307895,0.15088016964038475,0.3909704862551276,400
aquatic,22039,312456,0.04283226476143501,0.1620669888776132,0.298456170134699,350
aquatic,22084,310790,0.08829588845824049,0.19758114007064345,0.7557367166135556,921.4285714285713
aquatic,22093,311850,0.32689995798319327,0.6865304285714278,2.6036564625850276,1775
aquatic,22098,310186,0.30766810800032346,0.6214657689561409,1.6972838203539384,1487.5
aquatic,22203,309860,0.029800130463144114,0.08545069873663746,0.27703373015873006,333.3333333333333
aquatic,22242,311114,0.059572739871930694,0.20135135199188137,0.5382966057622889,540
aquatic,22271,309820,0.029178350764465164,0.07276449301718683,0.25396954236239944,318.1818181818182
aquatic,22274,312369,0.024009603841536616,0.13697959183673444,0.4672497570456753,571.4285714285714
aquatic,22310,312282,0.02100840336134454,0.11985714285714262,0.4088435374149659,500
aquatic,22317,312157,0.12079876510534958,0.23839338205877747,0.9175961191218075,750
aquatic,22391,312969,0.05136188279856159,0.11966282330545255,0.43555711636174244,428.57142857142856
aquatic,22395,313035,0.19844343464502964,0.45143134727791645,1.544400414567406,1500
aquatic,22399,312263,0.035859631929478504,0.10927102640403955,0.24404001340034942,290
aquatic,22405,311945,0.08489994983977717,0.27355559930913265,0.9763538961089747,999.9999999999999
aquatic,22408,313997,0.06243092227198895,0.1658283065759818,0.44675080474768425,450
aquatic,22414,311510,0.06255215271661707,0.20308413173475606,0.3732861021074881,416.66666666666663
aquatic,22425,309123,0.10448089508904554,0.3174078763585736,0.7543049416675922,800
aquatic,22474,310658,0.05270381215667218,0.13595491030396456,0.4259330653534465,450
aquatic,22551,309255,0.34133247214790674,0.682476452997655,2.5873750773341224,2000
aquatic,22596,311681,0.15102178467722915,0.4911119301769442,1.3081235113916019,1428.5714285714284
aquatic,22617,311909,0.09475573193159872,0.3795317579083187,0.6993717178537542,833.3333333333334
aquatic,22653,309301,0.10334800698270345,0.2482813370477921,0.7666439556428819,660
aquatic,22659,312398,0.06822412699075109,0.27326286569398944,0.503547636854703,600
aquatic,22699,313690,0.08414231307294345,0.16639156447072517,0.6290356524519378,500
aquatic,22704,311703,0.1137774907159689,0.22749215099921838,0.862458359111374,666.6666666666666
aquatic,22720,310236,0.056629281437474026,0.10993264505149997,0.4387118342680477,452
aquatic,22721,309984,0.09304910106706335,0.30208969375431055,0.7898934359076706,840
aquatic,22722,312546,0.05953431991260788,0.11211102701697799,0.41835238869417474,375
aquatic,22723,309850,0.1270065491468968,0.23917019096955303,0.8924850958809062,800
aquatic,22751,313945,0.08685076279815895,0.26691044642503936,0.7337479249708818,785.7142857142858
aquatic,22874,314272,0.11337099173880344,0.22602419357129547,0.8943176994527593,830
aquatic,22904,312745,0.15875818643362102,0.29896273871194123,1.1156063698511327,1000
aquatic,22996,310481,0.31751637286724205,0.5979254774238825,2.2312127397022654,2000
aquatic,23072,314337,0.008201411235758523,0.01449707167180837,0.05064725913621262,61.5
aquatic,23143,312717,0.10702114031165519,0.32167913173475615,0.8287704663958391,1000
aquatic,23236,312802,0.04031407683374496,0.1645922664201146,0.34802498146546157,425
aquatic,23253,312593,0.18495163065226095,0.45820683923834776,1.1221230158730158,1125
aquatic,23254,313787,0.034331049736808034,0.09146247534507447,0.24571576626015532,247.77777777777777
aquatic,23368,312148,0.20729037072781492,0.44175127575991124,1.4940843640638868,1250
aquatic,23452,313956,0.07764306429388079,0.18291872475409715,0.6650169184687554,657.1428571428571
aquatic,23478,312437,0.01218287981977698,0.048796940302498114,0.08991922086691126,107.14285714285714
aquatic,23487,310696,0.18690605542121608,0.3668315650097813,1.3184181612343528,1250
aquatic,23585,312708,0.1382562458808808,0.36733694396116634,0.9893679452158239,996.6666666666667
aquatic,23722,313250,0.03293185039104987,0.09821199029469149,0.23744754619878905,250
aquatic,23756,314026,0.07410418729727954,0.1665404326962957,0.46186377726802796,498
aquatic,23774,312303,0.0862446502370321,0.210672717382773,0.6140917602253542,600
aquatic,23879,309339,0.041060934214390624,0.1129143917395262,0.3307085947257813,375
aquatic,23895,309964,0.06181871734677997,0.1240003612138949,0.4499366625488843,350
aquatic,23977,310762,0.11906863982521576,0.22422205403395598,0.8367047773883495,750
aquatic,23990,311817,0.09645234753345322,0.18382756832213493,0.7256281517351852,666.6666666666666
aquatic,24134,312109,0.08731779297703207,0.1776650278805615,0.6765239641361853,500
aquatic,24246,312919,0.1270065491468968,0.23917019096955303,0.8924850958809062,800
aquatic,24271,311547,0.0635032745734484,0.11958509548477651,0.4462425479404531,400
aquatic,24273,312242,0.12390525074343797,0.2873749286529065,0.9330820054291546,912.5
aquatic,24282,312380,0.0795637008309079,0.14056829971758075,0.593419418688752,500
aquatic,24287,309401,0.07401570202593814,0.1914871410689562,0.46505211890818876,466
aquatic,24321,313916,0.10534956301049973,0.28887957284996024,0.7553817891253867,770
aquatic,24414,311220,0.14814058201610208,0.41947591188784816,1.1555073844537473,1000
aquatic,24434,313036,0.07836759275247268,0.2815445881867461,0.7382454403933343,833.3333333333333
aquatic,24569,312417,0.017436974789915967,0.09948142857142839,0.33934013605442165,415
aquatic,24633,312149,0.007394957983193277,0.015381428571428575,0.02806122448979592,25
aquatic,24712,313946,0.10871602878621639,0.3458399681380626,0.7483579270381585,813
aquatic,24860,311616,0.20434879856365462,0.5658006361514428,1.4661393234567281,1500
aquatic,24932,309330,0.04789218020955557,0.20075357677302907,0.4169281573879309,500
aquatic,24936,312614,0.15875818643362102,0.29896273871194123,1.1156063698511327,1000
aquatic,25015,309840,0.1322984886946842,0.2491356155932844,0.929671974875944,833.3333333333334
aquatic,25076,311790,0.11318164122954938,0.33706795370869086,0.7616623782770765,806.25
aquatic,25162,309409,0.13094928609791448,0.331003363092491,0.7746988773960979,777.7777777777778
aquatic,25222,314225,0.14424589025152917,0.32875901662617946,1.007962461366462,1020
aquatic,25228,312216,0.05019374828907752,0.1346692561065566,0.4833233611702661,500
aquatic,25245,313865,0.20948080168349287,0.5782265226231293,1.3782198664314698,1500
aquatic,25254,312199,0.07580458554527898,0.30362540632665497,0.5594973742830034,666.6666666666666
aquatic,25370,310806,0.14218655719593593,0.39833816799440497,1.066466800045783,1000
aquatic,25381,312370,0.052521008403361345,0.29964285714285654,1.0221088435374146,1250
aquatic,25393,309467,0.0059159663865546224,0.012305142857142862,0.022448979591836737,20
aquatic,25527,310998,0.04046529997983319,0.12973188502341862,0.4584967532518326,500
aquatic,25529,310970,0.12502266464538195,0.2453597979273991,0.9257453617963138,750
aquatic,25750,312207,0.09949351852817867,0.3985083458037346,0.7343403037464419,875
aquatic,25797,311975,0.1346475298016826,0.28439782753512827,0.8185699598097219,875
aquatic,25842,309437,0.1270065491468968,0.23917019096955303,0.8924850958809062,800
aquatic,25891,309810,0.05677244030032097,0.11669065350975562,0.551734693877551,533.3333333333334
aquatic,25925,311798,0.17375620324034372,0.3297000793712818,1.2518875489894548,1166.6666666666667
aquatic,25926,309171,0.18237863474156749,0.36398654227405275,1.126020408163265,1333.3333333333333
aquatic,26256,310227,0.17862630021794484,0.5010933715770227,1.3464395877184234,1250
aquatic,26282,312746,0.07249063311837513,0.18776497843159345,0.5545079012211139,600
aquatic,26672,311183,0.044918218487394954,0.12464559999999983,0.45789115646258427,400
aquatic,26775,311834,0.13316712042122605,0.4029727886840603,0.8989214485718613,1000
aquatic,26815,311585,0.07770775565906635,0.22662954953997877,0.8072743837903704,857.1428571428571
aquatic,26834,309920,0.04135976297050889,0.09255247248697561,0.3244512600545538,333.3333333333333
aquatic,26912,314262,0.08672679756446795,0.17205252942790153,0.5981275731158721,485.7142857142857
aquatic,26978,314027,0.07890835092854703,0.15152232851136627,0.5323266981136427,523.3333333333333
aquatic,27034,312755,0.06605249544400157,0.18432958511481928,0.5166720921188162,625
aquatic,27283,311025,0.29735502608995984,0.6150364654150839,1.415654658848469,1300
aquatic,27339,313805,0.04905855604815259,0.1260225496660962,0.33901660096863245,360
aquatic,27341,313587,0.18195774459219338,0.6338873182145034,1.1661952349272289,1333.3333333333335
aquatic,27424,313103,0.18622041451450738,0.5437281308191507,1.3407606710502837,1400
aquatic,27577,311920,0.06352307717670057,0.12716003338445842,0.5329541069986684,625
aquatic,27615,309929,0.07782481793347924,0.15785219265494238,0.6901792141275112,843.75
aquatic,27628,309457,0.05910843249795933,0.11439052908349617,0.39202433519471636,400
aquatic,27709,311899,0.05953431991260788,0.11211102701697799,0.41835238869417474,375
aquatic,27768,311230,0.07937909321681051,0.14948136935597062,0.5578031849255664,500
aquatic,27798,313395,0.08606400657644021,0.23226577403412174,0.7090023089500943,726.6666666666666
aquatic,27847,311162,0.02842671957947962,0.1138595273724956,0.20981151535612624,250
aquatic,28068,314135,0.19478016305649087,0.513997810371323,1.3932691296513426,1400
aquatic,28076,314124,0.2736991817350146,0.715162240150081,2.1727175047050227,2115
aquatic,28079,314115,0.07038964013862942,0.2107165046740773,0.4920139851778378,520.2
aquatic,28088,311712,0.15875818643362102,0.29896273871194123,1.1156063698511327,1000
aquatic,28095,310246,0.24162254825387114,0.5745534334157043,1.6641651456341107,1716.6666666666667
aquatic,28096,313094,0.08661751779688068,0.2582977382494137,0.8936282970981255,1000
aquatic,28313,309881,0.27513846357702954,0.5354784186817929,1.5995603855659457,1466.6666666666665
aquatic,28341,313767,0.06993612543647584,0.1421159714734246,0.582704081632653,600
aquatic,28346,313331,0.08713484998844499,0.22005937665519504,0.7645161822406268,806.6666666666666
aquatic,28350,311995,0.20891820313678514,0.5100313698299939,1.4480026553954677,1166.6666666666667
aquatic,28361,313986,0.2392971717396245,0.6485049693967715,1.714539630631136,1740
aquatic,28364,312709,0.02842671957947962,0.1138595273724956,0.20981151535612624,250
aquatic,28466,310040,0.06739087635054031,0.1656197678571429,0.5352962347729789,650
aquatic,28472,312024,0.1966604792062605,0.45077544187526875,1.3953550569926345,1333.3333333333333
aquatic,28510,313679,0.09960925792116136,0.18602455519952732,0.6848646026668646,675
aquatic,28607,310098,0.11973727042546134,0.3813865610188236,0.7072793816993103,800
aquatic,28610,310570,0.15053350282065206,0.3197435142290284,1.0772589672384916,1140
aquatic,28631,311568,0.06624293910340659,0.20028625634356834,0.5588652732759656,533.3333333333333
aquatic,28643,310932,0.05701580636420142,0.13556490587414358,0.3894547591125033,408.3333333333333
aquatic,28671,311045,0.424897354807348,1.3811771466330887,2.943508667133369,3500
aquatic,28720,314215,0.27596783309657713,0.6212899977315879,2.0791588702824524,1725
aquatic,28893,310953,0.13623253237576977,0.37720042410096183,0.9774262156378188,1000
aquatic,28940,310088,0.08428279588323707,0.17036687117028396,0.6136225340136046,532
aquatic,28950,310954,0.07141126019819663,0.23789672388312694,0.5190492220178069,571.4285714285714
aquatic,28955,312535,0.0317516372867242,0.059792547742388256,0.22312127397022655,200
aquatic,29062,312129,0.05416796381733647,0.1741810477423883,0.5133380118281605,600
aquatic,29136,312035,0.1816433765010263,0.5029338988012825,1.3032349541837585,1333.3333333333333
aquatic,29397,312476,0.060570720410956874,0.14345668549578464,0.4249839835849216,425
aquatic,29467,311094,0.05749643349135475,0.140448478255182,0.4093945068169027,400
aquatic,29699,314084,0.2778268262588368,0.5231847927458972,1.952311147239482,1750
aquatic,29869,309541,0.08375411616274069,0.22345764950873503,0.8180541053630741,733.3333333333333
aquatic,29991,309418,0.18257428571428572,0.38351371428571385,1.4717687074829897,1000
aquatic,30155,310878,0.08533311803697669,0.17061911324941376,0.6468437693335306,500
aquatic,30163,313747,0.0835489088821533,0.2060683007491759,0.6383552101757265,499.1666666666667
aquatic,30189,310147,0.4216256658552059,1.0140596902038728,2.6080631240273657,2700
aquatic,30323,310733,0.11261004913880499,0.33532160817191337,0.9440411217032699,1000
aquatic,30714,312767,0.03386380802320931,0.08847647105911331,0.22372831303063867,275
aquatic,30829,310382,0.0317516372867242,0.059792547742388256,0.22312127397022655,200
aquatic,30911,309236,0.07937909321681051,0.14948136935597062,0.5578031849255664,500
aquatic,30941,310551,0.17860295973782364,0.33633308105093396,1.2550571660825243,1125
aquatic,31106,313927,0.010037766410912185,0.013114502645502646,0.09198554421768686,62.5
aquatic,31235,310677,0.11700903133221541,0.23295996052302806,0.615066068861942,550
aquatic,31241,313133,0.14109688170361123,0.3150671156244207,0.8723712230809437,962.5
aquatic,31252,309188,0.2272782528806761,0.45710994078454215,1.1190276747214847,1000
aquatic,31263,313419,0.11372177918284475,0.27564603958560907,0.7900636798735294,770
aquatic,31265,313024,0.14005244445272458,0.456632696403201,1.0709651583132755,1050
aquatic,31351,310511,0.26143157436307857,0.6076923537198423,2.357679516250943,2566.6666666666665
aquatic,31354,313599,0.1651689613351249,0.31240632198069584,1.1802865460924792,1054
aquatic,31517,311309,0.1322984886946842,0.2491356155932844,0.929671974875944,833.3333333333334
aquatic,31535,314074,0.03960524120980219,0.16424422189799637,0.39640363405360846,471.5
aquatic,31687,312272,0.06166033178163666,0.1883524157920042,0.5543427358822437,625
aquatic,31688,309627,0.020762596988795512,0.04362801098901094,0.2552721088435374,250
aquatic,31734,311240,0.18257428571428572,0.38351371428571385,1.4717687074829897,1000
aquatic,31789,310372,0.07122981971764895,0.17242061324941374,0.6325427489253677,582.5
aquatic,31889,312399,8.403361344537816e-4,0.03171428571428573,0.06275510204081633,100
aquatic,32018,312756,0.21363713071887888,0.6984197053596298,1.5486848369347093,1875
aquatic,32055,313632,0.11564271252437479,0.25524182580796073,0.9345312306944057,900
aquatic,32084,311406,0.11561147390924623,0.2818293319515992,1.0369028035558185,933.3333333333333
aquatic,32192,309302,0.1331835089788045,0.3655925684482601,1.0519009238038965,1016.6666666666666
aquatic,32221,313617,0.09897183380759922,0.1938593531400818,0.788149703164351,840
aquatic,32239,311417,0.049032800311934285,0.09546215213799261,0.33631855288179113,328
aquatic,32418,311642,0.11398664671347969,0.227491588921283,0.7037627551020408,833.3333333333334
aquatic,32624,312187,0.21503598397311302,0.43352679792739895,1.4620548856058366,1150
aquatic,32734,312006,0.175922078984175,0.4519411087789472,1.256327808100602,1250
aquatic,32739,310168,0.052919395477873665,0.09965424623731375,0.3718687899503775,333.3333333333333
aquatic,32785,309152,0.12214475800671393,0.2834676533334194,0.9279589446920493,766.6666666666666
aquatic,32796,310869,0.3704357683451157,0.6975797236611964,2.6030815296526426,2333.3333333333335
aquatic,32876,309133,0.07937909321681051,0.14948136935597062,0.5578031849255664,500
aquatic,32980,311463,0.04564357142857143,0.09587842857142846,0.36794217687074743,250
aquatic,33025,310041,0.06299210204629797,0.1116443374635569,0.39718308350471965,500
aquatic,33026,312200,0.07580458554527898,0.30362540632665497,0.5594973742830034,666.6666666666666
aquatic,33033,311338,0.0635032745734484,0.11958509548477651,0.4462425479404531,400
aquatic,33094,312390,0.051398717713722016,0.19448038665313583,0.3581474041616388,420
aquatic,33247,313510,0.07942437717244039,0.1800789467060878,0.6573834106506966,640
aquatic,33264,311653,0.11569873493333836,0.21981706390319894,0.7811525458871496,700
aquatic,33376,313209,0.28616982057456986,0.829241691564003,2.053366771881548,2150
aquatic,33524,310501,0.11291146270476442,0.22260360887467612,0.9169935065036652,1000
aquatic,33629,312899,0.41458074145562984,0.8835025515198225,2.9881687281277736,2500
aquatic,33636,312358,0.05366575943028004,0.11406881353169204,0.3890145159124525,416.66666666666663
aquatic,33656,309646,0.17870951383293032,0.36942160398445073,1.3330605158730136,1083.3333333333333
aquatic,33703,314016,0.060387391201705276,0.13750604278815584,0.5128802601704023,509.83333333333337
aquatic,33841,311163,0.07723438861389159,0.24196779153838124,0.5588196985400287,600
aquatic,33907,312150,0.03662413465386156,0.10051304926108373,0.20039682539682552,250
aquatic,34060,312831,0.07858601367932887,0.15989852509250535,0.6088715677225668,450
aquatic,34068,310773,0.11482646689536068,0.22945736800179425,0.724673469387755,860
aquatic,34109,312563,0.1857014860071666,0.34470233974824144,1.1318942817615274,1250
aquatic,34165,314292,0.09277778190252291,0.21676997039227097,0.6169390074287695,607.5
aquatic,34185,311586,0.03790229277263949,0.15181270316332748,0.2797486871415017,333.3333333333333
aquatic,34186,309949,0.2558404762153166,1.0247357463524605,1.8883036382051366,2250
aquatic,34214,313895,0.03636103641456581,0.07814516043956046,0.5122448979591837,420
aquatic,34310,313557,0.06524436235675425,0.1608876677365682,0.48242609711230183,436.66666666666663
aquatic,34372,312167,0.0531130356881324,0.1252548502156582,0.32765841579513033,350
aquatic,34460,311519,0.11601944395817412,0.22618377496635214,0.7569395640165641,800
aquatic,34602,313907,0.5556536525176736,1.0463695854917945,3.904622294478964,3500
aquatic,34616,313856,0.1667373706158124,0.43417786441275996,1.1883411015690797,1196.9999999999998
aquatic,34630,311936,0.11370687831791848,0.4554381094899824,0.839246061424505,1000
aquatic,34642,310059,0.02100840336134454,0.11985714285714262,0.4088435374149659,500
aquatic,34645,309369,0.20918047495958078,0.5399498745700643,1.1278373164265383,1230
aquatic,34821,310412,0.10019634174963765,0.2913712064782088,0.6735045470187817,800
aquatic,34939,312324,0.046555103628626845,0.13593203270478768,0.33519016776257093,350
aquatic,35245,313294,0.05715294711610357,0.10762658593629887,0.40161829314640773,360
aquatic,35387,312736,0.3596700543322667,0.8500743975002583,2.7247594080359656,2425
aquatic,35658,313606,0.12056485870957853,0.5032619659915045,1.034520804986933,1240
aquatic,35670,312488,0.07190663591798621,0.16752795262763356,0.6097799629064394,600
aquatic,35678,310638,0.06047899159663873,0.14863312500000006,0.4803940568475453,583.3333333333334
aquatic,35703,310753,0.30826176079060186,0.5842389406705053,2.2125132344395215,2050
aquatic,35712,309745,0.08195496238495398,0.1959990734369078,0.7721655328798187,800
aquatic,35811,311046,0.055718782513005216,0.17893292118226584,0.8883830793299231,1083.3333333333333
aquatic,35971,312201,0.04548275132716739,0.18217524379599298,0.3356984245698021,400
aquatic,36010,312427,0.10898602590061579,0.3017603392807695,0.7819409725102552,800
aquatic,36134,311164,0.0965429857673645,0.30245973942297655,0.6985246231750357,750
aquatic,36331,310971,0.05685343915895924,0.2277190547449912,0.4196230307122525,500
aquatic,36491,313073,0.06692499771877003,0.17955900814207548,0.6444311482270213,666.6666666666666
aquatic,36495,312080,0.08291542909131905,0.16112892755599492,0.6444311482270213,666.6666666666666
aquatic,36497,314317,0.03235707550666139,0.11063055097378577,0.2738971364212265,328.33333333333337
aquatic,36501,312757,0.08303530860625445,0.3096628146735813,0.6211951609806325,742.8571428571429
aquatic,36587,311047,0.03790229277263949,0.15181270316332748,0.2797486871415017,333.3333333333333
aquatic,36603,311594,0.09087933652437165,0.1821551846779852,0.6678896877008775,518.75
aquatic,36609,310763,0.04067305752867664,0.10675688680490468,0.29084015265325186,291.66666666666663
aquatic,36648,309882,0.06284222306671634,0.12214618678343712,0.33494824521098326,287.5
aquatic,36787,311791,0.05433068249679748,0.18834005645775242,0.5637698455096226,571.4285714285714
aquatic,36790,313987,0.1157920211730741,0.47317214501988064,1.0019527454247834,1193.6666666666667
aquatic,36827,309900,0.1322984886946842,0.2491356155932844,0.929671974875944,833.3333333333334
aquatic,36913,314293,0.08324122969598527,0.2211044087679757,0.5956677396635789,600
aquatic,37022,311339,0.03523056770035935,0.08815995434619196,0.2601696200609169,250
aquatic,37023,311595,0.019844773304202628,0.037370342338992654,0.1394507962313916,125
aquatic,37040,311501,0.04984398006588349,0.09898703937821979,0.2661164656817515,238
aquatic,37057,312785,0.044905093893087666,0.19176508411570836,0.41602986627982363,500
aquatic,37063,310602,0.09542320715159872,0.1898847531457839,0.5032203231376329,450
aquatic,37076,311471,0.1546709704942294,0.33332589148940583,1.0109333470965223,1000
aquatic,37127,309792,0.15875818643362102,0.29896273871194123,1.1156063698511327,1000
aquatic,37153,311713,0.15875818643362102,0.29896273871194123,1.1156063698511327,1000
aquatic,37173,311192,0.08239187156804026,0.3895277837160638,1.0310917546184868,1250
aquatic,37293,313433,0.03536442776562676,0.09913209935860053,0.30475510204081624,360
aquatic,37689,312428,0.07571690987407136,0.15351622396548614,0.6323108163265293,503.4
aquatic,37721,314282,0.0793708544199915,0.1809821300421668,0.5731432517874767,525
aquatic,37859,312909,0.08329216822729092,0.1910648657824931,0.6509297052154195,800
aquatic,37904,310089,0.06367585185803436,0.25504534131439016,0.46997779439772286,560
aquatic,37952,313866,0.08931889439862521,0.23053110250969552,0.6636556023275386,642.8571428571429
aquatic,38130,312960,0.09834645990364398,0.19431053927760666,0.7534447536691977,666.6666666666666
aquatic,38133,310472,0.08998810084033614,0.1844240439560435,0.8176870748299317,1000
aquatic,38295,310023,0.15574477475373696,0.32840116674142183,1.110083451985445,1333.3333333333333
aquatic,38425,313163,0.0720304035989396,0.15730585054945062,0.5776115329852871,531.25
aquatic,38428,312447,0.16568490281640563,0.35707771823917045,1.1232298065792505,1066.6666666666667
aquatic,38429,313284,0.030043572421836848,0.07690705339224277,0.24164352099172423,200
aquatic,38439,314204,0.41411764705882353,0.8613600000000002,1.5714285714285714,1400
aquatic,38443,313680,0.105190723684282,0.2648863780102134,0.768247817496256,746
aquatic,38446,311740,0.10491503927933075,0.20572109548477654,0.6033854050833102,540
aquatic,38462,312573,0.01050420168067227,0.05992857142857131,0.20442176870748294,250
aquatic,38469,309883,0.09405327203532204,0.1986581204913991,0.488867123622203,449.99999999999994
aquatic,38613,313957,0.057189742156145626,0.18613253334368937,0.5378749109589477,588
aquatic,38615,309831,0.12285589294047185,0.43978821958015557,1.2373101055421842,1500
aquatic,38641,313936,0.058687336805267054,0.26689804582484666,0.6593898549390957,797.1428571428571
aquatic,38675,311732,0.13272863710228866,0.30339850258088213,1.002332702682125,833.3333333333333
aquatic,38706,313757,0.15488661928172023,0.412328545899615,1.1085099640953269,1117.5
aquatic,38716,313251,0.08708337283633691,0.18157028983762938,0.6127568091725829,537.5
aquatic,38719,310591,0.25159683603361976,0.6007019965456648,2.2106810451707264,2000
aquatic,38820,309726,0.10038749657815504,0.2693385122131132,0.9666467223405322,1000
aquatic,38823,310609,0.08038325501629226,0.19842016836734677,0.713789070445453,642.8571428571429
aquatic,38836,310473,0.05492929370323464,0.11059208360170439,0.39155654761904746,470
aquatic,38847,309735,0.1302517365796589,0.5071755526913595,0.9292525158134896,1125
aquatic,38851,312889,0.07860524457761943,0.16567094193598692,0.5944496427720297,555.5555555555557
aquatic,38904,310697,0.01349821512605042,0.02766360659340653,0.12265306122448975,150
aquatic,38994,313661,0.08475491162464985,0.179214948131868,0.8359591836734681,610
aquatic,39017,312359,0.025210084033613443,0.14382857142857117,0.490612244897959,600
aquatic,39027,314173,0.025438655462184875,0.052912114285714296,0.09653061224489798,86
aquatic,39037,313965,0.02759436399217219,0.07452241924198247,0.2162474489795918,250
aquatic,39043,310943,0.2818637648841791,0.5446536547469268,1.8756701453613367,1900
aquatic,39046,312178,0.11955021875416834,0.2823638752052544,0.7952003023431585,700
aquatic,39094,309506,0.029505135387488342,0.0655238095238095,0.5490217792543374,666.6666666666666
aquatic,39183,312208,0.04548275132716739,0.18217524379599298,0.3356984245698021,400
aquatic,39184,312418,0.20791465864829756,0.4090118341903286,1.5034609395924017,1285.7142857142858
aquatic,39210,310187,0.13322957566941587,0.26411760169411713,0.9467474696187879,860
aquatic,39368,310659,0.10583879095574733,0.1993084924746275,0.743737579900755,666.6666666666666
aquatic,39389,313238,0.1688227893899092,0.41790491649051775,1.2100984709374105,1116.6666666666667
aquatic,39436,310148,0.16487720441869605,0.35303535805591524,1.0773552849950696,987.5
aquatic,39451,312438,0.009475573193159873,0.03795317579083187,0.06993717178537542,83.33333333333333
aquatic,39468,310198,0.2462018719209288,0.5269729602832804,1.775103484679745,1741.6666666666667
aquatic,39471,312910,0.17997620168067227,0.368848087912087,1.6353741496598635,2000
aquatic,39475,313452,0.2071621861736758,0.45687828225995075,1.6928239023135845,1500
aquatic,39502,313007,0.31093285909244645,0.604233478334981,2.4166168058513304,2500
aquatic,39654,309331,0.06822412699075109,0.27326286569398944,0.503547636854703,600
aquatic,39695,309359,0.0485650260104042,0.16483797619047608,0.5470732479038125,666.6666666666666
aquatic,40052,310078,0.07244406052358295,0.13796300334659922,0.47437760208286694,500
aquatic,40055,313768,0.04387758403361344,0.14752537087912054,0.562159863945578,687.5
aquatic,40061,310237,0.3833735469601825,0.786695680485155,2.723878785308092,2516.6666666666665
aquatic,40071,312554,0.15875818643362102,0.29896273871194123,1.1156063698511327,1000
aquatic,40117,313716,0.06438109016762344,0.22776425655986163,0.5057477027453602,564.2857142857142
aquatic,40138,310743,0.11370687831791848,0.4554381094899824,0.839246061424505,1000
aquatic,40161,312340,0.06713688656690793,0.24496774187021167,0.48738947062154947,550
aquatic,40172,311490,0.028011204481792715,0.15980952380952348,0.5451247165532878,666.6666666666666
aquatic,40188,311357,0.16272753631373182,0.3130545679742367,1.1749667594564424,1000
aquatic,40226,309727,0.08416802034664035,0.16118439912860583,0.6262506162840695,620
aquatic,40235,310724,0.07277240212346782,0.2914803900735888,0.5371174793116832,640
aquatic,40262,309861,0.08744181833441969,0.18053749052744347,0.6184409841945898,642.8571428571429
aquatic,40298,310774,0.08533311803697669,0.17061911324941376,0.6468437693335306,500
aquatic,40311,313588,0.09752343471384034,0.35367330510285644,0.6638650971721635,800
aquatic,40324,310860,0.04513806462933399,0.08902693425933451,0.2083237093286927,216.66666666666669
aquatic,40342,311427,0.10583879095574733,0.1993084924746275,0.743737579900755,666.6666666666666
aquatic,40364,313886,0.11330874975330689,0.2965873242658241,0.8011067837691761,826
aquatic,40476,313806,0.053051833359076955,0.1343285210946676,0.35416966219312224,373.5
aquatic,40671,312223,0.16499845482129355,0.3223599210460561,0.9682273758191223,866.6666666666666
aquatic,40714,311456,0.06814059663865546,0.14198443956043932,0.5723639455782303,500
aquatic,40723,311358,0.03324557734425597,0.1510161933265678,0.372270980992384,450
aquatic,40727,311231,0.04201680672268908,0.23971428571428524,0.8176870748299317,1000
aquatic,40817,310011,0.060697949969749795,0.19459782753512794,0.687745129877749,750
aquatic,40896,311792,0.07129973563938352,0.24676588392609886,0.7180453161871002,800
aquatic,40905,309283,0.06383288204446563,0.2036980988010671,0.5832809031112283,775
aquatic,40911,310228,0.14271055877213537,0.37164089086286306,0.9503001443778043,1000
aquatic,40948,311290,0.015044589216550955,0.04341301877872097,0.1082331973315882,112.5
aquatic,41004,312381,0.029107462407684158,0.05588210866999472,0.21777855818087122,214.28571428571428
aquatic,41019,312314,0.13415286331990453,0.6178467978010744,1.1929798800102362,1400
aquatic,41120,309237,0.014005602240896357,0.07990476190476174,0.2725623582766439,333.3333333333333
aquatic,41150,310580,0.10179134453781513,0.2516854285714282,0.9403061224489778,750
aquatic,41178,310714,0.19050982372034522,0.3587552864543295,1.3387276438213591,1200
aquatic,41257,312110,0.11841589667198706,0.2908417933265679,0.6866927496998664,600
aquatic,41462,312489,0.1708333457075687,0.331892054033956,1.033133348816921,925
aquatic,41493,313377,0.05100271670311954,0.164133190962099,0.5382036564625848,650
aquatic,41499,313053,0.21836049031073068,0.42506855926215037,1.4294275974208834,1500
aquatic,41514,310512,0.22883197999199684,0.4949427119363388,1.8610657596371858,1800
aquatic,41517,310079,0.08547060325521746,0.20827735383873225,0.5239839389263573,512.5
aquatic,41570,310698,0.15918962964508585,0.6376133532859755,1.1749444859943072,1400
aquatic,41571,312564,0.03345131770274712,0.07184141359927965,0.23653975269144076,221.11111111111111
aquatic,41600,313008,0.1266122354941977,0.28493709321712724,1.0180839002267572,1250
aquatic,41640,311528,0.08950781252917492,0.17212519564891662,0.67319378921705475,667.1428571428571
aquatic,41656,313210,0.2796807023087543,0.6884275648203215,1.658069918669041,1650
aquatic,41701,313199,0.15918962964508585,0.6376133532859755,1.1749444859943072,1400
aquatic,41708,312081,0.1327024105505694,0.2830043083820654,1.1861922971310275,1166.6666666666667
aquatic,42027,310325,0.06967047825631284,0.12764264591017332,0.5027584663077999,438.4
aquatic,42034,311171,0.05019374828907752,0.1346692561065566,0.4833233611702661,500
aquatic,42044,312130,0.08848575806819245,0.20226566838725474,0.6682218017880833,555.5555555555555
aquatic,42062,311291,0.021608317772933087,0.07231119225767638,0.13296698216785904,150
aquatic,42088,312979,0.04941275098443203,0.14131336200160263,0.35527108241989136,368
aquatic,42177,310306,0.046467822774710364,0.11517020375495028,0.4076798446221041,465
aquatic,42194,310888,0.05532496869057633,0.1170294240269388,0.33319548160554124,350
aquatic,42203,312840,0.28654133336115456,1.1477040359147557,2.1149000747897526,2520
aquatic,42226,312737,0.22203991712158544,0.5283481401851834,1.6211869964581989,1666.6666666666667
aquatic,42240,312137,0.09971210693426223,0.2671819322427099,0.706519655017313,733.3333333333333
aquatic,42316,312689,0.13623253237576977,0.37720042410096183,0.9774262156378188,1000
aquatic,42367,313976,0.087776881935391,0.16914740099166506,0.5876459763553694,587.5
aquatic,42402,312264,0.025205024693805263,0.10095544760361277,0.18603287694909862,221.66666666666666
aquatic,42731,314245,0.09781474250347029,0.269270795357331,0.5792409356409103,687.5
aquatic,42786,309292,0.23267407899441722,0.6468108083374151,1.6305157847988168,1800
aquatic,42822,313857,0.18951146386319745,0.7590635158166374,1.3987434357075084,1666.6666666666667
aquatic,42954,309370,0.06822412699075109,0.27326286569398944,0.503547636854703,600
aquatic,42964,313275,0.025919567827130882,0.06369991071428574,0.20588316722037653,250
aquatic,42989,311632,0.13678397605617562,0.2729899067055395,0.84451530612244885,1000
aquatic,43009,311184,0.0544976482559365,0.10499063765423795,0.4221881791721243,321.42857142857144
aquatic,43025,309542,0.0350140056022409,0.1997619047619044,0.6814058956916097,833.3333333333334
aquatic,43098,311538,0.10459246498599441,0.2591311428571425,0.9748469387755084,800
aquatic,43116,311910,0.11370687831791848,0.4554381094899824,0.839246061424505,1000
aquatic,43155,313727,0.08723452342580862,0.17950733381924192,0.6071322278911555,525
aquatic,43180,309939,0.06826649442958134,0.13649529059953103,0.5174750154668245,400
aquatic,43274,310176,0.13125015219630706,0.25314726080958216,0.9964386518426522,1000
aquatic,43293,310513,0.20989217540629995,0.44301987934420317,1.304701593930226,1342.857142857143
aquatic,43404,310687,0.07873958823529412,0.16137103846153805,0.7154761904761903,875
aquatic,43448,310080,0.05797851598785231,0.1076867031486881,0.3464380668934237,317.77777777777777
aquatic,43474,309591,0.08301726779432442,0.19438052284583707,0.624373912355639,532.5
aquatic,43679,312929,0.10443367388952872,0.30679026809771226,0.8435557297160491,1020
aquatic,43716,312341,0.06055091815055588,0.2354097690307055,0.4336536429571504,512.5
aquatic,43907,314055,0.09724683193688163,0.30100917067273747,0.8682300979402227,933.3333333333333
aquatic,43950,312525,0.17130059547515536,0.764504973955244,1.5176246724447604,1750
aquatic,44057,313494,0.06862745702265405,0.1607086763233953,0.4905418796430959,526.6666666666667
aquatic,44085,311034,0.1528499123130488,0.30106298361963263,1.091399220793849,960
aquatic,44141,313633,0.08509082418357053,0.2640018915070151,0.6152340587385954,658
aquatic,44172,313788,0.044358628189648475,0.08644466722795621,0.26390413536436524,236.25
aquatic,44186,309487,0.045410844125256575,0.12573347470032062,0.3258087385459396,333.3333333333333
aquatic,44189,311845,0.1133987045954436,0.21354481336567233,0.7968616927508091,714.2857142857143
aquatic,44207,312439,0.1800594424572105,0.6631226428233157,1.1992718789804433,1500
aquatic,44258,312822,0.1270065491468968,0.23917019096955303,0.8924850958809062,800
aquatic,44268,309124,0.07862046786855714,0.24852878347905222,0.6931348765263923,750
aquatic,44337,312939,0.3693167353516742,0.7370727481049567,2.280191326530612,2700
aquatic,44370,310207,0.23813727965043152,0.44844410806791196,1.673409554776699,1500
aquatic,44378,311742,0.10329772346891135,0.19941991221311345,0.6875140692793077,600
aquatic,44469,313025,0.11370687831791848,0.4554381094899824,0.839246061424505,1000
aquatic,44554,313441,0.05149160089227972,0.13176225474961886,0.45597275378206,491.4285714285714
aquatic,44577,313351,0.3704357683451157,0.6975797236611964,2.6030815296526426,2333.3333333333335
aquatic,44581,313009,0.30366272102015407,0.6054851503983915,2.073100563508502,1933.3333333333335
aquatic,44596,313063,0.13653298885916268,0.27299058119906205,1.034950030933649,800
aquatic,44600,313835,0.09010423317601005,0.18518596341107862,0.6527821003401351,565
aquatic,44606,310818,0.12115479559964959,0.29986006919333796,0.8847165091794528,775
aquatic,44607,312747,0.09100787009316504,0.22758291249752752,0.6853242277517255,600
aquatic,44612,312224,0.08030999726252402,0.2154708097704906,0.7733173778724257,800
aquatic,44754,313189,0.19869482603446198,0.4459418610702469,1.3942941220504,1500
aquatic,44780,311136,0.17056031747687772,0.6831571642349736,1.2588690921367576,1500
aquatic,44783,312823,0.10367827130852353,0.25479964285714296,0.8235326688815061,1000
aquatic,44819,312849,0.040927179428430494,0.13327810985009708,0.5821014768907499,560
aquatic,44891,313539,0.27847514307791976,0.5928644559347275,1.9364781911473643,1866.6666666666667
aquatic,44906,311881,0.06135856997052949,0.2120715176671871,0.44725906155491535,500
aquatic,44944,313104,0.303037670507568,0.6094799210460562,1.4920368996286462,1333.3333333333333
aquatic,44996,309350,0.22180633138585734,0.5068598179194276,1.4829153430368511,1599.9999999999998
aquatic,45007,313789,0.2218982404997928,0.4102874313064498,1.557584585676824,1465
aquatic,45014,309958,0.15967913088523067,0.3282518104956267,1.1581420068027193,1000
aquatic,45023,310560,0.08176871596638656,0.1703813274725272,0.6868367346938764,600
aquatic,45083,310861,0.17354810240000756,0.3297255958547984,1.1717288188307244,1050
aquatic,45187,313681,0.10888213991128454,0.32535909680045855,0.8400285275471367,952
aquatic,45210,313190,0.20462452040385756,0.5136953774537316,1.3996838686990434,1500
aquatic,45260,309736,0.056242563025210086,0.11526502747252718,0.5110544217687073,625
aquatic,45315,313313,0.04981059326002509,0.1209007994078283,0.35635970492528324,357.14285714285717
aquatic,45408,313105,0.07775870348139265,0.19109973214285722,0.6176495016611296,750
aquatic,45409,310668,0.1094271808449405,0.21839192536443164,0.6756122448979591,800
aquatic,45462,311806,0.09128714285714286,0.19175685714285692,0.7358843537414949,500
aquatic,45489,310610,0.13571361323505599,0.3298725328922709,1.1411180139150847,1200
aquatic,45498,310502,0.126855310120818,0.2479526944083018,0.9422204390969156,1000
aquatic,45549,311292,0.062239067982172144,0.1504066592811598,0.5937060142314903,575
aquatic,45554,310933,0.05274669823835072,0.10506926070680754,0.43352492269939896,425
aquatic,45573,314075,0.050385868489989,0.16020334205044856,0.42691047634850604,462.5
aquatic,45574,311900,0.011204481792717089,0.0639238095238094,0.21804988662131514,266.6666666666667
aquatic,45596,313332,0.06389154647843263,0.15369845645199004,0.5675103586940089,500
aquatic,45619,314246,0.07665750514401615,0.21475604241404395,0.486417997332249,566.6666666666667
aquatic,45622,313896,0.045667605042016786,0.0987600263736264,0.7346938775510204,600
aquatic,45628,312604,0.04559465868539187,0.09099663556851319,0.28150510204081625,333.3333333333333
aquatic,45675,312111,0.10114556924460028,0.19156803039838122,0.7346828658179702,666.6666666666666
aquatic,45726,312490,0.06692499771877003,0.17955900814207548,0.6444311482270213,666.6666666666666
aquatic,45772,314064,0.09680795338791573,0.18650077659423753,0.648482809612542,647.5
aquatic,45897,313333,0.0649537363454414,0.17789579888420967,0.6031264172335598,700
aquatic,45898,312870,0.33759709427707585,0.6944131353317705,1.7665477892558148,1666.6666666666665
aquatic,45904,310836,0.24033613445378155,0.49989642857142874,0.9119897959183673,812.5
aquatic,45931,311557,0.03248767951940528,0.130125174139995,0.23978458897843002,285.7142857142857
aquatic,46013,314263,0.05944408334895929,0.1248373438585388,0.4421350484085868,365.55555555555554
aquatic,46090,311662,0.11015420280750679,0.3024759958786167,0.9397707584376107,928.5714285714287
aquatic,46101,313815,0.1302891100235332,0.2539985341911352,0.989095701932369,1020
aquatic,46159,310827,0.1360784455145323,0.2562537760388068,0.9562340313009707,857.1428571428571
aquatic,46171,309901,0.15875818643362102,0.29896273871194123,1.1156063698511327,1000
aquatic,46193,314233,0.3073614991596638,0.642166994285714,1.7583401360544193,1330
aquatic,46544,312072,0.18099669306084334,0.30352133284741384,0.9989762926011079,1000
aquatic,46673,311901,0.052919395477873665,0.09965424623731375,0.3718687899503775,333.3333333333333
aquatic,46851,314017,0.021738890565046746,0.034858550311807505,0.15510362284448637,121.5
aquatic,46898,310955,0.1468701688470626,0.2877994023230033,1.1710684910480151,1250
aquatic,46906,310462,0.11009507552777395,0.21963582255288397,0.6082832637661448,610
aquatic,47015,311472,0.1119045203334811,0.2566676576727603,0.7629073553020422,750
aquatic,47052,313243,0.11353929688583975,0.21935627559233045,0.7558460899937902,765
aquatic,47069,309448,0.06692499771877003,0.17955900814207548,0.6444311482270213,666.6666666666666
aquatic,47228,311250,0.1373054651924796,0.34248620835089716,1.00278936082615,935.7142857142858
aquatic,47325,312419,0.025205024693805263,0.10095544760361277,0.18603287694909862,221.66666666666666
aquatic,47375,311376,0.12440905459524848,0.4536142368266985,0.8885167905590226,1112
aquatic,47379,311319,0.03943977591036415,0.08203428571428575,0.14965986394557823,133.33333333333334
aquatic,47671,313577,0.05521058957983195,0.13361034197802193,0.6107346938775509,840
aquatic,47723,312920,0.07755588578008933,0.1983325032934766,0.5537054365923535,550
aquatic,47766,310603,0.30091081812712545,0.6405078646049593,2.1727899307824776,2183.3333333333335
aquatic,47807,310024,0.10038650949694941,0.20800346705539347,0.7576105442176857,600
aquatic,47910,311055,0.13858389609521812,0.2885338270240298,0.959767279614235,900
aquatic,47936,311397,0.12436136981154364,0.24742300024668112,0.9368321171014496,733.3333333333333
aquatic,48002,313037,0.09082168825051315,0.25146694940064124,0.6516174770918792,666.6666666666666
aquatic,48122,313540,0.057226335117360444,0.15976540778268364,0.4325148925603621,407.75
aquatic,48166,310421,0.046164591918959275,0.09213409351311959,0.2850239158163265,337.5
aquatic,48252,309801,0.17091808618218715,0.3470722501850109,0.9972669449689443,812.5
aquatic,48478,311760,0.04708450459159853,0.09012211324941388,0.3069628169525791,275
aquatic,48531,310401,0.2715966967597142,0.6298125164298592,1.761011482180815,1646
aquatic,48616,313343,0.08482786739253734,0.20624567949416403,0.6421448368175755,561.1111111111111
aquatic,48799,313600,0.1831049497795549,0.40470851755489645,1.4167584913546696,1614
aquatic,48958,313876,0.08123179810221444,0.25211511229623496,0.6947408266538181,746.6666666666667
aquatic,49041,310050,0.1421335978973981,0.569297636862478,1.0490575767806314,1250
aquatic,49161,312890,0.14218655719593593,0.39833816799440497,1.066466800045783,1000
aquatic,49294,310463,0.11162572487324496,0.34277316903070537,0.8611536429571494,800
aquatic,49302,312880,0.1816433765010263,0.5029338988012825,1.3032349541837585,1333.3333333333333
aquatic,49304,313966,0.07301553400336323,0.18260847039227085,0.6672944496056398,625
aquatic,49504,310764,0.20954045596568194,0.6052471976021336,1.8300822143857194,1625
aquatic,49686,311793,0.08696824248585812,0.2700928312421452,0.5068839857053717,583.3333333333334
aquatic,49750,311211,0.06085809523809524,0.12783790476190462,0.49058956916099655,333.3333333333333
aquatic,49838,313074,0.08030999726252402,0.2154708097704906,0.7733173778724257,800
aquatic,49949,313152,0.09756580215267058,0.21690573000839802,0.6777924757842849,600
aquatic,49951,314273,0.0952374935058955,0.20966890227405247,0.714604852212202,713.3333333333333
aquatic,49969,312786,0.06436199051157632,0.20163982628198435,0.4656830821166904,500
aquatic,50086,314116,0.09308957118169013,0.27400881655688236,0.6343797263702564,667.5
aquatic,50142,310199,0.27106099719887955,0.563474848351648,1.6576417233560075,1533.3333333333335
aquatic,50155,310843,0.11968597904915368,0.23886616836734711,0.7389508928571429,875
aquatic,50268,310844,0.045233442268555246,0.2097452416582097,0.5368863452880989,650
aquatic,50347,313044,0.05116809524306331,0.20494714927049212,0.37766072764102726,450
aquatic,50349,313569,0.08709074714429989,0.17307820289728926,0.6551489530964356,514.2857142857143
aquatic,50389,310060,0.05544584912941366,0.16463354182084228,0.5855342455240076,625
aquatic,50515,313142,0.05666879359963155,0.1520626649416909,0.48944568452380943,587.5
aquatic,50571,313045,0.27289650796300435,1.0930514627759578,2.014190547418812,2400
aquatic,50610,310118,0.06160332159788008,0.15048051241626642,0.4386369715895386,428.57142857142856
aquatic,50719,314234,0.2618785183290978,0.7190420081077968,1.5876370702280393,1643.3333333333333
aquatic,50794,309698,0.007002801120448179,0.03995238095238087,0.13628117913832194,166.66666666666666
aquatic,51354,313113,0.0853325252080713,0.16069247205766843,0.5996384237949838,537.5
aquatic,51534,312911,0.09905781085767643,0.230163281849185,0.7588813303099016,933.3333333333333
aquatic,51538,313775,0.10006345620787033,0.200098279692505,0.7222174995581762,733.3333333333333
aquatic,51599,313219,0.09679038335334134,0.21872847237589962,0.7735827664399092,950
aquatic,51747,310592,0.18145120734655765,0.39763618119906186,1.492841187396233,1200
aquatic,51756,312811,0.07726931092436976,0.161160125274725,0.6459523809523798,550
aquatic,51936,310734,0.12983561784650363,0.24848823752957244,0.96178746652207,933.3333333333333
aquatic,51980,313191,0.2944235724615952,0.7090975507082111,2.2795401225489864,2750
aquatic,52179,312623,0.1556927744790773,0.32473510329503974,1.037101602785175,1000
aquatic,52338,309428,0.04798361712581676,0.10070125134465197,0.32390481965727547,312.5
aquatic,52371,312812,0.11702827616499659,0.23399192674205316,0.8871000265145561,685.7142857142857
aquatic,52573,311502,0.37492125570660717,0.7214340147734515,2.517924860899148,2500
aquatic,52642,312881,0.0868685586709161,0.20629793847831807,0.6480243126594503,666.6666666666666
aquatic,52805,309410,0.09735404533781765,0.24347796052302778,0.8897259328075195,833.3333333333333
aquatic,53039,309902,0.23813727965043152,0.44844410806791196,1.673409554776699,1500
aquatic,53054,312467,0.05242729425103375,0.22681822331691265,0.6787226001511715,833.3333333333333
aquatic,53172,310898,0.07692884068272812,0.15348403717408216,0.4925081426577721,405.5555555555556
aquatic,53210,310959,0.09057900593867653,0.32550036399736737,0.6484515235361166,775
aquatic,53258,310532,0.12872398102315263,0.4032796525639687,0.9313661642333808,1000
aquatic,53261,314085,0.33822225522018323,0.6409934774238825,2.309784168273694,2070
aquatic,53262,314117,0.10702592891179429,0.3853336918247902,0.8185737198879032,900
aquatic,53365,311260,0.024392324932180024,0.10030209808847271,0.18431179731891467,220
aquatic,53369,312824,0.04201680672268908,0.23971428571428524,0.8176870748299317,1000
aquatic,53489,310068,0.20340440446345606,0.6625099550364294,1.4999404028126566,1625
aquatic,53780,312825,0.07499008403361344,0.15368670329670292,0.6814058956916097,833.3333333333334
aquatic,53896,310725,0.16468172520315266,0.6409601969631652,1.2054341262637884,1437.5
aquatic,53970,312202,0.08199760847002453,0.25887798665313577,0.6300521660664,600
aquatic,54059,309511,0.06873529265154005,0.15305554860734635,0.48324448505554485,466.66666666666663
aquatic,54115,310383,0.075759417626892,0.15236998026151405,0.37300922490716154,333.3333333333333
aquatic,54139,314028,0.10279991190471265,0.2035629944664285,0.8021301750997738,892.5
aquatic,54253,313143,0.1265737718909481,0.27754734228159234,0.8668323058390012,812.5
aquatic,54297,310025,0.067180316785769,0.13195762384213938,0.4074061674311892,409.09090909090907
aquatic,54313,312624,0.09525491186017261,0.17937764322716476,0.6693638219106796,600
aquatic,54357,310649,0.0812191987985132,0.3253129353499875,0.5994614724460751,714.2857142857143
aquatic,54471,309189,0.1339584593837535,0.2792589523809524,0.6381519274376412,516.6666666666666
aquatic,54472,313026,0.08590339498128818,0.29360260776696917,0.6658059922689682,800
aquatic,54607,314174,0.06824653485067382,0.20185486215226997,0.6830990710357848,767.75
aquatic,54707,314153,0.1393401915159714,0.30235277818891326,1.1402920016694627,1143.3333333333333
aquatic,54729,312151,0.018674136321195155,0.04963809523809527,0.23027210884353738,333.3333333333333
aquatic,54736,312584,0.06789832638608487,0.21328738448200865,0.5523110454181456,666.6666666666666
aquatic,54903,312900,0.13601337205244,0.2700574559243367,1.0676711193690236,1000
aquatic,55058,311048,0.10607705882352941,0.22251971428571407,0.7920068027210867,550
aquatic,55171,310169,0.14492343308429467,0.4734918348980836,1.1085191535373409,1333.3333333333333
aquatic,55253,312400,0.05685343915895924,0.2277190547449912,0.4196230307122525,500
aquatic,55310,312043,0.18257428571428572,0.38351371428571385,1.4717687074829897,1000
aquatic,55460,309438,0.11370687831791848,0.4554381094899824,0.839246061424505,1000
aquatic,55619,309580,0.2979023590806612,0.5494137980369025,2.1362822356748556,1875
aquatic,55756,311771,0.25050870588235297,0.5225597714285714,1.262176870748298,1000
aquatic,55782,312970,0.2481585778230534,0.5553148349218536,1.9467075603273232,2000
aquatic,55929,312679,0.11906863982521576,0.22422205403395598,0.8367047773883495,750
aquatic,56025,312787,0.09945659253244152,0.2033490717985933,0.7511325293936727,700
aquatic,56220,312496,0.13623253237576977,0.37720042410096183,0.9774262156378188,1000
aquatic,56328,311142,0.03815684063113341,0.08762686696953452,0.23964920892980435,250
aquatic,56378,310782,0.15875818643362102,0.29896273871194123,1.1156063698511327,1000
aquatic,56382,313220,0.09679038335334134,0.21872847237589962,0.7735827664399092,950
aquatic,56502,309429,0.2903476127200315,0.90951263137857,2.5469232081998956,2500
aquatic,56527,309521,0.1322984886946842,0.2491356155932844,0.929671974875944,833.3333333333334
aquatic,56562,310012,0.045988696278511404,0.13878302668759795,0.43061224489795913,500
aquatic,56589,312089,0.1215880742615141,0.3090837477423879,1.1389035868953952,1000
aquatic,56663,311152,0.052521008403361345,0.29964285714285654,1.0221088435374146,1250
aquatic,56874,312748,0.07937909321681051,0.14948136935597062,0.5578031849255664,500
aquatic,56923,309351,0.12215703350613141,0.2942180310658585,0.8392927305809132,875
aquatic,56925,314338,0.034210419119187756,0.08914363185941947,0.23474019829220946,235.125
aquatic,57019,309669,0.021413901676612668,0.02797760564373898,0.19623582766439865,133.33333333333334
aquatic,57157,311026,0.19226890756302525,0.39991714285714297,0.7295918367346939,650
aquatic,57445,309728,0.23739912781017164,0.6391900736873102,2.13369027007789,2250
aquatic,57446,309841,0.1406671387309493,0.2622489772481794,0.9982845658004847,885.7142857142857
aquatic,57448,310960,0.1057473968356642,0.42355744182568367,0.7804988371247897,930
aquatic,57714,309992,0.07144152265450397,0.14020559881565664,0.5289973495978936,428.57142857142856
aquatic,57760,311270,0.11906863982521576,0.22422205403395598,0.8367047773883495,750
aquatic,57771,309153,0.14868604580294753,0.3403238019467911,1.054883340518359,1007.5
aquatic,57779,309562,0.10482729049140951,0.331371711305403,0.924179835368523,1000
aquatic,57787,312273,0.08327732374977806,0.21307176357663182,0.69370456904889,700
aquatic,57796,311446,0.15049670226554906,0.30203468086313157,1.1746874227077788,1000
aquatic,57805,311447,0.09673179457344841,0.18938459148477643,0.7141044527023572,582
aquatic,57875,311049,0.05985693121831124,0.15280819225767628,0.4728479345488106,375
aquatic,57916,311569,0.028440572228891563,0.11911776551724122,0.38356953892668166,483.3333333333333
aquatic,57919,310754,0.055747067030590014,0.1490504522195993,0.5464986291557403,583.3333333333334
aquatic,58060,311349,0.05602240896358546,0.14891428571428583,0.6908163265306123,1000
aquatic,58083,312391,0.07580458554527898,0.30362540632665497,0.5594973742830034,666.6666666666666
aquatic,58361,310452,0.0906376218487395,0.18809045054945023,0.7767857142857133,750
aquatic,58372,313643,0.1455736602071538,0.28337903950810023,0.9529517316139224,1000
aquatic,58380,309143,0.14864847175798887,0.2857477683196703,0.9489496753475332,850
aquatic,58458,310715,0.21561162559258026,0.5266817934569324,1.5352294005633853,1500
aquatic,58664,309821,0.06424899503005473,0.11822342110787154,0.3037128279883383,480
aquatic,58760,311570,0.06859254425238367,0.1537871881223168,0.43403908376736683,449.99999999999994
aquatic,58771,313807,0.08527259425760225,0.2144997560874572,0.6341657181669875,572.5
aquatic,59035,311056,0.042335516382298946,0.07972339698985101,0.297495031960302,266.6666666666667
aquatic,59092,312727,0.15500856679270142,0.3506371135308835,0.9808494071956546,975.0000000000001
aquatic,59212,313244,0.11931557551479094,0.23007969976731243,0.7976032235758668,800
aquatic,59218,309940,0.026459697738936833,0.04982712311865688,0.18593439497518874,166.66666666666666
aquatic,59223,309862,0.043073286353733906,0.09388285492075676,0.3418476267810313,300
aquatic,59242,311015,0.12845662493764412,0.4348659730218574,1.0835356702590224,1200
aquatic,59414,311720,0.1814675718184893,0.37057768467798524,1.0116396877008775,825
aquatic,59448,311520,0.09129339404064253,0.22574040647954224,0.6038303673041612,625
aquatic,59626,313054,0.12310557845055807,0.24569091603498558,0.760063775510204,900
aquatic,59665,309389,0.06604231299492792,0.18893175171651896,0.44205322453979967,525
aquatic,59677,310474,0.03599524033613446,0.0737696175824174,0.3270748299319726,400
aquatic,59684,311293,0.032525427116670586,0.10718628831678967,0.20510417037647588,250
aquatic,59697,313095,0.0761133161162084,0.19836916682084235,0.6892065283906426,750
aquatic,59815,310744,0.12052929101699358,0.4827643960593814,0.8896008251099754,1060
aquatic,60073,309512,0.054529655145536475,0.14418979112739083,0.605085034013605,700
aquatic,60077,309993,0.07071803921568627,0.14834647619047606,0.5280045351473911,366.66666666666663
aquatic,60236,312912,0.1290538444711218,0.29163796316786617,1.0314436885865457,1266.6666666666667
aquatic,60252,312595,0.18113066823316626,0.3831530146080627,1.1968677420717113,1166.6666666666667
aquatic,60304,309689,0.08334844309692128,0.16357319861826608,0.6171635745308758,500
aquatic,60338,309822,0.03407029831932773,0.07099221978021966,0.28618197278911517,250
aquatic,60413,312515,0.034766184938935886,0.08370439982728324,0.20816160327894456,208.33333333333331
aquatic,60436,311241,0.06839198802808781,0.13649495335276976,0.4222576530612244,500
aquatic,60465,312653,0.061050945009813444,0.14020298715125526,0.38343873428768693,400
aquatic,60517,313808,0.06064299695070452,0.2154297673315683,0.5921895649559709,713.3333333333334
aquatic,60563,313578,0.1668943336411708,0.4479628287071782,1.298033384878242,1360
aquatic,60663,314347,0.10217439928182731,0.2829003180757214,0.7330696617283641,750
aquatic,60817,312516,0.14148089114622037,0.3264261132494135,1.2192077149117608,1000
aquatic,60926,312209,0.0790178561393775,0.30809935135927674,0.5705014618877442,681.8181818181819
aquatic,60940,309871,0.10898602590061579,0.3017603392807695,0.7819409725102552,800
aquatic,61006,311320,0.09264124078284192,0.24351844114005972,0.5176296585262933,525
aquatic,61077,309468,0.07937909321681051,0.14948136935597062,0.5578031849255664,500
aquatic,61081,309154,0.11497178416807195,0.21912591938727094,0.840349219252196,800
aquatic,61133,310051,0.049019607843137254,0.2796666666666661,0.9539682539682538,1166.6666666666667
aquatic,61351,311750,0.21561162559258026,0.5266817934569324,1.5352294005633853,1500
aquatic,61464,312243,0.054493012950307895,0.15088016964038475,0.3909704862551276,400
aquatic,61467,311321,0.09638917328700647,0.2665254741650106,0.6666144595414215,700
aquatic,61474,312349,0.05023646051197002,0.19827772062928264,0.549692146660979,666.6666666666666
aquatic,61758,313790,0.31751637286724205,0.5979254774238825,2.2312127397022654,2000
aquatic,61895,312690,0.03214157978973981,0.1320733187411927,0.37678671005901543,457.5
aquatic,61910,309563,0.08225646851517128,0.25835397062928267,0.5995115317793676,666.6666666666666
aquatic,61911,309332,0.08528015873843886,0.3415785821174868,0.6294345460683788,750
aquatic,61984,309985,0.09484720242073019,0.19119411874391928,0.7999049938233265,625
aquatic,62030,312252,0.04103519281685269,0.08189697201166186,0.25335459183673464,300
aquatic,62031,311807,0.11906863982521576,0.22422205403395598,0.8367047773883495,750
aquatic,62042,313420,0.10807644514536136,0.29229820491553354,0.9270315669600957,959.9999999999999
aquatic,62261,310316,0.19801268994929797,0.45926078761228184,1.5807471714685712,1160
aquatic,62339,312691,0.035966074075454095,0.13991134060932456,0.41153841073928754,500
aquatic,62343,311682,0.12303272954509109,0.4615139161634145,0.9247301824729375,1080
aquatic,62360,313153,0.1279263079406957,0.24860598036974774,0.8406100417553992,875
aquatic,62383,313055,0.163770367733048,0.3188014194466128,1.0720706980656627,1125
aquatic,62400,313836,0.10162547596001599,0.22862831432495262,0.7797244279621424,833.3333333333333
aquatic,62404,309207,0.16126179614920305,0.47095793827825444,1.0548355519884829,1110
aquatic,62611,309774,0.12250664786582299,0.2309718568786115,0.9363792710342104,750
aquatic,62721,311799,0.2103557826823586,0.4159789111768129,1.5725891311298443,1250
aquatic,62823,312634,0.05672282446032705,0.10450143031056558,0.40717553247765076,357
aquatic,62875,309226,0.05777847972065535,0.1440293208940719,0.3723526077097505,410
aquatic,62916,312090,0.08403361344537816,0.4794285714285705,1.6353741496598635,2000
aquatic,62927,310255,0.45137212088432044,0.8707937750885397,3.014314364615209,3030
aquatic,63011,311825,0.04350542857142857,0.1659631538461535,0.6132653061224488,750
aquatic,63202,309458,0.03694277031122458,0.0714940806771851,0.2450152094966977,250
aquatic,63398,311955,0.1309766894655481,0.26649754182084223,1.014785946204278,750
aquatic,63420,309419,0.06398092986509668,0.15511103060219164,0.3692998866213153,450
aquatic,63440,309360,0.09011891835710477,0.2355977382494138,0.8619106100232956,1000
aquatic,63549,310317,0.14883429983099328,0.4570308920409405,1.1482048572761994,1066.6666666666665
aquatic,63645,310514,0.1574243859677204,0.3365276464569911,1.0724452003023424,983.3333333333334
aquatic,63694,313644,0.080147623129011,0.21994412092771737,0.5747062845227482,586
aquatic,63797,314183,0.12449042938492277,0.39530731286498366,0.9016166610373507,973.3333333333333
aquatic,63933,311882,0.07036883159367,0.18077644351157887,0.5025311232402409,500
aquatic,63971,313845,0.07503112745098038,0.1592071648351649,0.7525510204081632,625
aquatic,63976,310879,0.08334844309692128,0.16357319861826608,0.6171635745308758,500
aquatic,63977,310862,0.17189908296880382,0.3936106250340765,1.1671045048856115,1142.857142857143
aquatic,64016,309592,0.0622414582572159,0.10618856231176232,0.6425680272108837,487.5
aquatic,64052,309699,0.10669001758655841,0.305295655070256,1.089299783565022,1150
aquatic,64075,310706,0.12267681258487521,0.2518382659757995,0.9405262317098808,683.3333333333333
aquatic,64275,309775,0.12046499589378605,0.32320621465573596,1.1599760668086385,1200
aquatic,64370,311437,0.0892052356987367,0.16726142329388874,0.6215910894787883,580
aquatic,64651,310837,0.43893282913165266,0.9167365714285711,2.444557823129248,1866.6666666666665
aquatic,64907,313671,0.1356097561190997,0.3285772886196676,1.1018251557555565,1080
aquatic,65000,312615,0.11906863982521576,0.22422205403395598,0.8367047773883495,750
aquatic,65005,312699,0.3534641768039042,1.6300190761228206,4.131553347338805,5000
aquatic,65020,311826,0.18786070575969466,0.489087710841627,1.2635034787462154,1333.3333333333333
aquatic,65050,309700,0.04605645987090487,0.08245788555148541,0.4197392290249429,433.3333333333333
aquatic,65124,313064,0.05332157983193277,0.17258845714285687,0.6214285714285706,600
aquatic,65230,310552,0.1389134131294184,0.2615923963729486,0.976155573619741,875
aquatic,65260,312497,0.11261573413921355,0.3948462951076238,0.8787528530161659,1050
aquatic,65343,313988,0.1228553499155278,0.3805950295889537,0.8743440499045675,936.0000000000001
aquatic,65412,310639,0.20729450319186804,0.6472391152042677,1.6896406192476339,2040
aquatic,65466,311035,0.06641427000814337,0.14432092282824652,0.4609640135213613,450
aquatic,65566,312119,0.06281114957983193,0.13072170285714288,0.2539251700680271,220
aquatic,65672,309479,0.13541862288852044,0.2608342067603418,0.8559824778599386,766.6666666666666
aquatic,65894,314235,0.09151365947373356,0.17013757211513417,0.6787038419974367,582
aquatic,65917,310318,0.20572408110117857,0.6119658388600687,2.2119618197362696,2125
aquatic,65983,310553,0.09377718935126429,0.17898921638893758,0.6886331168983554,660
aquatic,66031,311473,0.09922386652101313,0.1868517116949633,0.6972539811569579,625
aquatic,66120,312997,0.17375620324034372,0.3297000793712818,1.2518875489894548,1166.6666666666667
aquatic,66246,312803,0.04685866577963012,0.14552108120834129,0.3470895750966921,340
aquatic,66290,312025,0.1966604792062605,0.45077544187526875,1.3953550569926345,1333.3333333333333
aquatic,66492,310353,0.09084756604052394,0.2117215366835019,0.7659211645028495,694.4444444444446
aquatic,66639,309593,0.15763752398087968,0.3659730651520845,1.0576007395117655,1002.5
aquatic,66828,310838,0.22388018596603426,0.5227513130867811,1.4383404269207498,1150
aquatic,67053,310431,0.04201680672268908,0.23971428571428524,0.8176870748299317,1000
aquatic,67155,309994,0.1101487314823548,0.192600871491172,0.7703736696657565,650
aquatic,67308,313634,0.1026890032719838,0.242846181801417,0.7298486275175899,705
aquatic,67346,309564,0.06072456894089462,0.20055619332656785,0.443631525210071,500
aquatic,67828,313134,0.07185847455056404,0.13947907732712278,0.47345253402031034,490
aquatic,67963,312158,0.052919395477873665,0.09965424623731375,0.3718687899503775,333.3333333333333
aquatic,67981,311172,0.0863818943372587,0.1894337503083515,0.6940843640638883,666.6666666666666
aquatic,68221,313495,0.06812058061999954,0.19198671819622126,0.4893064889803411,504
aquatic,68222,310735,0.13729701951090473,0.24996552577717732,1.0447624845583179,950
aquatic,68223,309851,0.09726162860961526,0.1948024858622945,0.4922353246826392,440
aquatic,68265,310726,0.034112063495375544,0.13663143284699472,0.2517738184273515,300
aquatic,68271,312506,0.04530664569898445,0.1173531115197459,0.34656743826319614,375
aquatic,68279,309390,0.11821686499591866,0.22878105816699235,0.7840486703894327,800
aquatic,68285,313877,0.054226383515597956,0.12789222180578594,0.4542093537414964,548
aquatic,68340,311242,0.0922105550117666,0.3743835418208419,1.3010104360001977,1500
aquatic,68344,309420,0.10583879095574733,0.1993084924746275,0.743737579900755,666.6666666666666
aquatic,68380,309113,0.1916746394352979,0.4610953693559702,1.702531076082027,1500
aquatic,68386,312635,0.07008800827179136,0.20051087600376774,0.5980413611656907,602.5
aquatic,68399,311212,0.04564357142857143,0.09587842857142846,0.36794217687074743,250
aquatic,68402,312616,0.11312463103193657,0.21864038583948692,0.8644358379867907,875
aquatic,68418,312244,0.08758172681796082,0.27549426145101436,0.695829749850714,750
aquatic,68484,309402,0.04458396784366978,0.1276864343804976,0.2805376088768733,325
aquatic,68516,314253,0.06575785319176963,0.16404322294528098,0.45638629933339336,474
aquatic,68522,311928,0.053902906398145066,0.1316704483642331,0.3838073501408463,375
aquatic,68563,312233,0.012605042016806721,0.07191428571428558,0.2453061224489795,300
aquatic,68566,312949,0.07937909321681051,0.14948136935597062,0.5578031849255664,500
aquatic,68593,311359,0.056354821041734955,0.2828590504694247,0.8219988721488463,1000
aquatic,68603,312526,0.10670949262609035,0.3613100208663462,0.772882858220909,866.6666666666666
aquatic,68614,309218,0.053891227280674164,0.1423599703922709,0.497353973415164,512.5
aquatic,68625,310475,0.022000817927170867,0.07068972161172146,0.2725623582766439,333.3333333333333
aquatic,68630,312859,0.052919395477873665,0.09965424623731375,0.3718687899503775,333.3333333333333
aquatic,68674,313459,0.018231056495194183,0.03474118446458221,0.16202286470143606,148.88888888888891
aquatic,68686,311232,0.06692499771877003,0.17955900814207548,0.6444311482270213,666.6666666666666
aquatic,68761,312860,0.0635032745734484,0.11958509548477651,0.4462425479404531,400
aquatic,68846,311095,0.05809122456454046,0.15021268843515923,0.37924150105041043,450
aquatic,68959,311243,0.14215843267227524,0.26964418702185583,0.9670869408623386,866.6666666666667
aquatic,68981,313075,0.06692499771877003,0.17955900814207548,0.6444311482270213,666.6666666666666
aquatic,68985,313200,0.051839135654261764,0.12739982142857148,0.41176633444075306,500
aquatic,69064,311330,0.2716960023497494,0.574729521912094,1.7953016131075668,1750
aquatic,69820,311418,0.0635032745734484,0.11958509548477651,0.4462425479404531,400
aquatic,69878,309628,0.050324142857142866,0.10941550549450546,0.29156037414965985,312.5
aquatic,69956,312980,0.0888929212023798,0.27054106375352555,0.6322460187385489,680
aquatic,69978,313305,0.3090477462466506,0.6815947323141628,2.335324151242383,1917.5
aquatic,70024,309656,0.08871335860706184,0.26341366691334767,0.9368547928384121,1000
aquatic,70281,309219,0.04144141195966482,0.12037105662470683,0.3859644016735684,412.5
aquatic,70363,310149,0.18951016892665634,0.39223411150257564,1.1546074582596852,880
aquatic,70384,312850,0.1417180827997112,0.6152476332995059,1.3843707779777927,1666.6666666666665
aquatic,70455,313691,0.12035671373240764,0.34730415022976774,0.8658655786527056,900
aquatic,70468,311419,0.05544584912941366,0.16463354182084228,0.5855342455240076,625
aquatic,70469,310533,0.1094271808449405,0.21839192536443164,0.6756122448979591,800
aquatic,70596,309162,0.0317516372867242,0.059792547742388256,0.22312127397022655,200
aquatic,70676,310727,0.011370687831791848,0.045543810948998245,0.08392460614245052,100
aquatic,70725,311491,0.007002801120448179,0.03995238095238087,0.13628117913832194,166.66666666666666
aquatic,70730,313897,0.05074178338001865,0.10973336263736266,0.8163265306122448,666.6666666666666
aquatic,70746,312120,0.052919395477873665,0.09965424623731375,0.3718687899503775,333.3333333333333
aquatic,70782,313378,0.034112063495375544,0.13663143284699472,0.2517738184273515,300
aquatic,70822,311870,0.1521452380952381,0.3195947619047615,1.2264739229024912,833.3333333333334
aquatic,70828,310541,0.11369842541560841,0.2280994763666771,0.6893472038252988,571.4285714285714
aquatic,70883,311521,0.08853759566873425,0.19980364784608295,0.5793805953518297,550
aquatic,70912,313460,0.0266488649596165,0.053019214338574525,0.20074973937888207,157.14285714285714
aquatic,70955,314368,0.10033853531267427,0.24109180690843016,0.6914180674168072,690
aquatic,71009,311558,0.09514084383753497,0.20575005494505502,1.530612244897959,1250
aquatic,71017,309256,0.1846777542607519,0.36266264942622695,1.3214895370715092,1250
aquatic,71292,309802,0.14838285714285715,0.37207009523809476,1.3456689342403603,1099.9999999999998
aquatic,71420,314274,0.04470019569471617,0.1281760481049562,0.4155505952380951,500
aquatic,71450,311946,0.2587908579226929,0.636895655070256,1.7322929808439333,1750
aquatic,71484,311947,0.06225646363847124,0.15292408750715492,0.5535770288014734,555.5555555555555
aquatic,71617,313179,0.11325253202823984,0.21626245201837346,0.8329012368766658,800
aquatic,71897,311331,0.22587563183225673,0.5515335664003056,1.3593904865128685,1500
aquatic,71956,312477,0.04165927616325806,0.11168523509619636,0.33773770081108356,350
aquatic,71966,313239,0.09174482956463029,0.17924676618308324,0.6588579001114059,640
aquatic,71967,311350,0.014005602240896364,0.03722857142857146,0.17270408163265308,250
aquatic,72162,313967,0.03801986435670153,0.0784183265754654,0.3856505102040816,366.66666666666663
aquatic,72171,314154,0.06538145503280313,0.2618769129567399,0.48256648531909047,575
aquatic,72295,311911,0.17056031747687772,0.6831571642349736,1.2588690921367576,1500
aquatic,72681,312795,0.10186657547763879,0.23703527913765865,0.7843054917977721,833.3333333333333
aquatic,72699,309594,0.03961204729277425,0.10816869652107682,0.3589395949334521,375
aquatic,72700,313682,0.09494524339546193,0.3802908214241354,0.7007704612894617,835
aquatic,72705,313769,0.17200294445272457,0.5237475964032009,1.328524682122799,1225
aquatic,72801,309832,0.13891459878722917,0.28144567875643933,1.0705662646968346,800
aquatic,72897,313770,0.12797801740143308,0.2625485261178841,0.8671955535450554,833.3333333333334
aquatic,72932,313589,0.19898703705635734,0.7970166916074692,1.4686806074928838,1750
aquatic,72938,310925,0.18305745519624517,0.3781915213255821,1.30082960990092,1250
aquatic,72997,312152,0.11775827931172471,0.2838723073891626,0.5451247165532882,600
aquatic,73007,312498,0.08587614410508977,0.25546535972373924,0.7843054917977721,833.3333333333333
aquatic,73009,312265,0.0375232698449131,0.1502945761316942,0.27695120027008663,330
aquatic,73028,309449,0.0748636974789916,0.20774266666666635,0.7631519274376404,666.6666666666666
aquatic,73231,312091,0.039689546608405256,0.07474068467798531,0.2789015924627832,250
aquatic,73232,312159,0.08291542909131905,0.16112892755599492,0.6444311482270213,666.6666666666666
aquatic,73308,311360,0.17999537619592051,0.36814568044830936,1.3860430250109141,1014.2857142857143
aquatic,73434,313867,0.15506365736748334,0.34958220284664626,1.1566206335353095,1060
aquatic,73449,310926,0.11047237912605515,0.20990471718946874,0.7994648655106994,750
aquatic,73460,314226,0.02598848599439775,0.08894915252747243,0.4492789115646258,440
aquatic,73806,309134,0.0903437671232876,0.22405447667638467,0.7834927721088425,750
aquatic,73816,312234,0.09077775788815848,0.17223052824809892,0.6281794604357704,583.3333333333334
aquatic,73828,311912,0.11370687831791848,0.4554381094899824,0.839246061424505,1000
aquatic,73878,313211,0.09221202070116985,0.33817618969011853,0.8786536075653862,1062.5
aquatic,73881,309333,0.06822412699075109,0.27326286569398944,0.503547636854703,600
aquatic,73978,311633,0.10258798204213172,0.20474243002915465,0.6333864795918366,750
aquatic,74128,311779,0.19827093395310508,0.44638589644956655,1.326539012589965,1250
aquatic,74185,309439,0.04548275132716739,0.18217524379599298,0.3356984245698021,400
aquatic,74272,311846,0.1825719143986642,0.3438071495187324,1.2829473253288024,1150
aquatic,74278,311085,0.06747222923428894,0.12705916395257505,0.47413270718673134,425
aquatic,74380,311438,0.033325987394957984,0.10786778571428554,0.38839285714285665,375
aquatic,74409,311115,0.1442937177211741,0.6154459677017309,1.3314752303170572,1600
aquatic,74807,310476,0.036931673535167416,0.07370727481049569,0.22801913265306117,270
aquatic,74842,309729,0.11238032010756682,0.2555159517735528,0.9666467223405323,1000
aquatic,74892,310491,0.1879483795624021,0.3914860328897676,1.408870902306022,1500
aquatic,74966,309707,0.5702304921968795,1.4013980357142863,4.529429678848284,5500
aquatic,75004,311605,0.039689546608405256,0.07474068467798531,0.2789015924627832,250
aquatic,75156,313717,0.08619920469630707,0.22570304577903577,0.6038903034212137,630
aquatic,75164,313240,0.11180547957647342,0.27870662701697774,1.0193387832519971,950
aquatic,75640,310042,0.11486434573829538,0.48697124999999936,1.6382969466856507,2000
aquatic,75654,312407,0.05953431991260788,0.11211102701697799,0.41835238869417474,375
aquatic,75782,311937,0.11370687831791848,0.4554381094899824,0.839246061424505,1000
aquatic,75822,309647,0.022797329342695936,0.045498317784256594,0.14075255102040812,166.66666666666666
aquatic,75827,311492,0.02100840336134454,0.11985714285714262,0.4088435374149659,500
aquatic,75947,312950,0.089883294897482785,0.20940994078454192,0.7622249536330493,750
aquatic,76039,314076,0.0792440455406804,0.21307308466965244,0.5177181041156078,560
aquatic,76051,313144,0.15207612843098872,0.3123230170800626,1.139648809523808,1060
aquatic,76072,309930,0.01624383975970264,0.0650625870699975,0.11989229448921501,142.85714285714286
aquatic,76085,310276,0.08809758061176849,0.1992220836416848,0.7274732529527772,707.5
aquatic,76086,310845,0.11968407843932147,0.5436582959756441,1.340175531572582,1620
aquatic,76087,310630,0.08403361344537816,0.4794285714285705,1.6353741496598635,2000
aquatic,76088,310542,0.1533286730487433,0.30329565507025635,0.8384154298235256,750
aquatic,76132,311493,0.052919395477873665,0.09965424623731375,0.3718687899503775,333.3333333333333
aquatic,76157,312420,0.10341665147624401,0.2898737667976902,0.7638340751068076,832.5
aquatic,76252,310384,0.0635032745734484,0.11958509548477651,0.4462425479404531,400
aquatic,76263,312421,0.03468523409363748,0.1305450714285713,0.4361786426198386,532
aquatic,76317,310052,0.1421335978973981,0.569297636862478,1.0490575767806314,1250
aquatic,76430,309763,0.10583879095574733,0.1993084924746275,0.743737579900755,666.6666666666666
aquatic,76441,309543,0.02100840336134454,0.11985714285714262,0.4088435374149659,500
aquatic,76524,310534,0.13121822887107226,0.2768811907845421,0.9695695193663194,1000
aquatic,76558,313276,0.02881800411127498,0.08188978960768108,0.29236464317050226,308
aquatic,76573,314264,0.045127095751432596,0.08857640498883629,0.2677998166842726,257.1428571428571
aquatic,76658,309459,0.039689546608405256,0.07474068467798531,0.2789015924627832,250
aquatic,76666,309303,0.12447991184214222,0.39088424206847905,1.0229931605900013,1087.5
aquatic,76807,310707,0.1137774907159689,0.22749215099921838,0.862458359111374,666.6666666666666
aquatic,76821,312841,0.20467238097225324,0.8197885970819685,1.510642910564109,1800
aquatic,77035,310216,0.16669688619384257,0.32714639723653216,1.2343271490617516,1000
aquatic,77260,311654,0.1002978711484594,0.20987219047619038,0.6402494331065748,466.66666666666663
aquatic,77325,312718,0.07284753901560631,0.2472569642857141,0.8206098718557189,1000
aquatic,77347,312692,0.05819900612464696,0.19570604821827256,0.6062792993863997,600
aquatic,77352,311860,0.14786628097600943,0.3289744822828058,1.2145191919313816,1020
aquatic,77356,311606,0.01421335978973981,0.0569297636862478,0.10490575767806312,125
aquatic,77372,312448,0.15656081576094724,0.3399891464751059,1.0789107787168495,937.5
aquatic,77389,312274,0.06735764083963151,0.28764762617356254,0.6240447994197355,750
aquatic,77417,311244,0.06926937854117837,0.1362663989636996,0.39114649042196686,350
aquatic,77549,314105,0.06483759824492716,0.12479758191806077,0.42682820192566406,410.2
aquatic,77564,314254,0.10298478746041353,0.31454786988773686,0.8181345400712821,872.5
aquatic,77689,313511,0.05956828287933029,0.13505921002956583,0.4930375579880225,480
aquatic,77770,309265,0.13623253237576977,0.37720042410096183,0.9774262156378188,1000
aquatic,77772,313868,0.12872398102315263,0.4032796525639687,0.9313661642333808,1000
aquatic,78109,309782,0.21167758191149466,0.398616984949255,1.48747515980151,1333.3333333333333
aquatic,78157,313692,0.09132405400239463,0.2302606050209988,0.6555483210190319,590
aquatic,78164,310026,0.06553260300094313,0.12278381077661786,0.45089508349403595,440
aquatic,78347,313388,0.078992435538555,0.15815663291215842,0.6013640049520655,582
aquatic,78446,313135,0.09406458780240749,0.2100447437496138,0.5815808153872958,641.6666666666667
aquatic,78531,310247,0.40958845195666704,0.7334950904324493,2.672329500828509,2966.666666666667
aquatic,78575,313429,0.023881118375115265,0.08616063729594946,0.15858182656394812,183.33333333333331
aquatic,78869,312555,0.07733146921949731,0.1911548334566739,0.5540600494804306,560
aquatic,78996,310699,0.0959550850845002,0.308821179850594,0.6556288597540452,750
aquatic,79000,313344,0.024090639386189248,0.031474806349206345,0.22076530612244843,150
aquatic,79213,309618,0.2191297660219781,0.562657829263717,2.1014955826791204,2114.285714285714
aquatic,79485,312596,0.026459697738936833,0.04982712311865688,0.18593439497518874,166.66666666666666
aquatic,79514,309391,0.15724093573711428,0.49705756695810444,1.3862697530527845,1500
aquatic,79517,309890,0.1270065491468968,0.23917019096955303,0.8924850958809062,800
aquatic,79551,309629,0.04932672069375693,0.1020367816027509,0.3838116496598633,333.3333333333333
aquatic,79663,312026,0.21071138312052645,0.7356151748169842,1.626811269007505,1750
aquatic,79685,309163,0.01591896296450859,0.06376133532859754,0.11749444859943071,140
aquatic,79709,312813,0.12195119450506732,0.24860690151859308,0.9878843184079091,871.4285714285713
aquatic,79820,312422,0.08193682073139265,0.16370610265520685,0.6538587469116636,750
aquatic,79956,312330,0.06692611248249378,0.18136780375037959,0.4662685537497953,500
aquatic,80098,311106,0.06507797112731149,0.1239200157222506,0.4469368171612618,422.2222222222222
aquatic,80134,310286,0.13125015219630706,0.25314726080958216,0.9964386518426522,1000
aquatic,80262,312245,0.09049504575388737,0.260965517637632,0.7501924817128549,825
aquatic,80371,309440,0.04548275132716739,0.18217524379599298,0.3356984245698021,400
aquatic,80452,313513,0.08276922786395104,0.21764156171407167,0.5919219447343561,594
aquatic,80457,311173,0.2007749931563101,0.5386770244262264,1.9332934446810643,2000
aquatic,80463,313758,0.18377369966356308,0.39915912279973736,1.300240503364524,1220
aquatic,80522,309581,0.1784780743888031,0.3399798815690841,1.190436301823922,1066.6666666666667
aquatic,80525,310307,0.14062642424165026,0.28192889247681907,1.0054561205240065,887.5
aquatic,80805,311122,0.22373354547243157,0.5592130869919312,1.5951755478079928,1571.4285714285716
aquatic,80829,310745,0.09096550265433478,0.36435048759198596,0.6713968491396042,800
aquatic,80935,311165,0.022741375663583696,0.09108762189799649,0.16784921228490104,200
aquatic,80969,314056,0.10493923167594466,0.3083197527953975,0.8135229180429926,890
aquatic,80988,311772,0.17644659041946345,0.4774117690307054,1.068177452480959,1000
aquatic,81054,312643,0.04636353580374876,0.17300797831113673,0.4301142558059965,525
aquatic,81212,310783,0.03851730422857237,0.07563833145987167,0.3091208642586024,332.5
aquatic,81522,312253,0.07902424264849153,0.20756826290247404,0.441131983096269,545.4545454545455
aquatic,81610,312710,0.050410049387610525,0.20191089520722555,0.37206575389819724,443.3333333333333
aquatic,81635,311233,0.09525491186017261,0.17937764322716476,0.6693638219106796,600
aquatic,81649,311193,0.034569841272207025,0.15581020713560836,0.37841958847823454,457.1428571428571
aquatic,81798,314066,0.044023926832315874,0.10966773820853293,0.3041105243152816,318.57142857142856
aquatic,81929,312449,0.12058360498175462,0.2840586611558178,0.7477685142314907,756.25
aquatic,82083,311835,0.12872398102315263,0.4032796525639687,0.9313661642333808,1000
aquatic,82198,311781,0.03662413465386156,0.10051304926108373,0.20039682539682552,250
aquatic,82296,311301,0.18521788417255786,0.3487898618305982,1.3015407648263213,1166.6666666666667
aquatic,82549,309737,0.05685343915895924,0.2277190547449912,0.4196230307122525,500
aquatic,82719,309480,0.10258798204213172,0.20474243002915465,0.6333864795918366,750
aquatic,82901,310700,0.07755906660868762,0.28976359767816157,0.5611949236764084,670
aquatic,83279,311761,0.0635032745734484,0.11958509548477651,0.4462425479404531,400
aquatic,83505,312913,0.15904987808456716,0.35311264448654733,1.3040060468631893,1600
aquatic,83559,312217,0.18718490601310064,0.41282226608443684,1.325417885207259,1250
aquatic,83640,309179,0.06826649442958134,0.13649529059953103,0.5174750154668245,400
aquatic,83672,313728,0.11196408604391105,0.24604295306569676,0.8679315337190197,880
aquatic,83864,311194,0.04749368192036567,0.21573741903795401,0.531815687131977,642.8571428571429
aquatic,83887,311522,0.1626203229127958,0.3705857781239464,1.1534709245891455,1100
aquatic,84654,312499,0.08715931985427225,0.24713814406624096,0.6064356331370986,666.6666666666666
aquatic,84677,311890,0.08819585408159697,0.24936284006826936,0.6177447236588286,800
aquatic,84690,311174,0.03409568422857238,0.08577703244888266,0.3234303880681262,350
aquatic,84836,312036,0.2280711189133185,0.4647467638483964,1.5803996598639438,1500
aquatic,84864,309371,0.026097730179944992,0.05011598420921122,0.16745499897334828,150
aquatic,84944,313776,0.07493613661130365,0.2134663636583577,0.5469631548952847,550
aquatic,84979,309496,0.23489925678591483,0.5616198588497487,1.8892874665220696,2033.3333333333333
aquatic,85079,311116,0.13305736864709733,0.371221169326723,0.9551140882407961,980
aquatic,85098,309380,0.02855484317429001,0.10804465925174214,0.1989707800897993,233.33333333333334
aquatic,85141,312440,0.018951146386319746,0.07590635158166374,0.13987434357075085,166.66666666666666
aquatic,85156,311827,0.3704357683451157,0.6975797236611964,2.6030815296526426,2333.3333333333335
aquatic,85173,311479,0.18908986098375855,0.37326516646730135,1.3986695526898696,1191.6666666666667
aquatic,85250,313145,0.1222208106300054,0.2676704233819242,0.9106566900015812,910
aquatic,85439,313937,0.14585462063897792,0.38597632238042545,1.1473310908388097,937.5
aquatic,85516,312408,0.08403361344537816,0.4794285714285705,1.6353741496598635,2000
aquatic,85599,310137,0.05088890830105171,0.16339819930262803,0.3688616615809973,400
aquatic,85726,313379,0.05685343915895924,0.2277190547449912,0.4196230307122525,500
aquatic,85759,310791,0.2265992551241714,0.7609375159500129,1.8004006442576164,2166.6666666666665
aquatic,85762,310870,0.31751637286724205,0.5979254774238825,2.2312127397022654,2000
aquatic,85843,309531,0.02100840336134454,0.11985714285714262,0.4088435374149659,500
aquatic,86032,311107,0.06820817346795251,0.1712317924845772,0.46656128956634774,500
aquatic,86074,314106,0.16060426257459495,0.20983204232804234,1.4717687074829897,1000
aquatic,86185,311310,0.06768302311232509,0.19579259229026746,0.5489616891014257,575
aquatic,86353,309421,0.04201680672268908,0.23971428571428524,0.8176870748299317,1000
aquatic,86366,311108,0.06811626618788488,0.18860021205048091,0.4887131078189094,500
aquatic,86448,309200,0.07187054186419341,0.17556059781897748,0.5117431335211283,500
aquatic,86691,312283,0.004564357142857143,0.009587842857142847,0.03679421768707475,25
aquatic,86692,313295,0.1325802524330853,0.2938140550571769,1.002992831387165,1066.6666666666667
aquatic,86698,313570,0.4358357005983345,0.8440283345667396,2.680192331539,2400
aquatic,86797,311938,0.07580458554527898,0.30362540632665497,0.5594973742830034,666.6666666666666
aquatic,86848,309155,0.09336333116570643,0.18111071536581588,0.7204322047076801,550
aquatic,86928,310413,0.1352650613620108,0.39335112874558187,0.9092311384753551,1080
aquatic,87048,309156,0.10815490375126241,0.21855832753512802,0.8308148577689043,625
aquatic,87066,309392,0.09681870760756743,0.25035448072526534,0.6320691684173507,750
aquatic,87277,313486,0.09525491186017261,0.17937764322716476,0.6693638219106796,600
aquatic,87288,312804,0.025953947506767924,0.1158587325340446,0.2761555227090728,333.3333333333333
aquatic,87297,313816,0.023400518015425312,0.07008088119533523,0.22821747448979585,275
aquatic,87698,314327,0.03325973569694264,0.05993700112992664,0.21384361516995937,237.5
aquatic,87844,310099,0.08030999726252402,0.2154708097704906,0.7733173778724257,800
aquatic,87886,309833,0.1483103679229152,0.3021976890533428,1.123734638914193,833.3333333333333
aquatic,87932,311261,0.05685343915895924,0.2277190547449912,0.4196230307122525,500
aquatic,87960,310581,0.05956787234893958,0.16485081970443333,0.5380498866213145,500
aquatic,87994,313323,0.008403361344537815,0.04794285714285705,0.1635374149659863,200
aquatic,88023,314118,0.09045840149751111,0.2504610816030387,0.6490110071835117,664
aquatic,88030,312605,0.03676470588235294,0.20974999999999958,0.7154761904761903,875
aquatic,88058,309701,0.022741375663583696,0.09108762189799649,0.16784921228490104,200
aquatic,88061,311891,0.10221911536582884,0.20219710338017094,0.5589436198823503,500
aquatic,88095,311808,0.09110359722865337,0.2060165910819262,0.5354208668392005,550
aquatic,88119,311956,0.09525491186017261,0.17937764322716476,0.6693638219106796,600
aquatic,88133,309746,0.10067815564860864,0.2713867552685123,0.8931650862466736,999.9999999999999
aquatic,88134,314339,0.1108624114324519,0.2801949399655667,0.82219183915184,750.3333333333334
aquatic,88147,310453,0.16431685714285715,0.3451623428571425,1.3245918367346907,900
aquatic,88166,310889,0.05116809524306331,0.20494714927049212,0.37766072764102726,450
aquatic,88201,310611,0.09927426490084129,0.24132095662470676,0.7417382111973773,675
aquatic,88213,310846,0.09343421102436453,0.4170914371225606,0.994159881752662,1200
aquatic,88230,309266,0.19268826372815195,0.4885022285382999,1.4359229688896513,1500
aquatic,88264,310032,0.16965133818126524,0.40752450953353214,1.398819153683151,1410
aquatic,88309,311871,0.15875818643362102,0.29896273871194123,1.1156063698511327,1000
aquatic,88320,310362,0.026459697738936833,0.04982712311865688,0.18593439497518874,166.66666666666666
aquatic,88321,309793,0.1789095176002679,0.6786304961431183,1.2497744179670964,1466.6666666666667
aquatic,88325,309755,0.5330784625436689,1.0852964725574419,3.746218249682131,3400
aquatic,88336,311851,0.19440621848739495,0.4081239999999996,1.5166666666666633,1040
aquatic,88403,312565,0.0878461964932703,0.16542604875394082,0.6173021913176268,553.3333333333334
aquatic,88414,311623,0.052919395477873665,0.09965424623731375,0.3718687899503775,333.3333333333333
aquatic,88420,309352,0.09959275081208105,0.16294937051018,0.5963314460832514,650
aquatic,88447,311075,0.04691167631585365,0.2521779059020553,0.8030580522608989,980
aquatic,88482,313389,0.062281102241115514,0.15586068821241167,0.5384572210295067,587.5
aquatic,88505,314205,0.34276341387187254,0.684191719614986,1.7727864316916135,1585
aquatic,88630,311836,0.09408149059151034,0.21572069305707264,0.6101396349788544,666.6666666666666
aquatic,88671,313334,0.04945471851921719,0.1473880239328643,0.5097142444917684,545.8333333333333
aquatic,88773,310688,0.09948531041919262,0.20355711083970648,0.6490810915376791,666.6666666666666
aquatic,88833,314044,0.10250689105255176,0.27749362011271067,0.7344006375897741,745
aquatic,88866,312304,0.0869540598505768,0.28409510093885015,0.6651114921224046,800
aquatic,88881,310331,0.168053165724529,0.6329975475767637,1.2549407440010079,1500
aquatic,88885,310061,0.06389154647843263,0.15369845645199004,0.5675103586940089,500
aquatic,88908,311137,0.11123926160709353,0.3620362423961461,0.8692809164665407,900
aquatic,88921,313989,0.08592759592736685,0.2764456451908972,0.6789605034063273,691.25
aquatic,88972,314077,0.2645969773893684,0.4982712311865688,1.859343949751888,1666.6666666666667
aquatic,88980,313990,0.07331356738758704,0.32935867322253454,0.7948967256702382,960
aquatic,88988,310100,0.0914542524907582,0.18241068467798532,0.47533016389135463,425
aquatic,88993,310069,0.14374108372838681,0.35112119563795496,1.0234862670422566,1000
aquatic,88994,311773,0.387085462184874,0.807014,1.8583333333333316,1500
aquatic,88998,310944,0.1746862688288151,0.424802609868867,1.1242639932639507,1333.3333333333333
aquatic,89071,310765,0.09569162014355612,0.18362443779683685,0.6209212585501241,666.6666666666666
aquatic,89098,313846,0.1107710117910656,0.2290370245624368,0.8066099086200668,666.6666666666666
aquatic,89130,310326,0.02842671957947962,0.1138595273724956,0.20981151535612624,250
aquatic,89148,311064,0.11818396653805835,0.2950243775167839,0.8153102714696638,857.1428571428571
aquatic,89167,310296,0.19650730694795446,0.6132034031604108,1.338436274999899,1500
aquatic,89201,311588,0.057902897790925875,0.1446508334566739,0.45400562771172304,460
aquatic,89266,313635,0.078795953247038,0.2005645103525882,0.570270011401471,564.2857142857143
aquatic,89269,310043,0.08420470960352396,0.22202561528493264,0.7816865930406056,833.3333333333333
aquatic,89359,313590,0.18155349249863784,0.43238168743169203,1.2908728466539303,1250
aquatic,89423,312441,0.025953947506767924,0.1158587325340446,0.2761555227090728,333.3333333333333
aquatic,89588,309931,0.09918164673736798,0.25507246011602175,0.8445884442776911,925
aquatic,89754,314348,0.10145548533894529,0.2513823871799886,0.7229904454876472,710
aquatic,89795,313396,0.09837868827235487,0.27450542022812824,0.7768215274476902,802.5
aquatic,89912,314255,0.056073919445525755,0.2052940024770276,0.4626876512204674,554
aquatic,89930,310256,0.1415294401191847,0.28028915919060626,1.1035844023419399,1228.5714285714284
aquatic,89940,312981,0.09525491186017261,0.17937764322716476,0.6693638219106796,600
aquatic,89965,312940,0.1846583676758371,0.36853637405247835,1.140095663265306,1350
aquatic,90056,312188,0.1524886154916387,0.2244735674184825,0.9428242757171791,942.8571428571428
aquatic,90058,312305,0.045233442268555246,0.2097452416582097,0.5368863452880989,650
aquatic,90086,310631,0.0672310582279037,0.18097623178166866,0.5481788985298823,550
aquatic,90107,310138,0.06667843830212083,0.12556435025901536,0.46855467533747575,420
aquatic,90176,313826,0.07559060312599532,0.2521994596832628,0.5913293799186012,616.6666666666666
aquatic,90181,310640,0.16616241478991606,0.3701607557142853,1.4268674260401832,1740
aquatic,90276,313046,0.04873151927910792,0.19518776120999246,0.35967688346764504,428.57142857142856
aquatic,90292,310422,0.1846583676758371,0.36853637405247835,1.140095663265306,1350
aquatic,90321,310266,0.07302971428571428,0.15340548571428556,0.588707482993196,400
aquatic,90323,311016,0.13599977192095794,0.38000579469840606,1.1238887127850843,966.6666666666666
aquatic,90327,309823,0.045354415379302356,0.09148279013231661,0.3324404761904761,400
aquatic,90367,311322,0.038369624249699884,0.0856488461083744,0.1603401360544218,160
aquatic,90377,309602,0.047627455930086306,0.08968882161358238,0.3346819109553398,300
aquatic,90469,309304,0.07551122417107817,0.2039816406219095,0.5167743323087053,525
aquatic,90492,311340,0.04994473781759115,0.13266264526078544,0.35740064379814734,360
aquatic,90498,310229,0.1488583240762972,0.34275009791587696,1.1012093726379428,1033.3333333333333
aquatic,90528,312517,0.0635032745734484,0.11958509548477651,0.4462425479404531,400
aquatic,90541,312921,0.15875818643362102,0.29896273871194123,1.1156063698511327,1000
aquatic,90543,311213,0.15707521008403363,0.3298490476190472,1.2451814058956885,850
aquatic,90546,313154,0.17831086663641646,0.36558340995271055,1.2335784632110816,1000
aquatic,90560,310746,0.14413592593696611,0.5193570618709348,1.0845408460050032,1166.6666666666667
aquatic,90564,311222,0.11971386243662248,0.30561638451535256,0.9456958690976212,750
aquatic,90600,312662,0.06222753984257355,0.21838725346632265,0.6050861796718429,620
aquatic,90624,312518,0.016060426257459497,0.020983204232804233,0.147176870748299,100
aquatic,90670,309657,0.10664315966386553,0.34517691428571373,1.242857142857141,1200
aquatic,90714,311494,0.01680672268907563,0.0958857142857141,0.3270748299319726,400
aquatic,90724,311721,0.15321726662633306,0.3095264367135041,1.0121182230569523,800
aquatic,90740,311643,0.14502430494771765,0.2827297187079402,0.9461744550207054,1000
aquatic,90829,311704,0.17304784600201983,0.3496933240562048,1.3293037724302468,1000
aquatic,90857,313521,0.13822392122419866,0.3878627824165509,1.3036007279578274,1350
aquatic,90862,310620,0.11364809071025671,0.23829792577259448,0.9083966836734672,630
aquatic,90942,310257,0.194768503886526,0.38173945150592475,1.5539872789316793,1660
aquatic,90979,312547,0.10428355886441068,0.2246972423635573,0.66390243249729,700
aquatic,91020,310230,0.058211335025661046,0.10961967086104514,0.4090556689454153,366.6666666666667
aquatic,91046,310492,0.10733151886056008,0.22813762706338409,0.778029031824905,833.3333333333333
aquatic,91053,311714,0.3770506927798499,0.7100365044408605,2.6495651283964397,2375
aquatic,91124,310127,0.08731779297703207,0.1776650278805615,0.6765239641361853,500
aquatic,91129,309164,0.08430906520560603,0.15973565507025633,0.5765106679187636,516.6666666666666
aquatic,91160,312292,0.07271004844860246,0.20225940558351424,0.5269155182042548,540
aquatic,91246,313479,0.12465092289788761,0.3179658943505739,0.9776410440235532,960
aquatic,91278,313708,0.1248357077222019,0.27562278637647,0.883987180640171,834
aquatic,91287,311464,0.08142542418706605,0.16324622857142834,0.5596064139941681,500
aquatic,91299,314035,0.07433565906364947,0.17878493424700034,0.5056489056094813,491.5
aquatic,91356,314126,0.21768631591204893,0.5578465539365055,1.7129646583665128,1720
aquatic,91437,310961,0.04927298060443134,0.1973565141123257,0.36367329328395215,433.3333333333333
aquatic,91519,311847,0.08609567754751968,0.20349651290398035,0.5518816987283466,583.3333333333333
aquatic,91567,314247,0.08051730470517773,0.27693962617356266,0.5094189490795994,580
aquatic,91616,310248,0.19844773304202626,0.3737034233899266,1.3945079623139158,1250
aquatic,91726,314216,0.06779527787819357,0.1305949368015304,0.4542342522240635,453.3333333333333
aquatic,91749,310678,0.10875044181723204,0.190135666472547,0.7222641311130829,570
aquatic,91751,312788,0.08280738666572716,0.3435777872790358,0.6957785534213253,833.3333333333333
aquatic,91765,314340,0.03857840657438022,0.11395811259711441,0.2487377881952677,290.2
aquatic,91798,314107,0.03711628272728239,0.10949396867648664,0.25042657064324725,297.5
aquatic,91814,312941,0.09232918383791855,0.18426818702623918,0.570047831632653,675
aquatic,91878,310716,0.114923534093405,0.3516634748356316,0.8403643895566977,885.7142857142857
aquatic,91890,314256,0.05720988293498536,0.16059307560062044,0.3604839911964657,418.6666666666667
aquatic,91902,312073,0.16098459861214315,0.24815684412297917,1.0182484695279237,1000
aquatic,91910,311457,0.09942897653245562,0.19353353628414674,0.6790087782740167,616.6666666666666
aquatic,91972,309553,0.039689546608405256,0.07474068467798531,0.2789015924627832,250
aquatic,91999,310454,0.1369307142857143,0.2876352857142854,1.1038265306122423,750
aquatic,92011,313817,0.04863633053221288,0.1677951428571426,0.5996258503401353,600
aquatic,92012,313619,0.08450012367393266,0.26208514749043255,0.610949096707379,653.3333333333334
aquatic,92085,313938,0.06183434391987039,0.21868910108136894,0.4667382774742962,493.3333333333333
aquatic,92086,312971,0.22715017446170882,0.43545769206471097,1.5378640229123572,1500
aquatic,92168,309125,0.056147773109243695,0.15580699999999978,0.5723639455782303,500
aquatic,92169,310128,0.07937909321681051,0.14948136935597062,0.5578031849255664,500
aquatic,92320,313324,0.07903831310853907,0.27386334045927696,0.5038067041816402,575
aquatic,92332,313325,0.16603394652025597,0.4657207367813624,1.1777083407529507,1172.5
aquatic,92375,311996,0.08673447231112157,0.2858301021781058,0.546944454337269,666.6666666666666
aquatic,92533,312138,0.10583879095574733,0.1993084924746275,0.743737579900755,666.6666666666666
aquatic,92662,312832,0.11471149658225194,0.24601718060792918,0.7831722531558722,720
aquatic,92673,314005,0.1001090804614996,0.18795802385893426,0.6993404110579664,636.4
aquatic,92678,312711,0.04523155536003562,0.16664815503179276,0.3465084990971173,415
aquatic,92681,310158,0.13335687660424167,0.2511287005180307,0.9371093506749515,840
aquatic,92709,310297,0.08528015873843886,0.3415785821174868,0.6294345460683788,750
aquatic,93029,311428,0.08731779297703207,0.1776650278805615,0.6765239641361853,500
aquatic,93034,309747,0.02100840336134454,0.11985714285714262,0.4088435374149659,500
aquatic,93110,311809,0.17101591036414565,0.3582186666666664,1.1682539682539659,833.3333333333333
aquatic,93117,313010,0.15875818643362102,0.29896273871194123,1.1156063698511327,1000
aquatic,93118,310363,0.042335516382298946,0.07972339698985101,0.297495031960302,266.6666666666667
aquatic,93172,310915,0.13945851215253532,0.3429944084975115,0.9381513956732166,937.5
aquatic,93197,309942,0.15875818643362102,0.29896273871194123,1.1156063698511327,1000
aquatic,93204,312826,0.05943009537148193,0.26677060426929355,0.8150037792894933,1000
aquatic,93248,313777,0.2218661068961394,0.4436096944484758,1.6817938002671793,1300
aquatic,93262,313683,0.08243434595059607,0.22248229504375241,0.6554168575153317,657.1428571428572
aquatic,93277,314036,0.038712258994241,0.14867511594189453,0.3158805647558823,355.5
aquatic,93285,312350,0.13372538062342101,0.327040807442752,0.9734978675020691,1000
aquatic,93286,312121,0.03662413465386156,0.10051304926108373,0.20039682539682552,250
aquatic,93291,314086,0.35953317958993114,0.8376397631381677,3.0488998145321973,3000
aquatic,93298,310819,0.0973581975505099,0.23954142204600518,0.7299484825457708,640
aquatic,93310,310188,0.2428581320677342,0.6021218782771249,1.7307146436909489,1700
aquatic,93312,314311,0.04799346922988367,0.1581274130145771,0.5196243197278909,628
aquatic,93323,311153,0.0350140056022409,0.1997619047619044,0.6814058956916097,833.3333333333334
aquatic,93326,313607,0.13415066753640978,0.25262351421159035,0.9426873825242071,845
aquatic,93387,311185,0.09583731971764894,0.2305476846779851,0.8512655380410135,750
aquatic,93446,310515,0.17243588808856875,0.37410088851837764,1.4037112622826893,1400.0000000000002
aquatic,93486,309921,0.05383339623687958,0.13503439555579927,0.4711102195484578,500
aquatic,93526,312015,0.14374108372838681,0.35112119563795496,1.0234862670422566,1000
aquatic,93551,309238,0.044905093893087666,0.19176508411570836,0.41602986627982363,500
aquatic,93553,312429,0.025710885954381753,0.052692583987441005,0.23362487852283764,285.7142857142857
aquatic,93556,310477,0.06866161712904331,0.13824010450213048,0.48944568452380943,587.5
aquatic,93557,311407,0.15875818643362102,0.29896273871194123,1.1156063698511327,1000
aquatic,93563,313646,0.07596868098339811,0.18160096513688412,0.6592215414474036,655
aquatic,93870,312930,0.1304310897758652,0.42614265140827523,0.9976672381836067,1200
aquatic,93880,313674,0.06554417686199651,0.19615340088770422,0.5966215794625742,635
aquatic,93996,310070,0.10583879095574733,0.1993084924746275,0.743737579900755,666.6666666666666
aquatic,93998,309190,0.24828665624202062,0.5769670836416847,1.5278712121364504,1500
aquatic,94053,310441,0.07462388618218714,0.14501603480039543,0.5799880334043193,600
aquatic,94174,310516,0.24546560237428305,0.5275063742326632,1.9924187452758853,1800.0000000000002
aquatic,94222,310119,0.12317582582351266,0.27677169522010187,0.8730355063117077,828.5714285714287
aquatic,94228,314359,0.11138584489748278,0.21659103078454198,0.7902598175786271,662.75
aquatic,94229,311036,0.17453779993037677,0.3400552521058338,1.257802912823427,1080
aquatic,94248,309361,0.06378056471903829,0.17822646348396495,0.5792079971523492,700
aquatic,94278,309106,0.05339137844303697,0.08398449534034545,0.35255787386128323,500
aquatic,94387,311976,0.17066623607395337,0.3412382264988275,1.2936875386670612,1000
aquatic,94444,309959,0.3032889545791664,0.9865556668158558,2.2612017948188825,2333.3333333333335
aquatic,94541,313314,0.03839247084818053,0.10003378978532346,0.34092305710670795,350
aquatic,94560,312617,0.048832179538482075,0.13401739901477833,0.2671957671957673,333.3333333333333
aquatic,94573,314136,0.10898602590061579,0.3017603392807695,0.7819409725102552,800
aquatic,94612,311294,0.03703514550402552,0.10486897797196204,0.28887684611343684,250
aquatic,94648,314302,0.0972721854783008,0.19819984940233235,0.6737811437074822,640
aquatic,94680,309824,0.11146530493841367,0.2294076019511099,0.8570812074829921,800
aquatic,94717,310208,0.14288236779025892,0.2690664648407472,1.0040457328660193,900
aquatic,94729,313809,0.03672836671358436,0.0950893160711396,0.2688179711197171,263.57142857142856
aquatic,94731,311295,0.07580458554527898,0.30362540632665497,0.5594973742830034,666.6666666666666
aquatic,94759,313011,0.08207038563370538,0.16379394402332373,0.5067091836734693,600
aquatic,94799,309247,0.0358216775626729,0.12924095594392418,0.23787273984592217,275
aquatic,94843,309708,0.08387663028035833,0.23786128843989637,0.8477842428311783,900
aquatic,94863,314265,0.07204966246704025,0.17447115676494018,0.5431286544122877,466.66666666666663
aquatic,94868,310807,0.18201574018633007,0.45516582499505504,1.370648455503451,1200
aquatic,94870,312284,0.04499405042016807,0.09221202197802175,0.4088435374149659,500
aquatic,94874,313810,0.04106772670326147,0.11686151783048296,0.27551899844681016,328.6
aquatic,95010,309582,0.08473256863596368,0.15647577076690536,0.606862141841666,533.3333333333334
aquatic,95014,311848,0.23813727965043152,0.44844410806791196,1.673409554776699,1500
aquatic,95150,311529,0.06833354532212882,0.1720831841758239,0.777177661762379,870
aquatic,95249,309658,0.1556052030063645,0.314160262272299,1.1781294192020764,916.6666666666666
aquatic,95389,311420,0.05396515198856065,0.19031587539118755,0.6215636859743789,833.3333333333333
aquatic,95392,311571,0.0507981623374989,0.1322145462980249,0.3045101864382214,320
aquatic,95419,309891,0.1816433765010263,0.5029338988012825,1.3032349541837585,1333.3333333333333
aquatic,95433,311964,0.1055798380971221,0.29713654922796107,0.7748024056288988,714.2857142857143
aquatic,95456,309450,0.05190789501353585,0.2317174650680892,0.5523110454181456,666.6666666666666
aquatic,95590,312225,0.15875818643362102,0.29896273871194123,1.1156063698511327,1000
aquatic,95596,309201,0.10831726469072808,0.21161801389846968,0.39562798805238375,575
aquatic,95606,309227,0.12818581590588615,0.2509987979273992,0.7430072665582194,665
aquatic,95655,310432,0.01050420168067227,0.05992857142857131,0.20442176870748294,250
aquatic,95670,309995,0.0373608707182079,0.06504432199888886,0.226071268573393,233.33333333333334
aquatic,95690,312527,0.08954522459859043,0.3815917744733935,0.7608269374378582,875
aquatic,95756,310308,0.10093687763324499,0.20718820779883373,0.7265545280612233,637.5
aquatic,96029,309202,0.10780581279629013,0.2633408967284662,0.7676147002816927,750
aquatic,96051,309636,0.5685343915895924,2.277190547449912,4.1962303071225255,5000
aquatic,96055,310956,0.12964254435514624,0.27860740043566984,0.9167539872400241,857.1428571428572
aquatic,96056,311644,0.08461876287668614,0.16629980546833584,0.5213738249906347,540
aquatic,96120,312951,0.05019374828907752,0.1346692561065566,0.4833233611702661,500
aquatic,96230,312275,0.03522176315108435,0.1767869065433904,0.513749295093029,625
aquatic,96266,309451,0.1563676787236634,0.3053846074074072,1.1337499999999976,800
aquatic,96354,310503,0.12900694856572756,0.28181842406910457,0.9069671201814058,1100
aquatic,96370,311367,0.3968954660840525,0.7474068467798533,2.7890159246278317,2500
aquatic,96374,312430,0.0319472,0.1164699516483514,0.4350095238095236,532
aquatic,96418,313155,0.08130483512722549,0.18075477500699835,0.5648270631535707,500
aquatic,96431,314236,0.16414077126741075,0.32758788804664746,1.0134183673469386,1200
aquatic,96534,311202,0.07723438861389159,0.24196779153838124,0.5588196985400287,600
aquatic,96559,309659,0.06839198802808781,0.13649495335276976,0.4222576530612244,500
aquatic,96566,309381,0.05685343915895924,0.2277190547449912,0.4196230307122525,500
aquatic,96591,310820,0.06811626618788488,0.18860021205048091,0.4887131078189094,500
aquatic,96742,313847,0.1277661196722736,0.2485767281784798,1.1564376546263457,1000
aquatic,96745,312306,0.02794995647035336,0.09434875597726809,0.221643051053744,266.66666666666663
aquatic,96786,314119,0.04005906758468622,0.12574516494752366,0.352459667122551,350
aquatic,96795,312371,0.09567452100840336,0.19975417142857138,0.5188435374149654,400
aquatic,96830,311634,0.22797329342695938,0.454983177842566,1.4075255102040816,1666.6666666666667
aquatic,96850,309239,0.06770931144426022,0.1304171033801709,0.4279912389299693,383.3333333333333
aquatic,96954,313122,0.11906863982521576,0.22422205403395598,0.8367047773883495,750
aquatic,96986,312789,0.06210553999929538,0.2576833404592769,0.521833915065994,625
aquatic,97040,314037,0.1650485758002088,0.3974757461459922,1.238509849121596,1087
aquatic,97066,310669,0.07163469362377954,0.1403557416064833,0.5217811379158046,560
aquatic,97075,311977,0.08533311803697669,0.17061911324941376,0.6468437693335306,500
aquatic,97076,311195,0.11971386243662248,0.30561638451535256,0.9456958690976212,750
aquatic,97173,310044,0.16599661101369118,0.4077791076053844,1.4514314820236918,1500
aquatic,97197,312254,0.028901351785006194,0.062250492661103884,0.17415202191987905,208.33333333333331
aquatic,97245,312952,0.05953431991260788,0.11211102701697799,0.41835238869417474,375
aquatic,97251,309544,0.02100840336134454,0.11985714285714262,0.4088435374149659,500
aquatic,97379,310309,0.1262127333015397,0.2777980464379894,0.8551747246517648,900
aquatic,97445,313647,0.08275736038501891,0.18863394581183307,0.6548570810233669,685
aquatic,97532,313503,0.08093438643439747,0.2833355667964794,0.7180103327592119,804.2857142857143
aquatic,97597,314018,0.07511481991639625,0.247628880892079,0.5455340734632612,598
aquatic,97630,311388,0.026260504201680673,0.14982142857142827,0.5110544217687073,625
aquatic,97636,312293,0.03750191419344259,0.12312737166502866,0.30871410169622326,333.3333333333333
aquatic,97643,313252,0.1193922222338144,0.47821001496448157,0.8812083644957303,1050
aquatic,97646,310209,0.11906863982521576,0.22422205403395598,0.8367047773883495,750
aquatic,97648,311154,0.0350140056022409,0.1997619047619044,0.6814058956916097,833.3333333333334
aquatic,97653,311828,0.10220087893109622,0.19742058364168485,0.74177427336094,625
aquatic,97660,311271,0.09525491186017261,0.17937764322716476,0.6693638219106796,600
aquatic,97667,310828,0.15249414761856916,0.3547343520782705,1.0828497382857223,1040
aquatic,97786,311818,0.1615375217882391,0.3220625407845419,1.2200991032929118,950
aquatic,97802,310493,0.14082746917433642,0.3737563323481111,1.2484202569916851,1533.3333333333333
aquatic,97827,310062,0.044918218487394954,0.12464559999999983,0.45789115646258427,400
aquatic,97831,312851,0.15978880187774996,0.40498802009166823,1.0667540567733285,1125
aquatic,97909,310045,0.15593001211126112,0.2819640899796869,1.0919700631184148,1266.6666666666665
aquatic,97912,311624,0.08334844309692128,0.16357319861826608,0.6171635745308758,500
aquatic,97945,309965,0.05303852941176471,0.11125985714285704,0.39600340136054335,275
aquatic,97950,310934,0.2093743087655136,0.45924256871284713,1.4666451875398996,1512.5
aquatic,98005,311017,0.046560050232486716,0.13580658344432306,0.45480317935172976,440
aquatic,98042,312728,0.02100840336134454,0.11985714285714262,0.4088435374149659,500
aquatic,98052,309305,0.11490199228717041,0.31406548213791236,0.804389952102092,820
aquatic,98065,310991,0.0930670629361072,0.23799900395217194,0.6644465239108244,660
aquatic,98103,312423,0.06893861147657722,0.18290940846476655,0.4932852291722045,496.6666666666667
aquatic,98108,313487,0.04503499047619047,0.0946000495238094,0.36303628117913744,246.66666666666666
aquatic,98211,309393,0.10815490375126241,0.21855832753512802,0.8308148577689043,625
aquatic,98272,313296,0.057195508169202686,0.11468252006234253,0.41761579159301976,352
aquatic,98396,309191,0.21357423959126504,0.42548050037002194,1.1183434137474142,1000
aquatic,98446,311978,0.12742615829512755,0.2595467191709596,0.7419648113851919,600
aquatic,98463,309776,0.1260245260432939,0.3568651454709961,1.0314980158730158,1250
aquatic,98546,311262,0.07277240212346782,0.2914803900735888,0.5371174793116832,640
aquatic,98671,313335,0.1051949196116801,0.2618980330417881,0.8355725623582764,1000
aquatic,98737,314237,0.1755090900828823,0.3584574213848396,1.2308982780612228,1140
aquatic,98743,312536,0.05871771537591225,0.11589069566699631,0.5850240414423751,500
aquatic,98776,309320,0.1671453848739496,0.34436028131868085,1.2057142857142853,1400
aquatic,98816,314303,0.08097785026284478,0.16550735483965018,0.47404230442176837,463.3333333333333
aquatic,98929,309619,0.09279463306221694,0.3203485883597879,1.0508377387099412,1175
aquatic,98930,311143,0.04364124338900343,0.14581900356297176,0.33245890764637537,333.3333333333333
aquatic,98950,310679,0.1698309025807148,0.35499648515356996,0.8462168625127359,791.6666666666666
aquatic,98965,310482,0.1408527965579882,0.3990703972365319,1.4251434755923647,1500
aquatic,99034,312331,0.052919395477873665,0.09965424623731375,0.3718687899503775,333.3333333333333
aquatic,99041,309248,0.10068163222810418,0.27197552082921267,0.6890324430782738,700
aquatic,99185,311214,0.01292717086834734,0.02766714285714286,0.13100280809998419,150
aquatic,99186,312972,0.19702810832653106,0.3813017636116539,1.3067477839823876,1333.3333333333333
aquatic,99269,312790,0.05685343915895924,0.2277190547449912,0.4196230307122525,500
aquatic,99335,309172,0.1400770431865603,0.3440791968910986,1.2455483148033153,1250
aquatic,99399,311645,0.12646313844145973,0.27931905503127624,0.8530309468406412,804
aquatic,99401,309469,0.08528015873843886,0.3415785821174868,0.6294345460683788,750
aquatic,99424,309097,0.15951126984789393,0.46501972283684634,1.239431990596198,1100
aquatic,99523,309335,0.018951146386319746,0.07590635158166374,0.13987434357075085,166.66666666666666
aquatic,99526,311655,0.039689546608405256,0.07474068467798531,0.2789015924627832,250
aquatic,99569,311663,0.08230708238890524,0.18062866717566242,0.6607310911150136,464.2857142857143
aquatic,99649,312636,0.2230564375970483,0.4398959302737682,1.661837640717935,1330
aquatic,99903,311965,0.13439909617842605,0.33188088767201146,0.8329607044073055,1000
aquatic,99908,309452,0.15875818643362102,0.29896273871194123,1.1156063698511327,1000
aquatic,99995,311341,0.07937909321681051,0.14948136935597062,0.5578031849255664,500
aquatic,100113,314318,0.1277902879592906,0.3144805859108328,0.9127187600717416,823.3333333333334
aquatic,100134,311617,0.058998143761878154,0.1352326325625806,0.4186065170977903,400
aquatic,100189,309545,0.04201680672268908,0.23971428571428524,0.8176870748299317,1000
aquatic,100237,309284,0.06383288204446563,0.2036980988010671,0.5832809031112283,775
aquatic,100278,312235,0.1062480996009072,0.21232585771182103,0.7626423074347937,666.6666666666667
aquatic,100280,311872,0.09525491186017261,0.17937764322716476,0.6693638219106796,600
aquatic,100289,309497,0.03790229277263949,0.15181270316332748,0.2797486871415017,333.3333333333333
aquatic,100294,312074,0.1514334496411392,0.2903051280431407,1.0252426819415712,1000
aquatic,100298,309098,0.15951126984789393,0.46501972283684634,1.239431990596198,1100
aquatic,100517,312342,0.09949351852817867,0.3985083458037346,0.7343403037464419,875
aquatic,100582,311794,0.09698415323650755,0.2642848065434984,0.6750018308333758,687.5
aquatic,100707,311439,0.21167758191149466,0.398616984949255,1.48747515980151,1333.3333333333333
aquatic,100729,309583,0.2817577154554679,0.5626134826053847,1.4540517161638595,1300
aquatic,100780,312053,0.15160917109055796,0.6072508126533099,1.1189947485660068,1333.3333333333333
aquatic,100848,313180,0.1454043141025783,0.33372414595420163,0.8385815561437214,800
aquatic,100857,310604,0.1962165495155405,0.4074015998437497,1.3110219898093274,1190
aquatic,100874,312360,0.15875818643362102,0.29896273871194123,1.1156063698511327,1000
aquatic,100922,314163,0.034195994014043905,0.06824747667638488,0.2111288265306122,250
aquatic,100932,312168,0.1096902747765773,0.261855303776683,0.7577853363567639,666.6666666666666
aquatic,100973,311722,0.1137598376164563,0.28447864062190936,0.8566552846896569,750
aquatic,101156,310766,0.3531346031911634,1.0666708785206875,2.730637799619747,2500
aquatic,101158,313580,0.12423660511180748,0.2540149752205134,0.9603111808998462,703.75
aquatic,101238,310063,0.05841242720269058,0.1460867763138167,0.5338355596845119,500
aquatic,101412,314319,0.03643885465518033,0.14242619332656786,0.3185634979991867,375
aquatic,101413,309165,0.04548275132716739,0.18217524379599298,0.3356984245698021,400
aquatic,101452,311548,0.06243092227198895,0.1658283065759818,0.44675080474768425,450
aquatic,101517,309702,0.11728138598945001,0.3012940725192981,0.837551872067068,833.3333333333333
aquatic,101547,310871,0.18521788417255786,0.3487898618305982,1.3015407648263213,1166.6666666666667
aquatic,101568,311511,0.06562093282072581,0.24256190883387244,0.5535843946149703,642.8571428571429
aquatic,101572,313076,0.06692499771877003,0.17955900814207548,0.6444311482270213,666.6666666666666
aquatic,101645,314369,0.10936391357603144,0.2164175945266668,0.7822132493393806,686.6666666666667
aquatic,101666,313114,0.018680415723658035,0.07482197513049711,0.13787613866259726,164.28571428571428
aquatic,101676,311215,0.05243658263305323,0.11271991836734688,0.6380539923610635,657.1428571428572
aquatic,101678,309872,0.21167758191149466,0.398616984949255,1.48747515980151,1333.3333333333333
aquatic,101679,310808,0.13623253237576977,0.37720042410096183,0.9774262156378188,1000
aquatic,101704,311302,0.22226146100706942,0.4185478341967178,1.5618489177915855,1400
aquatic,101833,311323,0.043408941471469537,0.11759115268382017,0.34186009328354583,375
aquatic,101835,312054,0.11370687831791848,0.4554381094899824,0.839246061424505,1000
aquatic,101861,311646,0.09373031392665179,0.18035850369336287,0.629481215224787,625
aquatic,101865,311311,0.15875818643362102,0.29896273871194123,1.1156063698511327,1000
aquatic,101905,312055,0.02100840336134454,0.11985714285714262,0.4088435374149659,500
aquatic,101940,309513,0.043413204505601,0.12220168973875725,0.34763767835704734,300
aquatic,101955,311596,0.3947238505909437,0.7664609483380005,2.9399329511954058,2500
aquatic,102022,310840,0.1824764602279266,0.3737501282798833,1.2988945578231275,1166.6666666666665
aquatic,102064,311342,0.15875818643362102,0.29896273871194123,1.1156063698511327,1000
aquatic,102118,309498,0.008890418683749079,0.015714982842068695,0.05490217792543374,66.66666666666667
aquatic,102203,309249,0.09082168825051315,0.25146694940064124,0.6516174770918792,666.6666666666666
aquatic,102273,311203,0.06737732773109244,0.18696839999999973,0.6868367346938764,600
aquatic,102334,310217,0.08747881924738152,0.18458746052302807,0.6463796795775462,666.6666666666666
aquatic,102434,311664,0.022741375663583696,0.09108762189799649,0.16784921228490104,200
aquatic,102612,309842,0.1352328515287147,0.37399559055154336,1.0821690355649987,1012.5
aquatic,102671,313601,0.1585191541889136,0.41895590525526694,1.505750402003355,1550
aquatic,102736,310522,0.11906863982521576,0.22422205403395598,0.8367047773883495,750
aquatic,102776,311512,0.14066733686251023,0.331582161105473,1.121053481892744,833.3333333333333
aquatic,102786,309499,0.01421335978973981,0.0569297636862478,0.10490575767806312,125
aquatic,102799,310231,0.0350140056022409,0.1997619047619044,0.6814058956916097,833.3333333333334
aquatic,102810,309507,0.039689546608405256,0.07474068467798531,0.2789015924627832,250
aquatic,102914,312160,0.05685343915895924,0.2277190547449912,0.4196230307122525,500
aquatic,103016,311144,0.1421335978973981,0.569297636862478,1.0490575767806314,1250
aquatic,103078,312189,0.25641990725779856,0.774606719447478,2.5225565618268355,2566.666666666667
aquatic,103080,312062,0.06085809523809524,0.12783790476190462,0.49058956916099655,333.3333333333333
aquatic,103084,309565,0.10482729049140951,0.331371711305403,0.924179835368523,1000
aquatic,103335,309648,0.06279829676528143,0.1759160192419823,0.6241113945578224,600
aquatic,103372,311324,0.026160603798178403,0.07630666809185539,0.14004705512204235,150
aquatic,103393,309306,0.057149499299719894,0.25014484876847254,0.7535430839002266,925
aquatic,103409,311723,0.10509105610385128,0.2655073549076238,0.629019230267889,625
aquatic,103410,311979,0.2548523165902551,0.5190934383419192,1.4839296227703838,1200
aquatic,103421,309340,0.0956376593494541,0.2855427613814755,1.0382105001469024,1214.2857142857142
aquatic,103435,311503,0.047627455930086306,0.08968882161358238,0.3346819109553398,300
aquatic,103461,313156,0.10057977340936376,0.24664800246305407,0.6685374149659857,625
aquatic,103583,312674,0.06839198802808781,0.13649495335276976,0.4222576530612244,500
aquatic,103800,311351,0.021008403361344546,0.05584285714285719,0.2590561224489796,375
aquatic,103804,309173,0.4151807319442062,0.8659602754534391,2.7656042740938,2666.6666666666665
aquatic,103823,312618,0.15875818643362102,0.29896273871194123,1.1156063698511327,1000
aquatic,103829,312294,0.053902906398145066,0.1316704483642331,0.3838073501408463,375
aquatic,103845,311368,0.07961486928518582,0.2476964339158863,0.45502339548316895,500
aquatic,103851,309571,0.012634097590879832,0.05060423438777583,0.09324956238050056,111.11111111111111
aquatic,103867,309892,0.07937909321681051,0.14948136935597062,0.5578031849255664,500
aquatic,103874,312861,0.06811626618788488,0.18860021205048091,0.4887131078189094,500
aquatic,103938,311523,0.1326580247042382,0.5313444610716462,0.979120404995256,1166.6666666666667
aquatic,104085,310755,0.2021560617519388,0.39645299646405835,1.5098150278536941,1275
aquatic,104169,309554,0.09082168825051315,0.25146694940064124,0.6516174770918792,666.6666666666666
aquatic,104321,309228,0.07400137329502295,0.13940828256762514,0.44494151689145195,550
aquatic,104407,309649,0.27771964391235926,0.7228816841593775,2.5026289682539655,2500
aquatic,104421,312680,0.08716853820504392,0.2115763989636995,0.6236294836192456,625
aquatic,104508,312016,0.053902906398145066,0.1316704483642331,0.3838073501408463,375
aquatic,104529,311296,0.0572378099433904,0.2102744503827308,0.38710082491327164,450
aquatic,104530,309546,0.04201680672268908,0.23971428571428524,0.8176870748299317,1000
aquatic,104532,311325,0.01657330043207221,0.050110069045202835,0.09201611809008856,100
aquatic,104597,310890,0.014789915966386555,0.03076285714285715,0.05612244897959184,50
aquatic,104630,313253,0.0494726525758609,0.11729486823986415,0.35167013490672233,340
aquatic,104752,313467,0.04931508631660292,0.1269110062878407,0.4364427837089623,475
aquatic,104754,311751,0.0862446502370321,0.210672717382773,0.6140917602253542,600
aquatic,104802,313939,0.12598196968734143,0.3271507506506769,0.9182091077655852,877.5
aquatic,104824,309903,0.18521788417255786,0.3487898618305982,1.3015407648263213,1166.6666666666667
aquatic,104967,312218,0.05992904780759167,0.2012220729771006,0.6341207100446498,700
aquatic,104976,312681,0.09495798319327733,0.2736714285714284,0.689455782312925,750
aquatic,105081,309660,0.11229554621848739,0.31161399999999956,1.1447278911564607,1000
aquatic,105139,312500,0.0480655245244556,0.14670678655980826,0.32725167578140923,388.8888888888889
aquatic,105280,311117,0.13417366946778714,0.501814285714286,2.7189091915836103,3500
aquatic,105450,313212,0.22741375663583696,0.9108762189799648,1.67849212284901,2000
aquatic,105458,313887,0.09896687946970896,0.37849397214984776,0.7208088092724946,860
aquatic,105459,313827,0.14157570029253225,0.590275016033373,1.2099001184222962,1450
aquatic,105655,312528,0.09704546435136543,0.32904813366602914,0.7704985601869132,840
aquatic,105809,311752,0.11370687831791848,0.4554381094899824,0.839246061424505,1000
aquatic,105821,311204,0.054493012950307895,0.15088016964038475,0.3909704862551276,400
aquatic,105862,310880,0.03042904761904762,0.06391895238095231,0.24529478458049828,166.66666666666666
aquatic,105864,309274,0.09797536589148437,0.2413229696403848,0.5559704862551276,547
aquatic,105873,313928,0.04369747899159664,0.24930285714285666,0.8503945578231289,1040
aquatic,105877,314127,0.030132322754248396,0.12069109901484534,0.22240020627749385,265
aquatic,105880,314095,0.04369747899159664,0.24930285714285666,0.8503945578231289,1040
aquatic,105883,313828,0.05617556740598214,0.13167380423642694,0.38547092309301806,398
aquatic,105934,314045,0.19050982372034522,0.3587552864543295,1.3387276438213591,1200
aquatic,105949,313888,0.14607727934367798,0.2832413806899311,0.9553913136706942,1005.5
aquatic,106008,309748,0.04046529997983319,0.12973188502341862,0.4584967532518326,500
aquatic,106164,310797,0.01799762016806723,0.0368848087912087,0.1635374149659863,200
aquatic,106246,311027,0.1553767787114846,0.3250625714285712,0.9790816326530595,716.6666666666666
aquatic,106355,313684,0.09656034162044018,0.2752920291043234,0.8022305457304829,781.6666666666666
aquatic,106387,312219,0.05019374828907752,0.1346692561065566,0.4833233611702661,500
aquatic,106424,314144,0.05483451798068726,0.2000300446444682,0.38335561225107617,452.66666666666663
aquatic,106469,311782,0.08533311803697669,0.17061911324941376,0.6468437693335306,500
aquatic,106479,310310,0.208864538854907,0.4141886595075942,1.6050074211705947,1399.9999999999998
aquatic,106531,311743,0.05817694156638845,0.11319425610655676,0.34905465368727295,312.5
aquatic,106542,309403,0.12778309295686527,0.3073969129039801,1.1350207173880178,1000
aquatic,106544,313558,0.05208539007690895,0.11267511196221772,0.3727053419543785,340
aquatic,106818,310064,0.06765849287342893,0.1580269807474226,0.5333444006441228,583.3333333333333
aquatic,106823,310342,0.10239974164437202,0.20474293589929654,0.7762125232002366,600
aquatic,106891,312663,0.12012662362160804,0.43439843922700005,1.1075349831598766,1166.6666666666667
aquatic,106940,312491,0.08156676333714435,0.19387140488524532,0.54380154607907,540
aquatic,107005,313084,0.11774684059607969,0.2415839802615138,0.9218187487166836,666.6666666666666
aquatic,107086,313718,0.1242586897074856,0.44454639306648513,0.8181210569727341,943.3333333333334
aquatic,107141,309250,0.04773109243697479,0.20082666666666638,0.6199546485260768,733.3333333333333
aquatic,107233,312537,0.052919395477873665,0.09965424623731375,0.3718687899503775,333.3333333333333
aquatic,107268,310483,0.10575911354084488,0.23930621465573607,0.8737855906181625,850
aquatic,107270,313496,0.1268919607522394,0.3997586531905405,1.04239718811391,1125
aquatic,107330,312372,0.011624649859943978,0.06632095238095226,0.22622675736961442,276.6666666666667
aquatic,107332,311861,0.12502266464538195,0.2453597979273991,0.9257453617963138,750
aquatic,107333,311389,0.14341070939736436,0.3847693031615904,1.3809238890579032,1428.5714285714287
aquatic,107337,314294,0.06291972611708335,0.28165667236742137,0.6750385606242237,815
aquatic,107343,313468,0.07447292827697743,0.21250838712060782,0.7584214131213656,800
aquatic,107375,311997,0.16286038666623007,0.332764743960873,1.2371124174904664,912.5
aquatic,107376,314283,0.09647709022383247,0.18360510769416305,0.6633675981908724,625
aquatic,107378,310632,0.17158816760676865,0.4318623434402328,1.5452593537414943,1400
aquatic,107379,310593,0.08344632457527228,0.20869539473402382,0.7626222281207312,714.2857142857143
aquatic,107381,310001,0.029532370448179263,0.1010785824175823,0.5105442176870748,500
aquatic,107391,309863,0.05863052564864429,0.1295053713799751,0.4711102195484578,500
aquatic,107427,312457,0.015222535014005596,0.0329200087912088,0.24489795918367346,200
aquatic,107430,309251,0.052919395477873665,0.09965424623731375,0.3718687899503775,333.3333333333333
aquatic,107434,310433,0.033001226890756304,0.10603458241758218,0.4088435374149659,500
aquatic,107445,312953,0.07937909321681051,0.14948136935597062,0.5578031849255664,500
aquatic,107460,311733,0.17463558595406414,0.355330055761123,1.3530479282723706,1000
aquatic,107485,310650,0.10026026701936212,0.21819737017376994,0.7038855760477047,675
aquatic,107548,309275,0.31089098465514475,0.6232287470907596,1.8899819109665132,1666.6666666666665
aquatic,107565,310108,0.22419091583299988,0.5212388098522165,1.6049281934996196,1333.3333333333335
aquatic,107572,312796,0.05871771537591225,0.11589069566699631,0.5850240414423751,500
aquatic,107633,312332,0.0317516372867242,0.059792547742388256,0.22312127397022655,200
aquatic,107644,310571,0.11414776470588235,0.3222597582417575,1.2878571428571426,1575
aquatic,107833,313273,0.036554621848739505,0.20855142857142814,0.7113877551020407,870
aquatic,107963,314266,0.09339658650309438,0.20666557394071916,0.6994793446448342,713.3333333333333
aquatic,108022,310670,0.05859202501028921,0.17316852414774286,0.4028255710935808,462.5
aquatic,108114,313811,0.041654709095388626,0.1203567868828287,0.2604112575830228,300.6
aquatic,108115,310708,0.17463558595406414,0.355330055761123,1.3530479282723706,1000
aquatic,108149,309730,0.07043743846514795,0.1480548714305431,0.6491510255693592,580
aquatic,108253,310908,0.11370687831791848,0.4554381094899824,0.839246061424505,1000
aquatic,108374,309620,0.30346721412080285,0.7117530359284813,2.4150200010489993,2250
aquatic,108388,313908,0.2800455233060674,0.7847633888345891,2.0108021687039384,2066.666666666667
aquatic,108398,309650,0.1445135198188864,0.30117412730806586,1.1219316893424012,833.3333333333333
aquatic,108438,313791,0.16026172506343514,0.31191811086689636,1.149057524238064,1200
aquatic,108569,310402,0.1194735830718743,0.31160925351433777,0.9414378767906965,760
aquatic,108789,312468,0.017342271419928515,0.055599379295750845,0.19649860853649972,214.28571428571428
aquatic,108958,310523,0.14288236779025892,0.2690664648407472,1.0040457328660193,900
aquatic,109087,314067,0.10310092415765228,0.38580143917140974,0.7463383220078212,891
aquatic,109104,309144,0.031512605042016806,0.17978571428571394,0.6132653061224488,750
aquatic,109473,311998,0.19573297634958742,0.37586988156908413,1.2559124923001124,1125
aquatic,109608,311398,0.10202257941811643,0.21321129385636134,0.8474356833744132,833.3333333333333
aquatic,109663,313201,0.14625495399294824,0.548861066312849,1.0235419806398083,1228.5714285714287
aquatic,109731,309353,0.11716574496143646,0.23571932116618072,0.8256071428571425,990
aquatic,109736,309470,0.02842671957947962,0.1138595273724956,0.20981151535612624,250
aquatic,109737,309756,0.125175798268983,0.2643146234508081,0.9407195745760627,1100
aquatic,109747,312719,0.09455542711856173,0.27324587518501076,0.9494086155906822,1050
aquatic,109877,312266,0.10340791721486584,0.27436411269714983,0.7399278437583066,745
aquatic,109922,314341,0.03288248380175293,0.10042470184497425,0.21287984443636881,249.2
aquatic,110037,310798,0.0640318569761557,0.2004909461009037,0.7083334465997867,775
aquatic,110051,312797,0.17976658979496557,0.41881988156908384,1.5244499072660986,1500
aquatic,110086,312255,0.10007973605453283,0.19770825397909508,0.6179123820070662,733.3333333333333
aquatic,110097,309731,0.05495079048095427,0.14495675885380938,0.5598539734151641,562.5
aquatic,110104,310287,0.050468438816622496,0.10359410389941687,0.36327726403061167,318.75
aquatic,110208,310535,0.1504573344240252,0.4036801964236267,1.1113540400628577,1200
aquatic,110225,312082,0.11790786686642912,0.2485064129039804,0.8916744641580445,833.3333333333333
aquatic,110291,314320,0.11432314544481445,0.3671195095102786,1.1474994449779643,1185
aquatic,110301,311902,0.027583710219247,0.08641706840656474,0.19957846376429592,214.28571428571428
aquatic,110303,310582,0.1268364098972923,0.31973219950738896,1.034979521524371,999.9999999999999
aquatic,110306,310189,0.32924951964158156,0.6357204672904407,2.4168266195297243,2075
aquatic,110373,311852,0.17304784600201983,0.3496933240562048,1.3293037724302468,1000
aquatic,110495,310101,0.1979939957014607,0.3921088483155814,1.2224489301534567,1450
aquatic,110534,313898,0.13120968264575666,0.25417517379330884,1.1519008452068773,1000
aquatic,110566,309522,0.04425770308123251,0.09828571428571427,0.8235326688815061,1000
aquatic,110706,309732,0.18105599565778688,0.3876216537818894,1.6157510307305551,1550
aquatic,110827,309637,0.10283163980309949,0.3916830034295957,0.9665443294817548,1166.6666666666665
aquatic,110830,314155,0.13054718845987381,0.35442851862646274,0.9354639125665936,950
aquatic,110895,313221,0.15904987808456716,0.35311264448654733,1.3040060468631893,1600
aquatic,110936,312606,0.15958130539887158,0.3184882244897962,0.9852678571428571,1166.6666666666667
aquatic,111015,312833,0.14060640756302523,0.288162568681318,1.2776360544217682,1562.5
aquatic,111018,312942,0.08192572395533548,0.16591929678851744,0.6368626700680271,770
aquatic,111075,313469,0.08940039138943234,0.2563520962099124,0.8311011904761902,1000
aquatic,111101,311539,0.08086533457965578,0.2726653351148189,0.8816914719637764,875
aquatic,111115,310484,0.23813727965043152,0.44844410806791196,1.673409554776699,1500
aquatic,111256,313164,0.11585158292083739,0.3629516873075718,0.8382295478100428,900
aquatic,111364,311715,0.15875818643362102,0.29896273871194123,1.1156063698511327,1000
aquatic,111596,312131,0.19092943286857597,0.37913181465573614,1.1882073593256448,1000
aquatic,111677,310423,0.0158758186433621,0.029896273871194128,0.11156063698511327,100
aquatic,111718,314217,0.18199343937330806,0.3931664826070156,1.376946525254736,1230
aquatic,111928,312044,0.17553754778327996,0.36210544563403235,1.1765523990165665,1125
aquatic,112038,311656,0.039689546608405256,0.07474068467798531,0.2789015924627832,250
aquatic,112154,313115,0.055565365251767355,0.10463695854917945,0.3904622294478964,350
aquatic,112162,309603,0.09128714285714286,0.19175685714285692,0.7358843537414949,500
aquatic,112192,310572,0.15666401173802857,0.44015158191234016,1.2157974300831444,1500
aquatic,112257,311480,0.1460650700773166,0.27954926722076906,1.082010899837329,1050
aquatic,112297,311458,0.04559465868539187,0.09099663556851319,0.28150510204081625,333.3333333333333
aquatic,112317,310717,0.09404111130296722,0.33785350582409535,0.8858945284720012,1000
aquatic,112452,313286,0.03497039201680672,0.11889471571428553,0.4255977891156457,422.5
aquatic,112456,311007,0.13409268363928076,0.25867733203818644,0.8956093073745459,900
aquatic,112483,309220,0.07783224675854468,0.18206807549960918,0.4905829210522862,483.3333333333333
aquatic,112534,309174,0.2007749931563101,0.5386770244262264,1.9332934446810643,2000
aquatic,112720,311578,0.05685343915895924,0.2277190547449912,0.4196230307122525,500
aquatic,112925,310747,0.08528015873843886,0.3415785821174868,0.6294345460683788,750
aquatic,113040,311421,0.033462498859385015,0.08977950407103774,0.32221557411351065,333.3333333333333
aquatic,113226,309843,0.2725423545008479,0.5368256068438091,2.0559124923001106,1750
aquatic,113229,311705,0.12742615829512755,0.2595467191709596,0.7419648113851919,600
aquatic,113231,309611,0.17807915679631495,0.4535349303022145,1.232846298340593,1200
aquatic,113755,309430,0.334279433962117,0.8477499953270593,3.018967854281677,2712.5
aquatic,113777,310434,0.029996033613445376,0.061474681318681175,0.2725623582766439,333.3333333333333
aquatic,114003,310748,0.11370687831791848,0.4554381094899824,0.839246061424505,1000
aquatic,114038,312083,0.07487396240524025,0.16512890643377476,0.5301671540829036,500
aquatic,114080,311123,0.8506443713270643,1.7225327483046977,5.997654879967916,5500
aquatic,114083,311440,0.01577591036414566,0.0328137142857143,0.05986394557823129,53.333333333333336
aquatic,114113,309621,0.23045629961300454,0.6636614374154521,1.5154746522942057,1750
aquatic,114219,313878,0.049183073242357156,0.11555015997493959,0.4684491336198305,521.25
aquatic,114291,312409,0.07580458554527898,0.30362540632665497,0.5594973742830034,666.6666666666666
aquatic,114332,310594,0.11206163454924824,0.2752633575128789,0.9964386518426522,1000
aquatic,114337,312862,0.07683890259907201,0.14315756974787955,0.5285958148286037,500
aquatic,114360,313192,0.29084281242347687,0.6768262421449791,1.9997128189307323,2050
aquatic,114386,309604,0.09211935754124764,0.3552280774527638,0.6716603113745012,800
aquatic,114400,310319,0.10190062204881956,0.27549573497536917,0.8463492063492053,800
aquatic,114425,312190,0.24234052350429716,0.5562069099236694,1.3976359269062022,1333.3333333333333
aquatic,114481,310962,0.09096550265433478,0.36435048759198596,0.6713968491396042,800
aquatic,114482,309431,0.18257428571428572,0.38351371428571385,1.4717687074829897,1000
aquatic,114483,310660,0.21561162559258026,0.5266817934569324,1.5352294005633853,1500
aquatic,114484,310661,0.04943512294082416,0.2337166702296382,0.6186550527710921,750
aquatic,114485,312805,0.013335628025623615,0.023572474263103035,0.08235326688815062,100
aquatic,114486,310718,0.2984140228317934,0.7626081186481897,2.4171021072116443,2166.6666666666665
aquatic,114538,312882,0.1511813845976745,0.30494263377438874,1.1081349206349203,1333.3333333333333
aquatic,114554,309362,0.14783512045438196,0.296802447068656,0.7706426638913546,750
aquatic,114572,310298,0.15918962964508585,0.6376133532859755,1.1749444859943072,1400
aquatic,114671,312758,0.13840469387755105,0.2942299656593401,1.227992010757791,1500
aquatic,114685,312759,0.034559423769507845,0.08493321428571432,0.2745108896271687,333.3333333333333
aquatic,114687,311028,0.31916261079774316,0.6369764489795924,1.9705357142857143,2333.3333333333335
aquatic,114718,312625,0.0317516372867242,0.059792547742388256,0.22312127397022655,200
aquatic,114731,310403,0.10246414815987298,0.3333032118093207,0.8214914274852538,982.8571428571429
aquatic,114744,310320,0.2986839576796858,0.7790231337858443,2.353594691976741,1900
aquatic,114809,311065,0.1317274015641995,0.39284796117876597,0.9497901847951562,1000
aquatic,114908,312063,0.07302971428571428,0.15340548571428556,0.588707482993196,400
aquatic,114943,313648,0.07647938780357104,0.16641670998852848,0.5880445269118287,593.3333333333334
aquatic,115027,311734,0.09016406448941477,0.20587932405620496,0.7569568336547384,700
aquatic,115242,313016,0.30402398666094294,0.6063240581877758,2.2921283569795063,1800
aquatic,115286,309145,0.12171619047619048,0.25567580952380925,0.9811791383219931,666.6666666666666
aquatic,115312,309460,0.11906863982521576,0.22422205403395598,0.8367047773883495,750
aquatic,115422,309904,0.02100840336134454,0.11985714285714262,0.4088435374149659,500
aquatic,115424,311008,0.23813727965043152,0.44844410806791196,1.673409554776699,1500
aquatic,115589,310013,0.1270065491468968,0.23917019096955303,0.8924850958809062,800
aquatic,115758,310935,0.0717070343166725,0.17609386485568745,0.5944446705586977,600
aquatic,115775,310249,0.39054424410469946,0.7123424004008752,2.5740266471436186,2700
aquatic,115912,313165,0.19844773304202626,0.3737034233899266,1.3945079623139158,1250
aquatic,115922,312760,0.1889584300469624,0.5963782249746298,1.452967214949885,1750
aquatic,115929,313326,0.31751637286724205,0.5979254774238825,2.2312127397022654,2000
aquatic,115938,314206,0.175922078984175,0.4519411087789472,1.256327808100602,1250
aquatic,116453,310641,0.050802352941176535,0.12485182500000006,0.403531007751938,490
aquatic,116484,312798,0.10305137292610772,0.30655843166848706,0.9411665901573267,1000
aquatic,116496,313879,0.1153716097851831,0.29926316276836606,0.74517893386993594,822.5
aquatic,116504,313947,0.1351605617166901,0.3472132125717758,0.9482396342881593,977.5
aquatic,116510,313117,0.03482696502968184,0.10580262545285787,0.2514349805558641,266.66666666666663
aquatic,116538,310957,0.08918703181712709,0.23689758082283116,0.6382154353538345,642.8571428571429
aquatic,116556,313948,0.11944705870586429,0.3436606453538479,0.8591516101613096,892
aquatic,116658,310299,0.12299810690566668,0.43916285500014507,0.9272578262906725,1111.111111111111
aquatic,116709,313106,0.36514857142857143,0.7670274285714277,2.9435374149659794,2000
aquatic,116711,313085,0.17066623607395337,0.3412382264988275,1.2936875386670612,1000
aquatic,116718,310612,0.05400846685340804,0.12899898363858342,0.5142252456538166,522.2222222222222
aquatic,116752,309716,0.06133146921949731,0.12131826202810256,0.3353661719294102,300
aquatic,116762,312664,0.032956748627216106,0.15581111348642548,0.4124367018473947,500
aquatic,116813,314145,0.1085725029278507,0.34880138194837806,0.7838136661508067,858.75
aquatic,116920,311837,0.09082168825051315,0.25146694940064124,0.6516174770918792,666.6666666666666
aquatic,118867,310090,0.10804185541715527,0.2710247852389269,0.770479954727405,760
aquatic,118913,310170,0.12764372119954076,0.43102522775522645,0.9712637087237564,1166.6666666666665
aquatic,118959,313481,0.03003259913080354,0.13171909815973204,0.3028753745648126,365
aquatic,118974,313818,0.08152680398521311,0.1966769811990621,0.6857799629064394,684
aquatic,119014,312179,0.052919395477873665,0.09965424623731375,0.3718687899503775,333.3333333333333
aquatic,119018,313655,0.07157792032497194,0.19415051432745084,0.4742065648239265,499.99999999999994
aquatic,119037,313470,0.04448394388798046,0.11192894465836609,0.37751301793749414,420
aquatic,119065,313917,0.16621765389034107,0.41194822138722187,1.1845143504719005,1163.3333333333335
aquatic,119148,311716,0.11398664671347969,0.227491588921283,0.7037627551020408,833.3333333333334
aquatic,119180,311037,0.11197869584038891,0.2512057106628999,0.8230213826658239,720
aquatic,119207,309709,0.22226146100706942,0.4185478341967178,1.5618489177915855,1400
aquatic,119215,312556,0.06692499771877003,0.17955900814207548,0.6444311482270213,666.6666666666666
aquatic,119274,312901,0.12502266464538195,0.2453597979273991,0.9257453617963138,750
aquatic,119293,313413,0.16242763313731723,0.42652927598843215,1.1615012666632558,1165
aquatic,119332,313730,0.19736420168067226,0.414276571428571,1.5278911564625814,1050
aquatic,119350,314184,0.11692393522229685,0.31670847621636655,0.8377212910028118,850
aquatic,119703,310190,0.09485801639408857,0.17863023638038492,0.6665748059860518,597.5
aquatic,119819,313345,0.12628007633129917,0.241878221243441,0.8204496645224318,735
aquatic,119840,314078,0.09637070528651484,0.25183954000650466,0.6654749105724934,667.1428571428572
aquatic,119877,312799,0.04494164744874139,0.10470497039227096,0.38111247681652466,375
aquatic,119903,310391,0.10583879095574733,0.1993084924746275,0.743737579900755,666.6666666666666
aquatic,119915,311549,0.06429008330966551,0.145198057186312,0.455793396092828,433.3333333333333
aquatic,119932,313829,0.07033471346776496,0.20433816062197907,0.5151946396207088,530
aquatic,119995,310999,0.15367214676652668,0.47807353547025655,1.051692199129603,1250
aquatic,120026,309354,0.11361901759320908,0.2969652671848978,0.7923700281122873,833.3333333333333
aquatic,120034,313701,0.10380296317309257,0.23113029912300503,0.9124491199897085,860
aquatic,120037,310404,0.14883429983099328,0.4570308920409405,1.1482048572761994,1066.6666666666665
aquatic,120039,310364,0.03704357683451158,0.06975797236611964,0.26030815296526427,233.33333333333334
aquatic,120052,313298,0.052269233695150547,0.10074103374821919,0.34979856988859387,350
aquatic,120089,309612,0.22121923809523786,0.40488347252747214,1.6945404208194892,1800
aquatic,120155,312075,0.21566028649412144,0.43345024847684926,1.7025310760820271,1500
aquatic,120348,313123,0.07187054186419341,0.17556059781897748,0.5117431335211283,500
aquatic,120353,311145,0.035935270932096704,0.08778029890948874,0.25587156676056416,250
aquatic,120415,313748,0.11748105796087956,0.22123242664683657,0.8255487136898381,740
aquatic,120589,310053,0.08094772798284097,0.41350238451535215,1.2319203588935408,1500
aquatic,120719,313346,0.02957983193277311,0.0615257142857143,0.11224489795918367,100
aquatic,120765,310719,0.09785516455886323,0.30530636479238626,0.8908421912488216,1000
aquatic,120807,310561,0.11906863982521576,0.22422205403395598,0.8367047773883495,750
aquatic,120825,313299,0.09525491186017261,0.17937764322716476,0.6693638219106796,600
aquatic,120949,311744,0.09786821008403362,0.2037528285714286,0.4103231292517005,350
aquatic,120978,310709,0.138340763697479,0.2891239226373622,1.1447210884353718,920
aquatic,121011,311862,0.17463558595406414,0.355330055761123,1.3530479282723706,1000
aquatic,121050,313504,0.13979699140869556,0.3784229819757995,1.0043094562037258,1000
aquatic,121051,312442,0.011370687831791848,0.045543810948998245,0.08392460614245052,100
aquatic,121052,310916,0.09898517538322477,0.2477729550251909,0.6671346769776528,675
aquatic,121073,313778,0.08717068130797845,0.1853246249119223,0.6332041911430386,516
aquatic,121105,312431,0.03986162258823529,0.1839936880879117,0.6525142857142855,798
aquatic,121108,310120,0.13623253237576977,0.37720042410096183,0.9774262156378188,1000
aquatic,121109,312432,0.08510039073366184,0.20047415937830593,0.6047103310087228,583.3333333333334
aquatic,121132,309595,0.037972302671068436,0.1353133583743841,0.35471938775510203,437.5
aquatic,121138,309794,0.04499405042016807,0.09221202197802175,0.4088435374149659,500
aquatic,121151,312433,0.04201680672268908,0.23971428571428524,0.8176870748299317,1000
aquatic,121153,314227,0.10146970433500706,0.4242790590205573,0.8758186178470871,1050
aquatic,121161,310517,0.17798558879156545,0.359913531792438,1.159847864491275,1287.5
aquatic,121171,312806,0.016609045031645307,0.04274782658347249,0.1540296227608065,157.14285714285714
aquatic,121282,312607,0.31916261079774316,0.6369764489795924,1.9705357142857143,2333.3333333333335
aquatic,121319,310799,0.014221018116315421,0.02851861823798964,0.122750487792016,150
aquatic,121549,311903,0.02455338728267829,0.10786825634356845,0.24889928688140842,300
aquatic,121607,309355,0.07697552915467018,0.17263139784565268,0.6598750287458892,600
aquatic,121694,311625,0.06826649442958134,0.13649529059953103,0.5174750154668245,400
aquatic,121701,312315,0.06880719985345085,0.2094973177030187,0.49313417107940727,533.3333333333334
aquatic,121714,309321,0.08978059202441624,0.2180220461288921,0.4941760854847151,483.33333333333326
aquatic,121814,311495,0.19050982372034522,0.3587552864543295,1.3387276438213591,1200
aquatic,121924,314108,0.14306981199894875,0.3768367669596114,1.1110143216089228,1132
aquatic,121968,313709,0.1294037052738072,0.28719748618136726,1.099097062476586,986
aquatic,122152,310405,0.12152554167830097,0.3122897490786881,1.0260978226708126,1025
aquatic,122154,311086,0.07194335561034623,0.17111748151862455,0.5437862945557131,612.5
aquatic,122178,309738,0.09621711484593838,0.20201114285714264,0.7545918367346921,516.6666666666666
aquatic,122255,311524,0.10217439928182731,0.2829003180757214,0.7330696617283641,750
aquatic,122269,311795,0.22531832486771003,0.7270090084162509,1.6680852515021163,1800
aquatic,122277,309422,0.1094271808449405,0.21839192536443164,0.6756122448979591,800
aquatic,122373,309651,0.12369421088983537,0.33436315889212787,1.2151041666666647,1083.3333333333335
aquatic,122383,310081,0.08918358468190607,0.18236390476515713,0.4098635105204872,420
aquatic,122580,313414,0.06862279801085218,0.2578338130867812,0.7923489303221125,1040
aquatic,122584,311774,0.12826193277310927,0.2686639999999998,0.8761904761904744,625
aquatic,122635,313581,0.08482953746759442,0.16558617655328808,0.5915417785867051,500
aquatic,122875,313795,0.032340747649226446,0.07845824032967393,0.23926647088263284,241.42857142857142
aquatic,122903,309811,0.06702471755368813,0.1400431838827837,0.6728798185941037,633.3333333333333
aquatic,122961,313571,0.03761524705882353,0.10930505142857128,0.3990204081632647,360
aquatic,122964,311175,0.03019628775499618,0.07625985985688231,0.24474235553145612,248.88888888888889
aquatic,122968,313858,0.14476054824961365,0.41135828231271054,1.0403696702446568,1075
aquatic,122974,311635,0.13678397605617562,0.2729899067055395,0.84451530612244885,1000
aquatic,123026,311753,0.05643792406127235,0.18831667022963852,0.5552196786214324,750
aquatic,123056,313422,0.1061636523923774,0.28535191378896,0.7895420368821144,861.1111111111111
aquatic,123061,311205,0.054493012950307895,0.15088016964038475,0.3909704862551276,400
aquatic,123066,313136,0.19050982372034522,0.3587552864543295,1.3387276438213591,1200
aquatic,123071,310258,0.044089450419834364,0.06585302530234317,0.3682488307823123,287.5
aquatic,123073,309192,0.23813727965043152,0.44844410806791196,1.673409554776699,1500
aquatic,123328,311819,0.24343238095238096,0.5113516190476185,1.9623582766439862,1333.3333333333333
aquatic,123659,310847,0.06140171429167598,0.2459365791245905,0.4531928731692327,540
aquatic,123672,311724,0.11967024283414046,0.25835397041416197,0.5625145478148201,542.8571428571429
aquatic,123692,309803,0.09868210084033613,0.2071382857142855,0.7639455782312907,525
aquatic,123734,311124,0.3704357683451157,0.6975797236611964,2.6030815296526426,2333.3333333333335
aquatic,123856,311948,0.18624512605042018,0.4654282857142853,1.4253401360544198,1250
aquatic,123926,313603,0.16495450318882834,0.3127970589574418,1.2266160563702067,1020
aquatic,124031,311422,0.09011827731092434,0.24450480586080575,1.4970521541950113,1333.3333333333333
aquatic,124088,312226,0.07093904464057732,0.16484773818333853,0.4365346320389859,428.57142857142856
aquatic,124093,312443,0.0881629396216726,0.21074404940053357,0.3855180025760223,375
aquatic,124099,310442,0.06789832638608487,0.21328738448200865,0.5523110454181456,666.6666666666666
aquatic,124107,311281,0.04903829150507067,0.11764150154852936,0.3294948597045138,320
aquatic,124216,309508,0.07610831659025512,0.1914993811990621,0.6915486703894326,700
aquatic,124221,312236,0.03405813309394244,0.09430010602524046,0.2443565539094547,250
aquatic,124236,310002,0.05992219659832185,0.13960662718969463,0.5081499690886995,500
aquatic,124265,312045,0.08093059995966638,0.25946377004683724,0.9169935065036652,1000
aquatic,124334,313038,0.07190663591798621,0.16752795262763356,0.6097799629064394,600
aquatic,124368,310191,0.35929672951047253,0.7793707213203407,2.311056776102402,2316.6666666666665
aquatic,124398,309703,0.07985397481111778,0.16416460899739674,0.5434337298614804,516.6666666666666
aquatic,124416,312325,0.10898602590061579,0.3017603392807695,0.7819409725102552,800
aquatic,124449,313315,0.12827914586149344,0.34965301310868174,1.0978712710842145,1025
aquatic,124651,313430,0.022741375663583696,0.09108762189799649,0.16784921228490104,200
aquatic,124667,312961,0.08291542909131905,0.16112892755599492,0.6444311482270213,666.6666666666666
aquatic,124670,309884,0.033783519922254625,0.0837823201429112,0.23132491091674767,285.7142857142857
aquatic,124678,312549,0.02473661939775909,0.05349501428571431,0.3979591836734694,325
aquatic,124700,311800,0.15875818643362102,0.29896273871194123,1.1156063698511327,1000
aquatic,124740,312227,0.07860344844754226,0.1501003574071585,0.5182044792073367,464.2857142857143
aquatic,124751,309356,0.10955558454724769,0.23982949762709938,0.7391495803867585,750
aquatic,124811,312712,0.05685343915895924,0.2277190547449912,0.4196230307122525,500
aquatic,124822,313471,0.11988551168412555,0.37953680116618044,1.2426275510204077,1500
aquatic,125229,309910,0.06822412699075109,0.27326286569398944,0.503547636854703,600
aquatic,125249,311892,0.09128714285714286,0.19175685714285692,0.7358843537414949,500
aquatic,125276,309710,0.30820944341911366,0.9234354059860068,2.9971909400276044,3000
aquatic,125278,312931,0.1729052590002141,0.5481263552144164,1.3286516449905093,1600
aquatic,125297,311009,0.020568708763505403,0.04215406718995281,0.1868999028182701,228.57142857142858
aquatic,125451,309208,0.1765673015955817,0.5333354392603438,1.3653188998098735,1250
aquatic,125480,312285,0.03537022278655509,0.08160652831235338,0.3048019287279402,250
aquatic,125568,311263,0.06568550878482315,0.22615063444566139,0.428876199973302,520
aquatic,125652,314120,0.1400227616530337,0.39238169441729454,1.0054010843519692,1033.3333333333335
aquatic,125686,312557,0.1198443931966437,0.27921325437938926,1.016299938177399,1000
aquatic,125725,313137,0.10361011183728824,0.19927162506951104,0.6965738079905369,690
aquatic,125726,313610,0.1298951620125193,0.2860802994460946,0.9030209132229128,800
aquatic,125742,314185,0.13644825398150218,0.5465257313879789,1.007095273709406,1200
aquatic,125779,312132,0.18039801428200347,0.41823841153233077,0.97892921017275,937.5
aquatic,125807,309481,0.15875818643362102,0.29896273871194123,1.1156063698511327,1000
aquatic,125809,313348,0.060260461632215184,0.18272426335777697,0.40955718876215386,486.66666666666663
aquatic,125854,313138,0.0806267895449207,0.18003835178538324,0.4984978417605392,550
aquatic,125889,310443,0.07937909321681051,0.14948136935597062,0.5578031849255664,500
aquatic,125890,309341,0.09863616034140062,0.2715520039328643,0.8335388150410119,1000
aquatic,125905,309885,0.11906863982521576,0.22422205403395598,0.8367047773883495,750
aquatic,125925,313086,0.10954457142857144,0.2301082285714283,0.8830612244897937,600
aquatic,125927,310613,0.0702188100840336,0.17687095736263708,0.6802993197278902,640
aquatic,125928,314156,0.05718339836999421,0.16704691885753287,0.41172610316303665,430
aquatic,125997,310250,0.404594733929638,0.9949778469263766,3.5231197489463213,3925
aquatic,126056,310003,0.060229178082191734,0.14936965111758976,0.5223285147392284,500
aquatic,126222,313889,0.13062070278284707,0.5171412992145086,0.9608283556474188,1145.25
aquatic,126224,309193,0.0838595770944568,0.22285389548477633,0.7867867656275278,812
aquatic,126256,313096,0.2105973220878828,0.4263625601405127,1.5273727042918859,1500
aquatic,126258,311000,0.07485105932702647,0.2646038635361999,0.5831604456782388,700
aquatic,126263,310494,0.10691728168766554,0.21331103768146187,0.8995830612311944,1020
aquatic,126380,312351,0.03607532695450567,0.09306601319520304,0.26633075043403354,266.66666666666663
aquatic,126470,311038,0.05995382870558981,0.14278302483199617,0.4191259745025594,420
aquatic,126472,312228,0.10935341215462374,0.2577206846779852,0.7078131570886335,700
aquatic,126587,312392,0.11286170972321237,0.2656224328417369,0.8019363248310178,773.3333333333334
aquatic,126601,310583,0.12379580317841422,0.29923605489092153,1.0734855847100726,857.1428571428572
aquatic,126697,309500,0.05953431991260788,0.11211102701697799,0.41835238869417474,375
aquatic,126715,311196,0.021454721445237225,0.1030752395204267,0.2801695041016341,340
aquatic,126831,313531,0.08450012367393266,0.26208514749043255,0.610949096707379,653.3333333333334
aquatic,126861,310014,0.07187054186419341,0.17556059781897748,0.5117431335211283,500
aquatic,126898,312267,0.09433314763424568,0.284623919584196,0.6807168495570106,720
aquatic,126994,313107,0.14096982343299228,0.2952745702100511,1.1027304454250282,1200
aquatic,126997,312891,0.21833745944739796,0.4423906954847765,1.1895758812737858,1000
aquatic,127098,314275,0.2295326025368814,0.44679776965198825,1.373906487352069,1230
aquatic,127181,310736,0.1462869431193168,0.32288673686235875,0.9802240343683468,1033.3333333333335
aquatic,127232,313405,0.23401988491984094,0.5305878517180789,1.8397815742712564,1683.3333333333333
aquatic,127352,309596,0.09088941743059126,0.17711215262763358,0.6670078540629015,550
aquatic,127469,312169,0.07394957983193279,0.15381428571428576,0.28061224489795916,250
aquatic,127522,312863,0.27246506475153953,0.7544008482019237,1.9548524312756377,2000
aquatic,127690,310140,0.18642008648593697,0.46366648494668916,1.328757512673054,1306.6666666666667
aquatic,127774,314146,0.11276604326093527,0.3287542224741217,0.7934828864130407,836.4000000000001
aquatic,127790,313582,0.127802,0.2684595999999997,1.030238095238093,700
aquatic,127850,312954,0.02100840336134454,0.11985714285714262,0.4088435374149659,500
aquatic,127869,313497,0.11791125002690388,0.38130909171561256,0.8551161203999791,930
aquatic,128207,310159,0.06340343858773363,0.1596159184210073,0.452244127129068,446.66666666666663
aquatic,128267,310424,0.046164591918959275,0.09213409351311959,0.2850239158163265,337.5
aquatic,128586,309886,0.13361739558185176,0.26564734691334796,0.7590384663077998,660
aquatic,128594,311853,0.13031715243025777,0.2472750595284614,0.938915661742091,875
aquatic,128595,310701,0.023621876470588235,0.04841131153846142,0.21464285714285708,262.5
aquatic,128653,312017,0.06811626618788488,0.18860021205048091,0.4887131078189094,500
aquatic,128668,312027,0.22741375663583696,0.9108762189799648,1.67849212284901,2000
aquatic,128669,312807,0.015756302521008403,0.08989285714285697,0.3066326530612244,375
aquatic,128675,314006,0.1435879114700808,0.513549156923097,0.9665674850495215,1166.6666666666667
aquatic,128704,311087,0.0862446502370321,0.210672717382773,0.6140917602253542,600
aquatic,128718,310863,0.14874111581745905,0.35938485962758865,1.0299820665288764,1013.75
aquatic,128744,313118,0.04655321961250891,0.08523253044383036,0.36997553049689413,480
aquatic,128767,309804,0.0599088268907563,0.12295956923076898,0.5130612244897957,620
aquatic,128801,312768,0.10723743640119704,0.34570978753983533,0.7248494027905479,880
aquatic,128817,312814,0.07400989915966386,0.15354609450549422,0.6350566893424028,616.6666666666667
aquatic,128832,310671,0.10555606294595483,0.2812171170962072,0.7200342297462848,803.3333333333333
aquatic,128833,310621,0.36514857142857143,0.7670274285714277,2.9435374149659794,2000
aquatic,128839,311076,0.08008636039171224,0.1518108809959755,0.5751287775858573,533.3333333333334
aquatic,128841,311057,0.08093059995966638,0.25946377004683724,0.9169935065036652,1000
aquatic,128876,311626,0.0635032745734484,0.11958509548477651,0.4462425479404531,400
aquatic,128877,310775,0.11733425571393341,0.3002725020977701,0.9334339643357166,775
aquatic,128907,312007,0.13055262273050194,0.34766944259235283,0.7993423595195899,862.5
aquatic,128908,314284,0.04811979509612056,0.13500079577259466,0.4366634778911564,525
aquatic,128914,314109,0.09109990970316036,0.2602052298116496,0.85228494445276,865
aquatic,128915,313541,0.024728674941652318,0.058840021057717844,0.16871745041862302,166.2
aquatic,128917,309986,0.07608063025210084,0.16075791355311342,0.73548752834467,533.3333333333333
aquatic,128957,314096,0.14605753151893133,0.275045719614986,1.0263578602630419,920
aquatic,128969,312401,0.15918962964508585,0.6376133532859755,1.1749444859943072,1400
aquatic,128972,311077,0.13773685665765323,0.29780468338207555,0.97099016570184,930
aquatic,129086,312393,0.34215910676828326,0.9769231873240166,2.266640344589399,2360
aquatic,129089,310972,0.1421335978973981,0.569297636862478,1.0490575767806314,1250
aquatic,129150,312815,0.17762375798319327,0.36851062681318614,1.5241360544217668,1480
aquatic,129191,310524,0.12437314363697857,0.24169339133399237,0.9666467223405322,1000
aquatic,129218,311706,0.17066623607395337,0.3412382264988275,1.2936875386670612,1000
aquatic,129230,311672,0.10012303400336324,0.2013819703922709,0.7029662183131224,550
aquatic,129231,312307,0.07580458554527898,0.30362540632665497,0.5594973742830034,666.6666666666666
aquatic,129237,311673,0.0720543564243287,0.14082375868717006,0.46743949701600496,500
aquatic,129293,312738,0.46463150218039606,0.9892226550702563,2.810617349351025,2600
aquatic,129431,309784,0.07937909321681051,0.14948136935597062,0.5578031849255664,500
aquatic,129443,309293,0.14012140813846832,0.35400980654349845,0.838692307023852,833.3333333333333
aquatic,129518,313077,0.15875818643362102,0.29896273871194123,1.1156063698511327,1000
aquatic,129526,310232,0.08348153193533761,0.29319690971515344,0.6433656640655872,695
aquatic,129631,312008,0.33162472861708575,0.8774522767733522,2.179342227194005,2200
aquatic,129670,312608,0.0881989924631228,0.16609041039552294,0.6197813165839625,555.5555555555555
aquatic,129703,309432,0.17963002050820323,0.3510848954149299,1.220650740916521,1125
aquatic,129866,310277,0.05913778014386706,0.11731960488524533,0.443886580092675,350
aquatic,129889,311303,0.18521788417255786,0.3487898618305982,1.3015407648263213,1166.6666666666667
aquatic,129949,309844,0.6350327457344841,1.195850954847765,4.462425479404531,4000
aquatic,129975,310478,0.046164591918959275,0.09213409351311959,0.2850239158163265,337.5
aquatic,129976,310392,0.2500453292907639,0.4907195958547982,1.8514907235926277,1500
aquatic,130083,310821,0.12928715813375152,0.3690841248781871,0.9522211097261052,937.5
aquatic,130219,311980,0.12437314363697857,0.24169339133399237,0.9666467223405322,1000
aquatic,130326,310129,0.17066623607395337,0.3412382264988275,1.2936875386670612,1000
aquatic,130351,310311,0.064944892546473107,0.22322129816849784,0.6673300549135315,840
aquatic,130382,311513,0.18773350217864923,0.412308952380952,1.5232142857142823,1062.5
aquatic,130386,309471,0.07937909321681051,0.14948136935597062,0.5578031849255664,500
aquatic,130418,310393,0.12799967705546503,0.2559286698741207,0.9702656540002959,750
aquatic,130419,312394,0.05796918419139672,0.15917315080989305,0.3867133390679442,396
aquatic,130437,312776,0.0242825130052021,0.08241898809523804,0.27353662395190625,333.3333333333333
aquatic,130449,310177,0.10730642751462487,0.27079802295730365,1.0186235003214053,1100
aquatic,130468,309285,0.11425177055517713,0.35244471411948386,0.7367186336251208,950
aquatic,130593,311618,0.03405813309394244,0.09430010602524046,0.2443565539094547,250
aquatic,130595,310809,0.06811626618788488,0.18860021205048091,0.4887131078189094,500
aquatic,130661,309194,0.21167758191149466,0.398616984949255,1.48747515980151,1333.3333333333333
aquatic,130708,309514,0.08299830550684559,0.2038895538026922,0.7257157410118459,750
aquatic,130727,311216,0.07302971428571428,0.15340548571428556,0.588707482993196,400
aquatic,130754,311829,0.10010920735075189,0.3865261593192535,0.7484306747698538,866.6666666666667
aquatic,130822,309166,0.052919395477873665,0.09965424623731375,0.3718687899503775,333.3333333333333
aquatic,130841,309472,0.09728993199814696,0.21410184732793272,0.6767395548485274,637.5
aquatic,130888,311530,0.14290168905173176,0.27976295728892536,1.2498633529347025,1183.3333333333333
aquatic,130893,309661,0.18653032654157548,0.540888413022351,1.9396187641723328,1833.3333333333335
aquatic,130894,313202,0.11250660496855913,0.21109472960617903,0.7849142133448302,716.6666666666666
aquatic,130895,312286,0.020077499315631006,0.05386770244262265,0.19332934446810643,200
aquatic,130903,311647,0.08731148738710112,0.23699739262179326,0.9033597196555925,916.6666666666666
aquatic,130904,311525,0.12765058610049274,0.3007112390674589,0.9070654965130842,875
aquatic,130924,309175,0.1407298842203548,0.29415740659340617,1.6340136054421766,1666.6666666666665
aquatic,130930,311332,0.2801540863731206,0.6881583937821972,2.4910966296066306,2500
aquatic,130944,310160,0.07044801050420166,0.14980403868131859,0.9758503401360543,880
aquatic,130952,309342,0.09011891835710477,0.2355977382494138,0.8619106100232956,1000
aquatic,130963,313542,0.02806407213895159,0.07298526225183805,0.1867666903943061,187.14285714285714
aquatic,130976,312597,0.07177005533235524,0.13532952148556096,0.5045994551379082,452.85714285714283
aquatic,130993,312210,0.36514857142857143,0.7670274285714277,2.9435374149659794,2000
aquatic,131008,312276,0.03564986781969176,0.12338294196304943,0.3590226580935501,400
aquatic,131027,310756,0.05110682296250328,0.15345239497491947,0.413739894139038,500
aquatic,131067,309336,0.07580458554527898,0.30362540632665497,0.5594973742830034,666.6666666666666
aquatic,131119,309221,0.09047153019160042,0.1725535122131135,0.5998950216602602,537.5
aquatic,131123,309441,0.1062885620997834,0.4614357249746294,1.0382780834833447,1250
aquatic,131132,309473,0.039689546608405256,0.07474068467798531,0.2789015924627832,250
aquatic,131135,314194,0.07959481482254292,0.31880667664298773,0.5874722429971536,700
aquatic,131173,310757,0.153476298297014,0.29500204422925397,1.1526235436218106,1140
aquatic,131177,311683,0.19898703705635734,0.7970166916074692,1.4686806074928838,1750
aquatic,131178,309135,0.15967913088523067,0.3282518104956267,1.1581420068027193,1000
aquatic,131183,312598,0.047627455930086306,0.08968882161358238,0.3346819109553398,300
aquatic,131218,311796,0.0965429857673645,0.30245973942297655,0.6985246231750357,750
aquatic,131262,309996,0.04564357142857143,0.09587842857142846,0.36794217687074743,250
aquatic,131308,312973,0.09583731971764894,0.2305476846779851,0.8512655380410135,750
aquatic,131499,311481,0.21961628167171626,0.42680064347384583,1.6061959390121292,1333.3333333333333
aquatic,131570,309286,0.03321818653571284,0.1109796849149971,0.27371788098571687,350
aquatic,131574,312256,0.04103519281685269,0.08189697201166186,0.25335459183673464,300
aquatic,131722,309555,0.052919395477873665,0.09965424623731375,0.3718687899503775,333.3333333333333
aquatic,131734,311377,0.044817927170868355,0.24715999999999955,0.8522278911564624,1050
aquatic,131743,311619,0.009475573193159873,0.03795317579083187,0.06993717178537542,83.33333333333333
aquatic,131754,309312,0.1758984521535598,0.3621956205534451,1.2452776403693862,1083.3333333333333
aquatic,131765,309572,0.054493012950307895,0.15088016964038475,0.3909704862551276,400
aquatic,131806,311981,0.10001813171630554,0.1962878383419193,0.740596289437051,600
aquatic,131847,309222,0.019197012138188613,0.0737784126984126,0.21912320483749054,255.55555555555557
aquatic,131892,311559,0.08528015873843886,0.3415785821174868,0.6294345460683788,750
aquatic,131942,309997,0.05688874535798445,0.11374607549960919,0.431229179555687,333.3333333333333
aquatic,131995,312693,0.07072220750832961,0.19913521350743701,0.6409825147963226,705
aquatic,131996,310054,0.05190789501353585,0.2317174650680892,0.5523110454181456,666.6666666666666
aquatic,132016,312084,0.2320072657699269,0.41201904258595107,1.524680558803712,1400
aquatic,132027,311801,0.13175953039168048,0.3398872757599113,1.0648326633836163,1125
aquatic,132181,310394,0.11113073050353471,0.2092739170983589,0.7809244588957928,700
aquatic,132209,312538,0.07829028716788299,0.15452092755599509,0.7800320552564999,666.6666666666666
aquatic,132237,310354,0.1635043630136984,0.25921367019511116,1.3076145981648475,1333.3333333333333
aquatic,132309,314295,0.10465546218487397,0.24053014285714286,0.49586734693877554,482.5
aquatic,132320,310702,0.15893399802133026,0.6273534225055267,1.159074113645372,1383.3333333333333
aquatic,132538,309966,0.06826649442958134,0.13649529059953103,0.5174750154668245,400
aquatic,132647,311096,0.06017835686620382,0.17365207511488387,0.4329327893263528,450
aquatic,132678,311448,0.05468756341512794,0.10547802533732589,0.4151827716011051,416.66666666666663
aquatic,132701,309638,0.1235878073520604,0.5842916755740956,1.5466376319277302,1875
aquatic,132777,309453,0.12326611634196533,0.30504621465573606,1.1346019171487747,1200
aquatic,132889,311097,0.04548275132716739,0.18217524379599298,0.3356984245698021,400
aquatic,132896,311966,0.07410037472024174,0.23522586779033,0.45369489195676843,555.5555555555555
aquatic,132899,309157,0.06228947401624302,0.27806095808170705,0.6627732545017747,800
aquatic,132979,311572,0.07983956544261533,0.16412590524781334,0.5790710034013596,500
aquatic,133053,309845,0.1137774907159689,0.22749215099921838,0.862458359111374,666.6666666666666
aquatic,133062,309852,0.17066623607395337,0.3412382264988275,1.2936875386670612,1000
aquatic,133109,309911,0.07106679894869905,0.284648818431239,0.5245287883903157,625
aquatic,133124,309662,0.08626236215033956,0.23049182555879466,0.8335282029478446,750
aquatic,133194,309785,0.0757167248205696,0.14515256402157034,0.5126213409707856,500
aquatic,133197,309523,0.059010270774976684,0.131047619047619,1.0980435585086747,1333.3333333333333
aquatic,133199,309639,0.18951146386319745,0.7590635158166374,1.3987434357075084,1666.6666666666667
aquatic,133261,311514,0.0562889063191868,0.1701894109489981,0.5418157626050348,500
aquatic,133272,311802,0.21630980750252482,0.43711665507025604,1.6616297155378086,1250
aquatic,133282,309114,0.10321686519120425,0.28375577183818673,0.9100861325136302,850
aquatic,133294,312519,0.07937909321681051,0.14948136935597062,0.5578031849255664,500
aquatic,133299,311873,0.18257428571428572,0.38351371428571385,1.4717687074829897,1000
aquatic,133488,311531,0.12799967705546503,0.2559286698741207,0.9702656540002959,750
aquatic,133531,312056,0.15160917109055796,0.6072508126533099,1.1189947485660068,1333.3333333333333
aquatic,133590,309584,0.22226146100706942,0.4185478341967178,1.5618489177915855,1400
aquatic,133602,309573,0.023881118375115265,0.08616063729594946,0.15858182656394812,183.33333333333331
aquatic,133851,309257,0.3704357683451157,0.6975797236611964,2.6030815296526426,2333.3333333333335
aquatic,133859,309585,0.14445472346891136,0.28483794078454205,0.8047419604357704,720
aquatic,133864,311579,0.07662555383797348,0.22356863037096603,0.6269734977324263,762.5
aquatic,133900,309258,0.1757516889300393,0.5141320943306003,1.2293295677286389,1287.5
aquatic,133949,311949,0.056302521008403356,0.14249523809523804,0.3233560090702947,333.3333333333333
aquatic,133963,310033,0.07687814230236312,0.15196274481251693,0.6164609064492056,500
aquatic,134040,312191,0.1095283653915988,0.2634830682034115,0.9728749006183013,857.1428571428571
aquatic,134050,309652,0.20358268907563026,0.5033708571428565,1.8806122448979556,1500
aquatic,134114,311984,0.0073762838468720855,0.016380952380952375,0.13725544481358434,166.66666666666666
aquatic,134115,311378,0.16467415282017564,0.3112678815690841,1.1380553494429695,1020
aquatic,134211,309834,0.14388336974789914,0.39311248571428514,1.4472619047619022,1250
aquatic,134212,309322,0.05718289983132881,0.21276653672019655,0.3917468543131261,457.1428571428571
aquatic,134215,310414,0.10149105290077566,0.3004838680821291,0.6854185015434466,814.2857142857142
aquatic,134243,309488,0.06751179384249714,0.1623333862263532,0.5555617501607026,600
aquatic,134247,309749,0.10793541531100534,0.27646538149018607,0.994177138318614,1107.5
aquatic,134298,311691,0.052919395477873665,0.09965424623731375,0.3718687899503775,333.3333333333333
aquatic,134308,309683,0.13461214264035187,0.41881878688784846,1.037272532373382,1250
aquatic,134321,311580,0.045150570068732354,0.11737224888238332,0.28644839064414856,287.5
aquatic,134364,310091,0.13644825398150218,0.5465257313879789,1.007095273709406,1200
aquatic,134386,312827,0.23813727965043152,0.44844410806791196,1.673409554776699,1500
aquatic,134400,313327,0.09922386652101313,0.1868517116949633,0.6972539811569579,625
aquatic,134409,313759,0.15185073623769346,0.3824802787329936,1.083154692370061,1070
aquatic,134477,312609,0.18143792735270975,0.34167170138507574,1.2749787084012945,1142.857142857143
aquatic,134487,310689,0.16574780221731827,0.4141018185725659,1.3198828629664434,1340
aquatic,134501,309489,0.09161884780992409,0.20945105995053237,0.7269703927076143,683.3333333333333
aquatic,134511,313929,0.09487750525526399,0.2621742883789213,0.9383762090430854,980
aquatic,134512,312028,0.1816433765010263,0.5029338988012825,1.3032349541837585,1333.3333333333333
aquatic,134531,314285,0.022769352503139814,0.06829296984112654,0.1543008816526546,183.33333333333331
aquatic,134549,309532,0.09757219374767746,0.2223514668743678,0.6920825547534871,660
aquatic,134550,312842,0.18544963708395323,0.57626159983518,1.342575115448271,1625
aquatic,134551,313157,0.062240210084033624,0.13273557142857131,0.6767669277013122,625
aquatic,134552,309864,0.05625982820208095,0.13527782185529433,0.4629681251339188,500
aquatic,134556,310065,0.08438974230312143,0.20291673278294148,0.6944521877008782,750
aquatic,134560,309524,0.022128851540616255,0.049142857142857134,0.41176633444075306,500
aquatic,134567,314097,0.03221288515406162,0.183780952380952,0.6268934240362809,766.6666666666666
aquatic,134570,314046,0.0828274091141941,0.25367934183445856,0.5787602744521355,617.75
aquatic,134571,314267,0.06496876381733645,0.1304077395006299,0.5178393565520965,560
aquatic,134572,310327,0.13346738879949757,0.29916963214177883,0.9635522556225183,1028
aquatic,134578,314157,0.09147516663965635,0.23162287041931218,0.6526970790508814,646
aquatic,134580,310536,0.108692574813221,0.3551188761735627,0.8313893651530055,1000
aquatic,134608,310917,0.08950960219006489,0.20981977923435902,0.5971975051922774,591.6666666666667
aquatic,134660,310055,0.02100840336134454,0.11985714285714262,0.4088435374149659,500
aquatic,134675,310720,0.06649115468851194,0.3020323866531356,0.744541961984768,900
aquatic,134718,312076,0.15928269786890947,0.3244333989636995,0.9274560142314898,750
aquatic,134763,314312,0.08557845292637596,0.1762628812911286,0.626808369776481,530
aquatic,134770,309203,0.07187054186419341,0.17556059781897748,0.5117431335211283,500
aquatic,134780,311607,0.03405813309394244,0.09430010602524046,0.2443565539094547,250
aquatic,134808,311050,0.02491233618447379,0.1150211194581279,0.3567318594104308,437.5
aquatic,134960,310130,0.0684079213923557,0.17463793400877287,0.540397639484355,428.57142857142856
aquatic,134981,314158,0.06631960690340008,0.19909235956377802,0.47840042193363397,505
aquatic,135002,313837,0.12721451331728054,0.2544050721980569,0.9440599257961155,888
aquatic,135013,309307,0.11590561348844895,0.28771353114669085,0.67819333741074606,675
aquatic,135053,311560,0.15875818643362102,0.29896273871194123,1.1156063698511327,1000
aquatic,135069,314029,0.058348099162128964,0.18060550240364248,0.5209380587641337,560
aquatic,135080,310288,0.046164591918959275,0.09213409351311959,0.2850239158163265,337.5
aquatic,135081,310945,0.13658642750451552,0.26830379011885436,0.875796549172435,960
aquatic,135083,313261,0.09260058570549613,0.18501593111978032,0.6680542099628809,577.5
aquatic,135088,309597,0.0372096061884862,0.08707204705881694,0.28602853691565694,291.6666666666667
aquatic,135111,311665,0.10968160358725881,0.3828504311739321,1.1863116533696723,1250
aquatic,135132,312574,0.014982578864879293,0.03494997390109891,0.17066853873332277,166.66666666666666
aquatic,135150,309556,0.054493012950307895,0.15088016964038475,0.3909704862551276,400
aquatic,135174,309442,0.09525491186017261,0.17937764322716476,0.6693638219106796,600
aquatic,135176,313760,0.11808257616604928,0.3381953880399681,0.8490806574242156,880
aquatic,135257,311883,0.08173951942546184,0.2263202544605771,0.5864557293826913,600
aquatic,135266,312295,0.05484984633017989,0.17039096693293518,0.543995188825514,525
aquatic,135267,313636,0.0894168596277227,0.16259587200147327,0.6497887291432533,562.5
aquatic,135344,309786,0.15875818643362102,0.29896273871194123,1.1156063698511327,1000
aquatic,135430,309613,0.15446877722778318,0.4839355830767625,1.1176393970800573,1200
aquatic,135457,312383,0.052919395477873665,0.09965424623731375,0.3718687899503775,333.3333333333333
aquatic,135459,314007,0.09840214680504106,0.2818294900333067,0.7075672145201796,733.3333333333333
aquatic,135460,312326,0.03248767951940528,0.130125174139995,0.23978458897843002,285.7142857142857
aquatic,135660,310343,0.04365850126924578,0.08221475314578386,0.3067917517090614,275
aquatic,135820,312153,0.09776112634219664,0.1762730667689169,0.5209252208000588,650
aquatic,135851,310004,0.11229554621848739,0.31161399999999956,1.1447278911564607,1000
aquatic,135928,313859,0.07106679894869905,0.284648818431239,0.5245287883903157,625
aquatic,135932,310332,0.054493012950307895,0.15088016964038475,0.3909704862551276,400
aquatic,135933,309932,0.11240438641773207,0.3624288137542379,0.8058426582272498,900
aquatic,136052,310792,0.11309600218416932,0.3429840822175184,0.9306774524809598,1125
aquatic,136072,313522,0.13424215344090012,0.3276671056197067,1.4971229128167227,1400
aquatic,136161,309717,0.14556857406715742,0.3385668797484431,1.1812623623441498,1040
aquatic,136171,312922,0.10583879095574733,0.1993084924746275,0.743737579900755,666.6666666666666
aquatic,136249,309209,0.07937909321681051,0.14948136935597062,0.5578031849255664,500
aquatic,136380,310810,0.054493012950307895,0.15088016964038475,0.3909704862551276,400
aquatic,136407,309229,0.057561284613845555,0.14226575536945818,0.35460884353741506,440
aquatic,136449,309787,0.21167758191149466,0.398616984949255,1.48747515980151,1333.3333333333333
aquatic,136465,310562,0.14288236779025892,0.2690664648407472,1.0040457328660193,900
aquatic,136466,312520,0.033462498859385015,0.08977950407103774,0.32221557411351065,333.3333333333333
aquatic,136472,314068,0.030090389234354475,0.10222654152197332,0.22523174669401344,250
aquatic,136586,309933,0.053993116842297156,0.1587941347129595,0.4367656264868581,497.6
aquatic,136595,314195,0.21584739774749845,0.45538490829727696,1.5847001041448323,1433.3333333333335
aquatic,136705,310395,0.1051778913411793,0.20798945558840645,0.7862945655649222,625
aquatic,136769,313166,0.07937909321681051,0.14948136935597062,0.5578031849255664,500
aquatic,136784,312694,0.049213390218194035,0.12395380628576601,0.36124554558441246,380
aquatic,136869,309223,0.030937210278992544,0.060442485196135515,0.18154263296608547,162.5
aquatic,136915,309313,0.12765058610049274,0.3007112390674589,0.9070654965130842,875
aquatic,136966,312974,0.10187611842689455,0.1955873803449815,0.7622249536330493,750
aquatic,136997,312410,0.021791785029916723,0.04220141672833699,0.13400961657695,120
aquatic,137015,314159,0.04953255416728976,0.09327637447812569,0.34806918739355336,312
aquatic,137050,311223,0.06692499771877003,0.17955900814207548,0.6444311482270213,666.6666666666666
aquatic,137433,311001,0.03664827338935574,0.07586130109890105,0.20256235827664398,216.66666666666669
aquatic,137577,310881,0.027246506475153948,0.07544008482019238,0.1954852431275638,200
aquatic,137597,309294,0.035817005915684534,0.13351676475513932,0.28329138915564933,330
aquatic,137647,310435,0.01885784393757503,0.06059118995290411,0.23362487852283764,285.7142857142857
aquatic,137803,310005,0.05360576400870357,0.12542797353432786,0.43921163806812596,437.5
aquatic,137804,310543,0.13653298885916268,0.27299058119906205,1.034950030933649,800
aquatic,137842,311692,0.01579831932773109,0.06332428571428562,0.19159863945578223,225
aquatic,138075,312057,0.22741375663583696,0.9108762189799648,1.67849212284901,2000
aquatic,138129,313796,0.0743798319327731,0.33749297142857093,1.0721428571428568,1281
aquatic,138253,313968,0.03221288515406162,0.183780952380952,0.6268934240362809,766.6666666666666
aquatic,138880,309684,0.3704357683451157,0.6975797236611964,2.6030815296526426,2333.3333333333335
aquatic,138919,310333,0.08528015873843886,0.3415785821174868,0.6294345460683788,750
aquatic,139030,311251,0.18021681067670034,0.42391850409276555,1.2486903486749097,1266.6666666666665
aquatic,139080,309873,0.1270065491468968,0.23917019096955303,0.8924850958809062,800
aquatic,139269,310192,0.018207282913165264,0.10387619047619026,0.354331065759637,433.3333333333333
aquatic,139294,310436,0.036931673535167416,0.07370727481049569,0.22801913265306117,270
aquatic,139299,311361,0.04613539371414479,0.2130538823775694,0.6272494360744232,753.75
aquatic,139304,311379,0.04144254310959815,0.19142946773572067,0.6546507107826518,800
aquatic,139319,311929,0.10780581279629013,0.2633408967284662,0.7676147002816927,750
aquatic,139343,311775,0.11959315126050421,0.2496927142857142,0.6485544217687066,500
aquatic,139351,309874,0.09082168825051315,0.25146694940064124,0.6516174770918792,666.6666666666666
aquatic,139417,314268,0.09731928997324643,0.19199960307915592,0.7254074087926654,580
aquatic,139427,309640,0.11987864924299285,0.5872904833164191,1.6461536429571502,2000
aquatic,139429,313685,0.07047560120933245,0.2811212774422763,0.5617022078164253,666.6666666666666
aquatic,139438,313779,0.1501252847766312,0.3513666578558697,1.0266968970784733,950
aquatic,139547,310544,0.15875818643362102,0.29896273871194123,1.1156063698511327,1000
aquatic,139955,310918,0.12485277553268763,0.32517273832521937,0.8321887222064153,840
aquatic,140171,309764,0.2069394652059995,0.36191235141035394,1.5571369820960297,1300
aquatic,140286,313269,0.05,0.21823928571428539,0.6834183673469386,812.5
aquatic,140344,309490,0.05383339623687958,0.13503439555579927,0.4711102195484578,500
aquatic,140382,309976,0.1916746394352979,0.4610953693559702,1.702531076082027,1500
aquatic,140439,312478,0.055167420438494,0.17283413681312948,0.39915692752859183,428.57142857142856
aquatic,140482,312982,0.1421335978973981,0.569297636862478,1.0490575767806314,1250
aquatic,140483,314047,0.09147516663965635,0.23162287041931218,0.6526970790508814,646
aquatic,140833,312892,0.1618706520739513,0.33099787844392337,0.9879352023705453,777.7777777777778
aquatic,141009,310425,0.0317516372867242,0.059792547742388256,0.22312127397022655,200
aquatic,141012,313232,0.17463558595406414,0.355330055761123,1.3530479282723706,1000
aquatic,141130,312058,0.11370687831791848,0.4554381094899824,0.839246061424505,1000
aquatic,141154,312170,0.05714285714285715,0.08890714285714288,0.2226593893371302,225
aquatic,141325,310758,0.12316953388331525,0.2539189620131499,0.9664690264131064,850
aquatic,141327,311002,0.04642433974754685,0.1507443361637043,0.3733489303221126,450
aquatic,141337,313442,0.07890654322270482,0.17482417574642173,0.6131341744067842,628
aquatic,141343,309363,0.10038749657815504,0.2693385122131132,0.9666467223405322,1000
aquatic,141344,312458,0.05685343915895924,0.2277190547449912,0.4196230307122525,500
aquatic,141352,311913,0.18951146386319745,0.7590635158166374,1.3987434357075084,1666.6666666666667
aquatic,141495,313453,0.22345333306313236,0.44064333712054804,1.6646266566425627,1332.5
aquatic,141807,312192,0.199092955653433,0.4550977538713231,1.5034990540231874,1250
aquatic,141854,314349,0.16418925444982332,0.4280104961106765,1.112581180193337,1133.3333333333335
aquatic,141896,311272,0.09922386652101313,0.1868517116949633,0.6972539811569579,625
aquatic,142006,311423,0.027907448739594172,0.07100668879401904,0.26741763296608534,267.5
aquatic,142044,311304,0.19807827197695405,0.39997016588439516,1.552752584163603,1285.7142857142858
aquatic,142075,310171,0.07775870348139265,0.19109973214285722,0.6176495016611296,750
aquatic,142140,314128,0.22678150620063176,0.5654263784926563,1.6286319550407762,1576.6666666666665
aquatic,142244,309557,0.06811626618788488,0.18860021205048091,0.4887131078189094,500
aquatic,142278,312161,0.07557625239261681,0.1301287810546312,0.436741547330671,575
aquatic,142314,312654,0.06628755878324119,0.14285395349545965,0.43325714875565247,428.57142857142856
aquatic,142337,311597,0.028606581143818068,0.057537705826363125,0.20084749094660645,157.14285714285714
aquatic,142354,310811,0.06811626618788488,0.18860021205048091,0.4887131078189094,500
aquatic,142421,312975,0.10885768995275076,0.2110678856170931,0.7786830241309292,800
aquatic,142596,310238,0.3047949049919027,0.6197722052365916,2.011236439016563,1987.5
aquatic,142598,309443,0.0317516372867242,0.059792547742388256,0.22312127397022655,200
aquatic,142604,312112,0.18257428571428572,0.38351371428571385,1.4717687074829897,1000
aquatic,142632,311648,0.08681618391443068,0.16889708866897601,0.548482931363503,540
aquatic,142750,311561,0.05241364524570476,0.1656858556527015,0.4620899176842615,500
aquatic,143095,309210,0.2195456692736658,0.65474660196461,1.58298364132526,1666.6666666666665
aquatic,143136,309462,0.05910843249795933,0.11439052908349617,0.39202433519471636,400
aquatic,143162,313167,0.06965393005936368,0.21160525090571575,0.5028699611117282,533.3333333333333
aquatic,143251,309404,0.039689546608405256,0.07474068467798531,0.2789015924627832,250
aquatic,143276,311252,0.10147329652616602,0.19704300187509635,0.741381612052977,616.6666666666667
aquatic,143292,312411,0.05685343915895924,0.2277190547449912,0.4196230307122525,500
aquatic,143717,311674,0.16161571564977784,0.3815284697552923,1.2755819418778147,1416.6666666666665
aquatic,143855,313300,0.08572942067415534,0.16143987890444828,0.6024274397196115,540
aquatic,144129,314147,0.09976819711693077,0.39445019297117845,0.7335891173545276,874.4285714285714
aquatic,144338,310980,0.07269077349916156,0.1807752670955675,0.687745129877749,750
aquatic,144381,310141,0.05258943122203729,0.21064012563911688,0.3881513034088336,462.5
aquatic,144421,311408,0.10252349023679959,0.23811774888238318,0.7962698192155758,625
aquatic,144603,309107,0.039689546608405256,0.07474068467798531,0.2789015924627832,250
aquatic,144645,314020,0.06883175884091954,0.16000284050503702,0.4731033058361353,454.2
aquatic,144836,313543,0.10357507263560133,0.2927295521450599,0.7690179329259104,752.5
aquatic,144884,312852,0.23754487951839873,0.787995815533938,2.06869947069519,2500
aquatic,145437,313549,0.062420480392156856,0.13071400615384618,0.3678571428571429,315
aquatic,145561,312154,0.11421549614428761,0.2683480112169706,0.8468288235519561,875
aquatic,145580,312229,0.05447090222072955,0.20963664692818035,0.7310591115284765,833.3333333333333
aquatic,145598,310936,0.0973877293656078,0.25454165758705527,0.6791743098105321,714.2857142857142
aquatic,145599,310767,0.11315285818766928,0.5167047714060196,1.2863303296873871,1555.5555555555557
aquatic,145809,310822,0.23607886368980557,0.6086606531651293,1.6862936916197961,1680
aquatic,145916,312777,0.23542306879410896,0.7111139190137916,1.8204251997464982,1666.6666666666665
aquatic,145930,310563,0.23813727965043152,0.44844410806791196,1.673409554776699,1500
aquatic,145961,310464,0.1134038194075416,0.2380510993771807,0.73266949642085,758.3333333333334
aquatic,146142,309960,0.3046191503350775,0.9348422964032003,2.816679444027559,2625
aquatic,146144,311245,0.04159095199723718,0.08362890524781345,0.23919005102040813,275
aquatic,146154,309605,0.06165725295360119,0.10916325902208483,0.4590096436397032,387.5
aquatic,146204,313047,0.20467238097225324,0.8197885970819685,1.510642910564109,1800
aquatic,146310,310239,0.1137767002774284,0.21425662941022458,0.7995178983933117,716.6666666666666
aquatic,146352,313977,0.09764658286166084,0.2142700688684865,0.7033467170769101,636
aquatic,146356,311863,0.06389154647843263,0.15369845645199004,0.5675103586940089,500
aquatic,146448,310365,0.03373611461714447,0.06352958197628752,0.23706635359336567,212.5
aquatic,146472,309515,0.11158048840199984,0.21012398380345124,0.8624583591113741,666.6666666666666
aquatic,146519,312864,0.08175506880046185,0.23812007539111274,0.6038362587955822,600
aquatic,146528,309501,0.06822412699075109,0.27326286569398944,0.503547636854703,600
aquatic,146950,309622,0.04201680672268908,0.23971428571428524,0.8176870748299317,1000
aquatic,147146,309663,0.13330394957983194,0.43147114285714216,1.5535714285714266,1500
aquatic,147317,311573,0.02561895078579375,0.08230804165074891,0.2621610449735449,325
aquatic,147330,312412,0.04827149288368225,0.15122986971148827,0.34926231158751786,375
aquatic,147373,310812,0.06811626618788488,0.18860021205048091,0.4887131078189094,500
aquatic,147462,312257,0.022741375663583696,0.09108762189799649,0.16784921228490104,200
aquatic,147508,309176,0.05316232798434437,0.16892610002242636,0.5777465986394555,700
aquatic,147567,311939,0.08528015873843886,0.3415785821174868,0.6294345460683788,750
aquatic,147610,312501,0.10704718744803676,0.3623883108515478,0.9029463918825186,1000
aquatic,147668,309337,0.02842671957947962,0.1138595273724956,0.20981151535612624,250
aquatic,147755,311474,0.08249922741064677,0.16117996052302805,0.48411368790956116,433.3333333333333
aquatic,147819,311967,0.1704925655992973,0.4562740251372623,0.9791368680729948,1000
aquatic,147846,312507,0.15058124486723257,0.4040077683196699,1.4499700835107983,1500
aquatic,147913,312258,0.06839198802808781,0.13649495335276976,0.4222576530612244,500
aquatic,147914,309566,0.056387897382751864,0.14856177074346694,0.27222465600525003,278.57142857142856
aquatic,147925,312644,0.041656568448948036,0.13877308893182405,0.3027787128437206,333.3333333333333
aquatic,148045,312828,0.2645969773893684,0.4982712311865688,1.859343949751888,1666.6666666666667
aquatic,148058,313797,0.21916117966121793,0.6999747245738502,1.5712896901328293,1745
aquatic,148233,312769,0.08131489095638261,0.23763578140394082,0.6521706744713389,800
aquatic,148251,309323,0.13353768358649923,0.34766144018956663,0.7294425646925221,800
aquatic,148256,312539,0.05309354822283209,0.1052218127676464,0.4549444959845641,428.57142857142856
aquatic,148258,311864,0.1183100144769624,0.3232694681570375,0.9720364689891756,1000
aquatic,148275,312770,0.07261621915432845,0.2064606376436781,0.556847325493505,683.3333333333334
aquatic,148301,310525,0.10205883413589924,0.19219033202910513,0.7171755234757281,642.8571428571429
aquatic,148335,309943,0.026459697738936833,0.04982712311865688,0.18593439497518874,166.66666666666666
aquatic,148378,309405,0.23813727965043152,0.44844410806791196,1.673409554776699,1500
aquatic,148769,313119,0.11353064461289297,0.2843117025020033,0.6405174244534355,635
aquatic,148771,312778,0.2743445073824769,0.5960378693559705,2.1172202075485673,2000
aquatic,148779,313213,0.41436890426147854,1.5673404269921147,2.9185318350671663,3500
aquatic,148782,313108,0.11393851698631835,0.23441458364168494,0.8323140745527351,833.3333333333333
aquatic,148800,311429,0.07937909321681051,0.14948136935597062,0.5578031849255664,500
aquatic,148815,313065,0.17066623607395337,0.3412382264988275,1.2936875386670612,1000
aquatic,148845,313222,0.19358076670668267,0.43745694475179925,1.5471655328798184,1900
aquatic,148849,313203,0.25530117220098547,0.6014224781349178,1.8141309930261684,1750
aquatic,148853,312834,0.0663148537815126,0.13814930241758222,0.5576462585034004,490
aquatic,148861,311018,0.11632014410639883,0.31529930124096284,0.9573496629142467,982.5
aquatic,148868,313308,0.14807432111289537,0.35620642412664727,1.0722245251150295,1000
aquatic,148873,311066,0.16887087046736032,0.34932052392049684,1.2796509883536333,1300
aquatic,148909,313181,0.08203134512269192,0.15821703800598885,0.6227741574016576,625
aquatic,148980,313146,0.1948767608687309,0.46570472495727366,1.1311589427437645,1375
aquatic,148987,311430,0.1309766894655481,0.26649754182084223,1.014785946204278,750
aquatic,149023,312843,0.3392569994664533,0.7662893275862066,2.601026252878408,2183.3333333333335
aquatic,149027,312162,0.08677405120000378,0.1648627979273992,0.5858644094153622,525
aquatic,149030,313771,0.03510654027904163,0.10998535979017329,0.25400895388183115,272.72727272727275
aquatic,149031,313147,0.10093687763324499,0.20718820779883373,0.7265545280612233,637.5
aquatic,149041,311562,0.06811626618788488,0.18860021205048091,0.4887131078189094,500
aquatic,149042,312871,0.09385594237695084,0.36711410714285675,1.2294534092706848,1500
aquatic,149045,313182,0.14073766318734,0.36155288702315774,1.0050622464804817,1000
aquatic,149050,312932,0.10435899615745678,0.3727362609386844,0.8097238631166289,971.4285714285716
aquatic,149052,313309,0.07302971428571428,0.15340548571428556,0.588707482993196,400
aquatic,149055,311019,0.13917983063469513,0.2504678496058856,1.0469119931293946,921.4285714285714
aquatic,149072,310373,0.12502266464538195,0.2453597979273991,0.9257453617963138,750
aquatic,149082,310651,0.15875818643362102,0.29896273871194123,1.1156063698511327,1000
aquatic,149083,311067,0.10473746598798823,0.2916819891276981,0.8753650912364683,980
aquatic,149096,309180,0.15875818643362102,0.29896273871194123,1.1156063698511327,1000
aquatic,149103,312883,0.09545258625412117,0.237168393371421,0.6691927496998669,800
aquatic,149124,310121,0.045410844125256575,0.12573347470032062,0.3258087385459396,333.3333333333333
aquatic,149127,310374,0.14749535940469538,0.3380815814064516,1.0465162927444758,1000
aquatic,149133,309825,0.05338077049001421,0.14584409090909084,0.4004444060922466,454.54545454545456
aquatic,149141,313505,0.06017835686620382,0.17365207511488387,0.4329327893263528,450
aquatic,149184,313148,0.11768117564176339,0.2394578410495627,0.8092627551020399,780
aquatic,149191,309177,0.23813727965043152,0.44844410806791196,1.673409554776699,1500
aquatic,149213,313998,0.018193100530866955,0.0728700975183972,0.1342793698279208,160
aquatic,149264,310437,0.07726931092436976,0.161160125274725,0.6459523809523798,550
aquatic,149272,310784,0.08998810084033614,0.1844240439560435,0.8176870748299317,1000
aquatic,149273,312816,0.11811118671468587,0.26466575281546006,0.9223854875283438,940
aquatic,149578,310131,0.05624616399058942,0.11272506710371313,0.42761277940226183,328.57142857142856
aquatic,149646,311344,0.1389134131294184,0.2615923963729486,0.976155573619741,875
aquatic,149662,311029,0.19032998319327732,0.3966364571428572,0.8780272108843532,720
aquatic,149738,313223,0.10952097265572897,0.23803100356195483,0.9245653817082387,1133.3333333333333
aquatic,149850,310564,0.2778268262588368,0.5231847927458972,1.952311147239482,1750
aquatic,149896,312610,0.046689344760625334,0.17968855450986893,0.626622095595837,714.2857142857143
aquatic,150025,309967,0.0378053314659197,0.08029990476190468,0.3825502293940826,333.3333333333333
aquatic,150048,312987,0.0317516372867242,0.059792547742388256,0.22312127397022655,200
aquatic,150105,309750,0.10636015054998188,0.28173342188904993,1.0276119099231007,1100
aquatic,150315,310444,0.053590311119328674,0.10652935882250897,0.446083449292616,500
aquatic,150405,310652,0.12681692858664761,0.32523656698305864,0.9786923070238518,1066.6666666666665
aquatic,150493,311707,0.4788554497464899,1.2224655380614102,3.7827834763904846,3000
aquatic,151035,311649,0.06650729089803836,0.19418861814969668,0.4788430968036727,500
aquatic,151074,309690,0.058258498794398685,0.12443290827305849,0.47710356082560085,437.5
aquatic,151113,311465,0.18257428571428572,0.38351371428571385,1.4717687074829897,1000
aquatic,151192,309912,0.02842671957947962,0.1138595273724956,0.20981151535612624,250
aquatic,151503,311253,0.13938884821096784,0.3176449526776683,0.9886893639335531,942.8571428571429
aquatic,151628,311874,0.1556927744790773,0.32473510329503974,1.037101602785175,1000
aquatic,151704,309423,0.07937909321681051,0.14948136935597062,0.5578031849255664,500
aquatic,151749,311254,0.11702115054669647,0.33612653900003564,0.8470863342842193,833.3333333333333
aquatic,151836,311380,0.019844773304202628,0.037370342338992654,0.1394507962313916,125
aquatic,151887,311098,0.056846271708631615,0.14153526576608744,0.387324286755119,416.66666666666674
aquatic,151895,310109,0.19912263845312386,0.5193487558572296,1.5690631279844944,1266.6666666666667
aquatic,151942,313124,0.09479103813062395,0.26555877866293665,0.7109778666971887,666.6666666666666
aquatic,151971,311441,0.25341364861849497,0.495845024426227,1.4747900433205205,1320
aquatic,152115,312163,0.15262736252453363,0.3505074678781381,0.9585968357192174,1000
aquatic,152345,309491,0.13641634693590501,0.3424635849691544,0.9331225791326955,1000
aquatic,152384,309259,0.18951146386319745,0.7590635158166374,1.3987434357075084,1666.6666666666667
aquatic,152461,309211,0.1569045248976025,0.42900055739049375,1.0479180987394623,962.5
aquatic,152473,311197,0.04943512294082416,0.2337166702296382,0.6186550527710921,750
aquatic,152545,311176,0.05019374828907752,0.1346692561065566,0.4833233611702661,500
aquatic,152620,309267,0.13623253237576977,0.37720042410096183,0.9774262156378188,1000
aquatic,152653,310633,0.2624357452792605,0.7223015907648214,1.9311996787260433,1866.6666666666665
aquatic,152717,311459,0.2438179118748525,0.5464758252121491,1.9891138971325897,2460
aquatic,152857,313702,0.24206884588164831,0.6796191633164195,1.7994767722088496,1686
aquatic,152953,311657,0.03766760367327882,0.07209769059953111,0.24557025356206327,220
aquatic,152972,311273,0.15875818643362102,0.29896273871194123,1.1156063698511327,1000
aquatic,153064,310504,0.1585061213901563,0.3136002444431893,1.1984986085444815,1333.3333333333333
aquatic,153085,311282,0.12407472035931534,0.2971800395856091,0.8293493941592437,805
aquatic,153285,310210,0.3968954660840525,0.7474068467798533,2.7890159246278317,2500
aquatic,153548,309308,0.3956382642480425,0.9030157934569324,2.6078484481824313,2300
aquatic,153656,311999,0.09498228777355545,0.2788832201098098,0.6261666373155389,660
aquatic,153706,313316,0.07962783896739646,0.19059071917095952,0.6922369202287293,610
aquatic,153829,312037,0.10068163222810418,0.27197552082921267,0.6890324430782738,700
aquatic,153940,311146,0.10022067531452002,0.3706341058340441,0.6930952578808871,833.3333333333333
aquatic,153976,309968,0.056233288905323996,0.08939519017249081,0.3612548593509338,350
aquatic,153979,313999,0.07919004443421197,0.16045949865440662,0.6199723639455781,750
aquatic,154004,313139,0.19050982372034522,0.3587552864543295,1.3387276438213591,1200
aquatic,154034,311442,0.2893064800276272,0.7380767223816992,2.6065667517006794,3150
aquatic,154661,311532,0.06558055022790067,0.1303928172808497,0.5050505256709064,436
aquatic,154684,310465,0.03498915994200121,0.06848925215995538,0.2261824356469982,243.75
aquatic,154691,311466,0.03042904761904762,0.06391895238095231,0.24529478458049828,166.66666666666666
aquatic,154870,312237,0.04716029704874013,0.10880870441647118,0.4064025716372536,333.3333333333333
aquatic,154947,311957,0.12760678457367072,0.2620925516900852,0.9592337147030782,700
aquatic,155034,309108,0.04564357142857143,0.09587842857142846,0.36794217687074743,250
aquatic,155057,310267,0.10954457142857144,0.2301082285714283,0.8830612244897937,600
aquatic,155059,313958,0.11184480233221225,0.33323984224154235,0.8869249629238407,937.5
aquatic,155154,311810,0.18257428571428572,0.38351371428571385,1.4717687074829897,1000
aquatic,155173,313233,0.0635032745734484,0.11958509548477651,0.4462425479404531,400
aquatic,155234,311118,0.10483599032794069,0.22510318665864426,0.7648502989135362,625
aquatic,155506,310963,0.08684947277240462,0.2891937360636724,0.6921853889888964,833.3333333333333
aquatic,155535,310161,0.09833680106186474,0.19266350218523404,0.7836872776849464,836
aquatic,155546,313423,0.10052019720384169,0.2005265290834962,0.5491671923375735,540
aquatic,155798,312327,0.09630559558480432,0.2852990363822202,0.7854012235476505,900
aquatic,156029,311884,0.07036883159367,0.18077644351157887,0.5025311232402409,500
aquatic,156080,310218,0.10583879095574733,0.1993084924746275,0.743737579900755,666.6666666666666
aquatic,156113,313969,0.11291146270476442,0.22260360887467612,0.9169935065036652,1000
aquatic,156167,313663,0.0712898340942143,0.14093446863646014,0.5074296639929019,450.00000000000006
aquatic,156173,309846,0.10365827320471042,0.22732050037002183,0.8329012368766658,800
aquatic,156231,310150,0.27798970295503916,0.5984007161118304,1.958281998561568,1800
aquatic,156247,309411,0.14012140813846832,0.35400980654349845,0.838692307023852,833.3333333333333
aquatic,156251,310151,0.30489569774576497,0.7942769785019568,2.8074225245653786,2800.0000000000005
aquatic,156303,313560,0.09563012821559307,0.2402955869679021,0.6696002249197472,685.7142857142857
aquatic,156315,313234,0.1052986610439414,0.21318128007025636,0.7636863521459429,750
aquatic,156326,313693,0.08752935387809123,0.22496037401256214,0.6885428475923032,692
aquatic,156333,313869,0.1533286730487433,0.30329565507025635,0.8384154298235256,750
aquatic,156392,313649,0.08860507644568344,0.28751160248737945,0.642744304682479,700
aquatic,156445,311854,0.16669688619384257,0.32714639723653216,1.2343271490617516,1000
aquatic,156506,310312,0.05239067578621924,0.10659901672833691,0.40591437848171125,300
aquatic,156572,310776,0.127802,0.2684595999999997,1.030238095238093,700
aquatic,156618,313544,0.04058769198936814,0.1549706176933242,0.4065306453381248,490
aquatic,156686,310193,0.21925020694067085,0.44785294594966746,1.4818338744626829,1450
aquatic,156724,309922,0.12863612029844326,0.2448068102588841,0.884490130921163,833.3333333333333
aquatic,156815,312029,0.06525680050349705,0.2756619118878483,0.5831604456782388,700
aquatic,156938,309533,0.044672268907563026,0.16907771428571405,0.49863945578231283,580
aquatic,156968,311675,0.13352805976550644,0.3904127865677313,1.3347797876828036,1500
aquatic,156974,311636,0.05052463067418739,0.1012509212827989,0.30021258503401355,350
aquatic,157064,311058,0.15166197830351796,0.32633598136352987,1.0552919957645672,1200
aquatic,157067,311855,0.08895068399327982,0.19553510338017077,0.7261885178415333,633.3333333333333
aquatic,157089,310937,0.05701580636420142,0.13556490587414358,0.3894547591125033,408.3333333333333
aquatic,157270,313710,0.0777530054824529,0.2041859788998421,0.6034184820701872,638.8888888888889
aquatic,157709,314000,0.07358783407222888,0.18903382449914427,0.5085249014529487,540
aquatic,157728,313611,0.1024927181364097,0.29596759121111926,0.7373844852905073,766.6666666666667
aquatic,157818,311776,0.09937457382953181,0.2083099591836733,0.7109329446064125,500
aquatic,157867,311186,0.03651485714285714,0.07670274285714278,0.294353741496598,200
aquatic,157878,313277,0.08639085183284904,0.23133469820628355,0.620532024897011,633.3333333333334
aquatic,157904,314048,0.022741375663583696,0.09108762189799649,0.16784921228490104,200
aquatic,157946,313978,0.09973203792097912,0.21059250849935376,0.7369144867159633,748
aquatic,157979,314079,0.04285155929369487,0.18649200427556606,0.4218527299919773,508
aquatic,157980,309412,0.15607730567997236,0.4145707664399545,1.1168770118692104,1125
aquatic,158066,314069,0.025946657787109972,0.09622258048800922,0.19931725730672398,230.39999999999998
aquatic,158189,309905,0.08093059995966638,0.25946377004683724,0.9169935065036652,1000
aquatic,158192,313749,0.12041428603366319,0.23137834136763247,0.811157776762301,800
aquatic,158240,313620,0.09304231246391861,0.27776903460377267,0.6709087036134838,706.6666666666667
aquatic,158280,310690,0.06690594658685389,0.23604403504148871,0.8414827806122447,1025
aquatic,158351,314008,0.11262467056106648,0.3004975626825384,0.9300741659179503,950
aquatic,158364,309987,0.06303732092837135,0.13308963893249595,0.5954324586977638,428.57142857142856
aquatic,158381,310710,0.17066623607395337,0.3412382264988275,1.2936875386670612,1000
aquatic,158433,313949,0.06759080147066032,0.22758223513743145,0.5722283486487082,632.5
aquatic,158434,310891,0.014789915966386555,0.03076285714285715,0.05612244897959184,50
aquatic,158437,309718,0.027289650796300437,0.1093051462775958,0.2014190547418812,240
aquatic,158460,309795,0.08398889411764707,0.1721291076923073,0.763174603174603,933.3333333333334
aquatic,158581,313880,0.06507559969972114,0.16046679711133066,0.6084003813697461,616.6666666666666
aquatic,158584,312009,0.07723438861389159,0.24196779153838124,0.5588196985400287,600
aquatic,158656,313881,0.09422454884592342,0.22826784622058174,0.6507210500596565,673.3333333333334
aquatic,158729,313370,0.09263160340777953,0.17905986209304278,0.6159266620383527,625
aquatic,158796,311784,0.11600322787067208,0.24999441861705435,0.7582000103223918,750
aquatic,158809,313056,0.14337623916940925,0.28078175630746005,0.9258426252410541,1000
aquatic,158885,309913,0.10007007470482542,0.37234143926034396,0.6855569950479706,800
aquatic,159015,313287,0.05401076720101127,0.21633310200774167,0.3986418791766399,475
aquatic,159050,313612,0.06389154647843263,0.15369845645199004,0.5675103586940089,500
aquatic,159186,311762,0.03766760367327882,0.07209769059953111,0.24557025356206327,220
aquatic,159188,314257,0.056474455234635915,0.20453479906011796,0.4595778723089028,550
aquatic,159190,313317,0.12970433717423474,0.2997218258079607,1.0537149041637934,1033.3333333333333
aquatic,159434,310642,0.06928498336134457,0.15310314679945036,0.5984460330643884,730
aquatic,159464,309547,0.19844773304202626,0.3737034233899266,1.3945079623139158,1250
aquatic,159467,313675,0.0864292578511295,0.2017596477443831,0.6497079939885398,600
aquatic,159584,309944,0.04179038694453971,0.08672639896369957,0.31978594620427975,300
aquatic,159640,309126,0.06011149579831933,0.16843302857142836,0.5682040816326522,520
aquatic,159656,313572,0.13534218389512948,0.26876303242037347,1.0171419140520561,800
aquatic,159738,314001,0.06299798010505725,0.1590000908058259,0.4358256867784883,458
aquatic,159743,313506,0.06451553272129348,0.1500591162242979,0.44619261825606127,452
aquatic,159752,314248,0.03674436836652465,0.10493356413994165,0.3264111394557822,387.2
aquatic,159754,312362,0.12026481037742404,0.44476092700085296,0.8317143094570646,1000
aquatic,159823,313482,0.09926210541276843,0.2162166971838008,0.6889878292535888,652.8571428571429
aquatic,159865,310573,0.10674861579403189,0.236307881863677,0.73950050505964815,800
aquatic,160022,313415,0.044321207596356806,0.1713116218979964,0.40245057282911867,472
aquatic,160068,312230,0.10583879095574733,0.1993084924746275,0.743737579900755,666.6666666666666
aquatic,160094,310518,0.30854633501798,0.7168923901856233,2.64395171136452,2840
aquatic,160135,310973,0.06809516892546297,0.20175032922588487,0.5088610235389647,500
aquatic,160168,313882,0.058125035271885686,0.187055043415669,0.6142810256762468,740
aquatic,160244,310233,0.13822819439480297,0.35667220575299186,1.042058485452535,925
aquatic,160335,312962,0.062186571818489286,0.12084669566699618,0.4833233611702661,500
aquatic,160370,314207,0.18758870627227084,0.3823692561065568,0.8401260822587016,750
aquatic,160380,309413,0.08093059995966638,0.25946377004683724,0.9169935065036652,1000
aquatic,160501,310211,0.08930147986891182,0.16816654052546698,0.6275285830412621,562.5
aquatic,160506,312817,0.07400989915966386,0.15354609450549422,0.6350566893424028,616.6666666666667
aquatic,160558,310278,0.12540214057591287,0.29381310338017064,1.0886851164809885,943.3333333333333
aquatic,160572,309181,0.08238563404122297,0.2026406175574635,0.46611486099491917,458.3333333333333
aquatic,160596,313950,0.09877242604748604,0.25492002864757235,0.8047013694647442,812.5
aquatic,160611,313703,0.09158787268474754,0.25981376111144067,0.7281877957042665,709
aquatic,160623,311735,0.11851246561288167,0.3355807295102785,0.924405907562998,800
aquatic,160629,310974,0.04264007936921943,0.1707892910587434,0.3147172730341894,375
aquatic,160649,310415,0.2254417689366847,0.6555852145759699,1.5153852307922584,1800
aquatic,160650,313254,0.042461494438480255,0.1422429631680975,0.40789396887544105,450
aquatic,160651,314148,0.1461370830073719,0.46919684959605823,1.0286951332942693,1130.6666666666665
aquatic,160652,310485,0.07400747625412067,0.17951366691334783,0.650664316647936,650
aquatic,160654,309146,0.09868210084033613,0.2071382857142855,0.7639455782312907,525
aquatic,160669,314276,0.050843534822148,0.10328275482170876,0.4121970663265305,500
aquatic,160677,314328,0.33290580386660473,0.8676155004855163,2.3794737525901346,2380
aquatic,160692,313694,0.13403016716639032,0.295781557927399,1.035840599891552,930
aquatic,160721,309182,0.04283226476143501,0.1620669888776132,0.298456170134699,350
aquatic,160731,313637,0.11661479748457079,0.2871687731293717,0.8307226986993662,814
aquatic,160767,309614,0.04542706442577031,0.0946562930402929,0.3815759637188202,333.3333333333333
aquatic,160883,313638,0.07148646785075932,0.16513080977049072,0.6016030921581401,590
aquatic,161072,313488,0.11748230796930115,0.22373850306681495,0.8065975591555775,762.5
aquatic,161073,310584,0.2375912337927234,0.5207972346409031,1.9381186868940827,1666.6666666666667
aquatic,161223,314030,0.10212046888039421,0.2405689912539671,0.7256523972104674,700
aquatic,161298,309934,0.055709207697056215,0.18089320339644516,0.4480187163865351,540
aquatic,161300,313109,0.1546709704942294,0.33332589148940583,1.0109333470965223,1000
aquatic,161321,314321,0.09533278272193749,0.3157679307756096,0.7272339538481709,723.3333333333334
aquatic,161323,311785,0.16260967025445097,0.3615095500139967,1.1296541263071413,1000
aquatic,161347,311820,0.12171619047619048,0.25567580952380925,0.9811791383219931,666.6666666666666
aquatic,161390,309623,0.38101964744069045,0.717510572908659,2.6774552876427182,2400
aquatic,161404,313498,0.17369242058944862,0.3909158049285044,1.3291493616761503,1217.5
aquatic,161409,313358,0.09999163061154509,0.3011113241065895,0.7214514128220402,762.5
aquatic,161473,311078,0.10902393713807447,0.2735210221081401,0.7619335881383423,762.5
aquatic,161495,313591,0.10279743542744403,0.38896077330627166,0.7162948083232776,840
aquatic,161683,314186,0.12449042938492277,0.39530731286498366,0.9016166610373507,973.3333333333333
aquatic,161794,309525,0.07937909321681051,0.14948136935597062,0.5578031849255664,500
aquatic,161848,310585,0.1051778913411793,0.20798945558840645,0.7862945655649222,625
aquatic,161892,314110,0.1315754785535539,0.21767678311258437,1.036128014857538,825
aquatic,161930,313870,0.14420404653560978,0.3664149461289998,0.9567041314291435,950
aquatic,161935,314350,0.05168025533191689,0.16804906737774095,0.4740825912303861,518
aquatic,162001,310864,0.14512615406342536,0.35301271005933027,0.9731515341006806,980
aquatic,162006,312566,0.12443107657001182,0.2340336522926309,0.8238335638829055,812.5
aquatic,162030,312943,0.15387747303287982,0.2980917699318098,1.0183038757110932,1044
aquatic,162184,309757,0.07137020706064456,0.18741649956310982,0.6718822371897382,700
aquatic,162244,314121,0.14618738153085098,0.4361655538222823,1.0540828649170055,1110
aquatic,162333,311589,0.050805752067228996,0.11391856392792014,0.40847720402138415,395.77777777777783
aquatic,162343,310015,0.08312325424941404,0.16351967875643955,0.4693757885063602,420
aquatic,162348,310178,0.04350542857142857,0.1659631538461535,0.6132653061224488,750
aquatic,162428,312567,0.04136316688594633,0.10974564507885994,0.29597113750332266,298
aquatic,162431,312611,0.10362676470588236,0.292642714285714,0.9170918367346929,875
aquatic,162442,310829,0.08598787133389169,0.14896158141070243,0.6522901669880716,540
aquatic,162453,313359,0.08878027887128895,0.25078740878396993,0.7055286382773192,715.7142857142858
aquatic,162481,310082,0.06606329562459501,0.17183576267386652,0.43189197656561495,512.5
aquatic,162513,310200,0.39305449569116696,0.7924557711681542,2.6374629535370864,2216.666666666667
aquatic,162524,312000,0.2275196752329126,0.5689572812438187,1.7133105693793138,1500
aquatic,162759,310545,0.16811858901512983,0.33405851221311356,0.8945378788031173,800
aquatic,162961,313066,0.12502266464538195,0.2453597979273991,0.9257453617963138,750
aquatic,163368,310882,0.08152127235695715,0.11593351665850482,0.3306983981415764,375
aquatic,163412,310865,0.19038989221192162,0.46518336941771626,1.2783196165270052,1283.3333333333335
aquatic,163445,309382,0.05061159352905945,0.16000381308678133,0.293995188825514,325
aquatic,163451,311627,0.04876178173541525,0.09749663614252216,0.3696250110477318,285.7142857142857
aquatic,163458,309252,0.055270788102847614,0.14624204612889205,0.36322370453233416,366.66666666666663
aquatic,163471,309615,0.15918962964508585,0.6376133532859755,1.1749444859943072,1400
aquatic,163541,310830,0.12621346960941518,0.24958734670608773,0.9435534786779065,750
aquatic,163689,311628,0.08533311803697669,0.17061911324941376,0.6468437693335306,500
aquatic,163836,310680,0.06077667880580803,0.1178913962720879,0.3705828132989174,331.81818181818187
aquatic,163900,313798,0.05282672161157211,0.11990857934897069,0.3819901945894636,456.4
aquatic,163926,309372,0.08127058823529412,0.16904190000000005,0.30839285714285714,274.75
aquatic,163973,309887,0.23379462929541722,0.47104102435617234,1.3734571372470215,1275
aquatic,164008,309324,0.12872398102315263,0.4032796525639687,0.9313661642333808,1000
aquatic,164027,309847,0.09525491186017261,0.17937764322716476,0.6693638219106796,600
aquatic,164136,310251,0.10394443815783118,0.1976124230719739,0.6998115867513509,692.8571428571429
aquatic,164218,313087,0.12960800524754118,0.2840258437136156,1.0663151338544523,857.1428571428571
aquatic,164370,309195,0.17785364764370032,0.35821388415983524,0.8673319805309094,775
aquatic,164420,313352,0.09071896367635487,0.17083585069253787,0.6374893542006472,571.4285714285714
aquatic,164426,312893,0.17001671506555002,0.33757181990542084,1.3345888992112798,1250
aquatic,164429,311187,0.03042904761904762,0.06391895238095231,0.24529478458049828,166.66666666666666
aquatic,164439,310259,0.10808548635892695,0.27416104416909615,0.8766804846938774,1050
aquatic,164454,310853,0.025401309829379364,0.0478340381939106,0.17849701917618122,160
aquatic,164458,311505,0.08705780631330023,0.1924931045355266,0.635568676879257,696
aquatic,164613,311717,0.2877902569815226,0.563217028905299,2.7119649557198775,2333.333333333333
aquatic,164622,312872,0.10627553489967419,0.2751162433281001,1.029609917056523,1142.857142857143
aquatic,164744,310643,0.12337327731092443,0.272593203296703,1.065721141169646,1300
aquatic,164765,311020,0.0790977419649673,0.3260021252318721,0.7164236281762332,845
aquatic,164781,311390,0.02100840336134454,0.11985714285714262,0.4088435374149659,500
aquatic,164884,311838,0.09082168825051315,0.25146694940064124,0.6516174770918792,666.6666666666666
aquatic,164903,310142,0.1063813520647531,0.27754846461712124,0.6483938799438596,746.6666666666667
aquatic,164963,310554,0.2778268262588368,0.5231847927458972,1.952311147239482,1750
aquatic,165074,312139,0.15945753501400559,0.33292361904761897,0.8647392290249422,666.6666666666666
aquatic,165117,313860,0.05720457490794632,0.19785446890275526,0.4294943774331222,515.1666666666666
aquatic,165162,312551,0.066871593671574,0.18936060414748757,0.4251761971228981,480
aquatic,165228,313861,0.2645969773893684,0.4982712311865688,1.859343949751888,1666.6666666666667
aquatic,165273,310964,0.05236391538931036,0.16163276104596502,0.3576016939275548,425
aquatic,165325,314098,0.05474760452623485,0.22505968634018564,0.5446787683073057,646.6666666666667
aquatic,165331,309711,0.01680672268907563,0.0958857142857141,0.3270748299319726,400
aquatic,165491,312626,0.1887542200470664,0.3604374200306224,1.3881687281277766,1333.3333333333333
aquatic,165502,309325,0.13279667134598652,0.34535219587469784,0.7483286191142907,833.3333333333333
aquatic,165505,310831,0.16105695087641936,0.317442378021965,1.1420701391611958,1020
aquatic,165524,310662,0.0694567065647092,0.1307961981864743,0.4880777868098705,437.5
aquatic,165547,313224,0.1349821512605042,0.27663606593406526,1.2265306122448976,1500
aquatic,165564,313592,0.1457633250114143,0.35010521205048095,0.7833559649617666,762.5
aquatic,165565,311391,0.052521008403361345,0.29964285714285654,1.0221088435374146,1250
aquatic,165604,314228,0.09932287411926595,0.2903762417047248,0.7756756416404995,800
aquatic,165605,313799,0.04958700213074399,0.09624482823218418,0.3090263760110428,290.4
aquatic,165619,310965,0.0528736984178321,0.21177872091284183,0.39024941856239487,465
aquatic,165665,310252,0.22877204256165365,0.5982862463033729,1.634164269653397,1675
aquatic,165767,311958,0.12700733958543733,0.2524057125585468,0.9554255565989686,750
aquatic,165795,312585,0.045524716586501576,0.14798326571068804,0.3153759286214324,375
aquatic,165812,313899,0.02663943627450979,0.057610015384615396,0.42857142857142855,350
aquatic,165832,313979,0.052870879874048975,0.10387061247050589,0.32860286642295217,344
aquatic,165851,310691,0.36856788069118157,0.7343873892176582,2.669700160317841,2366.666666666667
aquatic,165866,311540,0.08886929971988795,0.2876474285714281,1.0357142857142843,1000
aquatic,165969,309758,0.16237053683665234,0.38643058428646154,1.649985827664399,1733.3333333333333
aquatic,165987,311541,0.11229554621848739,0.31161399999999956,1.1447278911564607,1000
aquatic,166110,311010,0.0901460712380984,0.17374755285158713,0.6828858740592871,683.3333333333334
aquatic,166191,309977,0.14484228879641214,0.3580602318924136,1.241114196830328,1325
aquatic,166312,310909,0.06822412699075109,0.27326286569398944,0.503547636854703,600
aquatic,166383,311811,0.09864752941176469,0.25412555311355267,0.9112244897959181,1083.3333333333333
aquatic,166460,311506,0.042280486847462793,0.0854427333826696,0.2014934075472743,180
aquatic,166556,313507,0.04996152392132483,0.11898585402666348,0.3492716454187995,350
aquatic,166559,314058,0.15920911656325823,0.3569226348392469,1.1282935427464102,1070
aquatic,166604,310344,0.14984747974282692,0.31936724665890326,1.1355571641240263,1037.5
aquatic,166654,313532,0.11988729459153857,0.41063708051414943,0.8086826294642444,920
aquatic,166672,314164,0.14374108372838681,0.35112119563795496,1.0234862670422566,1000
aquatic,166673,309276,0.2030452368607226,0.4514349732428312,1.4730441411777337,1320
aquatic,166690,314049,0.0962219974576732,0.244454464174026,0.6640457675801897,703.3333333333333
aquatic,166699,314351,0.13930786011872737,0.4232105018114315,1.0057399222234564,1066.6666666666665
aquatic,166789,313732,0.07809147097815317,0.15530581801131857,0.5674333384945286,450.00000000000006
aquatic,166903,311914,0.11370687831791848,0.4554381094899824,0.839246061424505,1000
aquatic,166994,313328,0.059831932773109234,0.1447590476190476,0.31480725623582767,316.6666666666667
aquatic,167020,314196,0.09803114566237182,0.25186726591083286,0.6517901886431707,650
aquatic,167034,310345,0.0787446295868252,0.1578150939451984,0.5986578911631667,460
aquatic,167035,310445,0.06774687762285866,0.13356216532480567,0.5501961039021992,600
aquatic,167048,313523,0.10966506869443049,0.2778247744673675,0.8213451067007161,749.9999999999999
aquatic,167135,312316,0.10665516107922979,0.32457080046684883,0.6318254034206133,777.7777777777778
aquatic,167160,314059,0.1264859375105871,0.38613824518282513,1.0126180723902019,1080
aquatic,167171,313533,0.07958162129711088,0.27293236830471507,0.5797379576262516,646
aquatic,167200,313416,0.06439629630181638,0.24340811188784836,0.4482454796918443,525.5
aquatic,167451,313593,0.1389134131294184,0.2615923963729486,0.976155573619741,875
aquatic,167526,313534,0.10944892978792198,0.3062112378568752,0.8564228390812105,885
aquatic,167547,310495,0.08007959471329817,0.15789768828618578,0.6525531281072301,725
aquatic,167548,313819,0.06692499771877003,0.17955900814207548,0.6444311482270213,666.6666666666666
aquatic,167553,310653,0.1279202381076583,0.5123678731762302,0.9441518191025683,1125
aquatic,168097,309893,0.052919395477873665,0.09965424623731375,0.3718687899503775,333.3333333333333
aquatic,168098,311370,0.012700654914689682,0.0239170190969553,0.08924850958809061,80
aquatic,168256,313561,0.19269303075482752,0.4905584236915983,1.3395778413754005,1400
aquatic,168294,309674,0.08305038795518205,0.17451204395604375,1.0210884353741496,1000
aquatic,168295,314238,0.1403741272821456,0.287576928542274,0.9092723214285703,839
aquatic,168296,313980,0.09441423380693267,0.18172345322689057,0.6337037917553991,630
aquatic,168522,311030,0.1553767787114846,0.3250625714285712,0.9790816326530595,716.6666666666666
aquatic,168554,313838,0.07797620961718019,0.1635387076923075,0.939455782312925,933.3333333333333
aquatic,168621,311409,0.15240880750252478,0.30288685507025614,1.1465106679187622,900
aquatic,168649,311283,0.08046877176980649,0.23735709125578275,0.6111517434195793,666.6666666666666
aquatic,168650,311003,0.03167037133233169,0.0966781374624621,0.26006722160291756,314.2857142857143
aquatic,168653,309812,0.0532241627815509,0.10939748766539588,0.5172512755102041,500
aquatic,168715,309482,0.08448254306266723,0.16759943555035045,0.6341236858466786,500
aquatic,168727,311125,0.7408715366902314,1.3951594473223927,5.206163059305285,4666.666666666667
aquatic,168786,310334,0.03790229277263949,0.15181270316332748,0.2797486871415017,333.3333333333333
aquatic,168839,310975,0.12988315344467352,0.3811245404592768,1.0083305137054484,900
aquatic,168899,311940,0.10780581279629013,0.2633408967284662,0.7676147002816927,750
aquatic,168902,309224,0.09264124078284192,0.24351844114005972,0.5176296585262934,525
aquatic,168913,309212,0.2062265058503412,0.6947970358261777,1.4205612100597411,1582.5
aquatic,168990,310083,0.03974347700983836,0.11707201149973959,0.28631885698068,300
aquatic,168998,314099,0.046218487394957986,0.26368571428571375,0.8994557823129249,1100
aquatic,169002,313839,0.13579896042083306,0.37513741586975513,1.0682772188811493,1162.5
aquatic,169149,312171,0.17924129451780715,0.4766829556650242,1.4228684807256218,1350
aquatic,169219,312749,0.0862446502370321,0.210672717382773,0.6140917602253542,600
aquatic,169312,309923,0.17976658979496557,0.41881988156908384,1.5244499072660986,1500
aquatic,169314,314197,0.11197390601567933,0.48420763044912857,1.08024038655457,1300
aquatic,169327,309813,0.04017595630252099,0.08552565626373623,0.4704897959183669,360
aquatic,169334,313639,0.08337068985546597,0.1722542264988277,0.6354834570344099,595
aquatic,169338,310622,0.15172063025210086,0.3183981428571426,1.159948979591834,800
aquatic,169356,311234,0.15875818643362102,0.29896273871194123,1.1156063698511327,1000
aquatic,169375,312328,0.11370687831791848,0.4554381094899824,0.839246061424505,1000
aquatic,169443,312413,0.011544896423529728,0.02271106649394994,0.06519108173699446,58.33333333333333
aquatic,169478,310586,0.13175244283697604,0.32148874216627554,1.1943811069933274,1000
aquatic,169628,311147,0.1421335978973981,0.569297636862478,1.0490575767806314,1250
aquatic,169862,310938,0.08867222086061813,0.23280443755089159,0.6102283111650877,660
aquatic,169914,312568,0.04349154550161145,0.08382629364905268,0.29103397225305694,291.25
aquatic,169945,311482,0.2159120820759732,0.4224719505550327,1.5927532158592153,1300
aquatic,170234,311736,0.1137774907159689,0.22749215099921838,0.862458359111374,666.6666666666666
aquatic,170239,311581,0.04304670560547664,0.1097276104107609,0.3319135517206817,400
aquatic,170610,313970,0.13093863103193656,0.25766494078454194,0.9481943413881506,770
aquatic,170620,311542,0.060778441645145634,0.31486157378013235,0.9561626749649751,1165
aquatic,170635,314198,0.18401765370976952,0.4399626078004716,1.0524319271966638,1065
aquatic,170648,313499,0.06666168103183845,0.18344790547815723,0.4780894344649621,488
aquatic,170700,313800,0.04256229740742419,0.12921445941824955,0.31751237936343363,328.57142857142856
aquatic,170705,309675,0.5166396583905942,1.053363905255267,3.1499680890781816,2500
aquatic,170706,310396,0.18257428571428572,0.38351371428571385,1.4717687074829897,1000
aquatic,170898,309167,0.21230631809382883,0.6605238237756967,1.2133957212884505,1333.3333333333333
aquatic,170957,309454,0.16236096687979162,0.39133085458830486,0.8792289745335642,857.1428571428571
aquatic,171007,313750,0.10792972494185338,0.22964420088666412,0.7816799365739298,666.6666666666665
aquatic,171010,312612,0.18424208588168647,0.4130238347652233,1.0648270416075878,1100
aquatic,171017,311326,0.04903829150507067,0.11764150154852936,0.3294948597045138,320
aquatic,171029,311982,0.08423419607843137,0.18318834285714272,0.7268707482993184,600
aquatic,171079,311305,0.19315658393277943,0.37697352035518905,1.4202615440369406,1166.6666666666667
aquatic,171092,311483,0.2103557826823586,0.4159789111768129,1.5725891311298443,1250
aquatic,171213,311985,0.029002269930693363,0.056749778999665074,0.27701986267609124,285.7142857142857
aquatic,171244,309630,0.03964228441275562,0.07748521700259431,0.29444388721778614,312.5
aquatic,171247,310212,0.5556536525176736,1.0463695854917945,3.904622294478964,3500
aquatic,171288,312645,0.04125709460172332,0.1357408342157402,0.4116143853064427,499.99999999999994
aquatic,171301,313550,0.08731700253849156,0.16442950629156772,0.6135835034181228,550
aquatic,171437,311297,0.03931023393427857,0.12426439173952611,0.34656743826319614,375
aquatic,171552,310872,0.44452292201413884,0.8370956683934356,3.123697835583171,2800
aquatic,171883,311968,0.1593504497464899,0.5513165380614109,1.2071882382952523,1250
aquatic,171920,312646,0.05925623280644084,0.16779036475513925,0.462202953781499,400
aquatic,171974,311312,0.1762130022658442,0.3912914064149081,1.5766962739869879,1475
aquatic,172060,312287,0.07937909321681051,0.14948136935597062,0.5578031849255664,500
aquatic,172155,311666,0.06845116522274823,0.1747569163677174,0.48088605738961543,420
aquatic,172262,309516,0.209966982363427,0.33556061898082146,0.5219044957493624,875
aquatic,172352,312637,0.06752980780260363,0.13896653302279327,0.44582631296795927,443.3333333333333
aquatic,172584,311119,0.05273740927702907,0.15256230321667766,0.4404115705615449,533.3333333333333
aquatic,172593,313890,0.10810565265755252,0.33243594882665284,0.7966708500367976,850.6666666666667
aquatic,172661,310759,0.08362060054588501,0.223575678329399,0.8197479437336105,875
aquatic,172693,309115,0.16914898537744663,0.5393330547449908,1.564350921868713,1500
aquatic,172755,312647,0.04264007936921943,0.1707892910587434,0.3147172730341894,375
aquatic,172815,309326,0.10583879095574733,0.1993084924746275,0.743737579900755,666.6666666666666
aquatic,172817,313242,0.1175168601226534,0.28824821731958544,0.9456958690976212,750
aquatic,172943,312540,0.022741375663583696,0.09108762189799649,0.16784921228490104,200
aquatic,173025,313704,0.09170258039629217,0.23253374663829215,0.6543755711737304,648
aquatic,173094,310587,0.08707174236361212,0.24124701642036095,0.8299508692365822,750
aquatic,173185,310056,0.5275869690255979,1.4176532992714028,4.14246035985813,3428.5714285714284
aquatic,173300,311443,0.04425164695856703,0.12579061899373067,0.42406626211344467,483.3333333333333
aquatic,173310,309788,0.05953431991260788,0.11211102701697799,0.41835238869417474,375
aquatic,173359,311166,0.034112063495375544,0.13663143284699472,0.2517738184273515,300
aquatic,173456,314009,0.10065017176566138,0.3550093806091224,0.7348553520983938,828.5714285714286
aquatic,173527,311754,0.193085971534729,0.6049194788459531,1.3970492463500714,1500
aquatic,173545,313489,0.0749348640034064,0.14311527380801903,0.5114052829423261,490
aquatic,173568,310335,0.09141286292846709,0.31265226903070553,0.6941339203394212,833.3333333333333
aquatic,173575,313820,0.059876552186940296,0.13267757533118604,0.4547042880364043,398.75
aquatic,173586,312508,0.03463994812251339,0.13554350628431544,0.37905292450124184,437.5
aquatic,173592,309835,0.06469164046349914,0.19208124561025253,0.4761359487594864,440
aquatic,173607,312085,0.12705254652158682,0.3698399081251621,0.9287472654762143,1000
aquatic,173637,309424,0.04377087233797621,0.08735677014577264,0.2702448979591836,320
aquatic,173747,309606,0.10226428328421582,0.35345252944531186,0.7454317692581921,833.3333333333333
aquatic,173799,312193,0.1677455449785477,0.3671426216587582,1.2238717231317937,1200
aquatic,173888,312211,0.2842671957947962,1.138595273724956,2.0981151535612628,2500
aquatic,173901,311362,0.05915966386554622,0.1230514285714286,0.22448979591836735,200
aquatic,173913,312955,0.02100840336134454,0.11985714285714262,0.4088435374149659,500
aquatic,173978,311803,0.1299935047865574,0.2299712138301647,0.909824465897148,775
aquatic,174075,312779,0.07580458554527898,0.30362540632665497,0.5594973742830034,666.6666666666666
aquatic,174096,312701,0.02100840336134454,0.11985714285714262,0.4088435374149659,500
aquatic,174176,314071,0.08064762135636697,0.3201587579532656,0.593699664495567,707.6
aquatic,174237,310110,0.15918962964508585,0.6376133532859755,1.1749444859943072,1400
aquatic,174273,309853,0.05136188279856159,0.11966282330545255,0.43555711636174244,428.57142857142856
aquatic,174329,311533,0.12437314363697857,0.24169339133399237,0.9666467223405322,1000
aquatic,174331,309574,0.03706070339467613,0.15133562189799638,0.3538356068427241,420
aquatic,174339,309526,0.15875818643362102,0.29896273871194123,1.1156063698511327,1000
aquatic,174370,310737,0.08194938175315923,0.22925131736085835,0.6622989165355843,666.6666666666666
aquatic,174387,312509,0.13623253237576977,0.37720042410096183,0.9774262156378188,1000
aquatic,174425,312648,0.02842671957947962,0.1138595273724956,0.20981151535612624,250
aquatic,174573,309664,0.11504652100840336,0.3931197714285708,1.4063945578231278,1400
aquatic,174671,309575,0.06040897933686252,0.1631853124975276,0.4134194658469643,420
aquatic,174704,311449,0.095255504689078,0.18930428441891012,0.7165691674492264,562.5
aquatic,174771,311986,0.09416900918319707,0.18024422649882776,0.6139256339051582,550
aquatic,175114,309607,0.11821686499591866,0.22878105816699235,0.7840486703894327,800
aquatic,175118,312203,0.09082168825051315,0.25146694940064124,0.6516174770918792,666.6666666666666
aquatic,175138,309204,0.04548275132716739,0.18217524379599298,0.3356984245698021,400
aquatic,175141,309136,0.06085809523809524,0.12783790476190462,0.49058956916099655,333.3333333333333
aquatic,175221,311515,0.11370687831791848,0.4554381094899824,0.839246061424505,1000
aquatic,175437,311563,0.08528015873843886,0.3415785821174868,0.6294345460683788,750
aquatic,175583,313204,0.16289936290420926,0.30757633871194123,1.1313206555654185,1014
aquatic,175649,312424,0.08700494981992804,0.19913104186813174,0.7322529030216736,892
aquatic,175705,311167,0.11370687831791848,0.4554381094899824,0.839246061424505,1000
aquatic,175798,311450,0.059149863565267365,0.11788188326517691,0.46175979180058513,413.33333333333337
aquatic,175843,311667,0.08642833351481566,0.23885673668102278,0.5889115205173222,625
aquatic,175858,311148,0.18951146386319745,0.7590635158166374,1.3987434357075084,1666.6666666666667
aquatic,175859,311120,0.03662105175983436,0.09589884105820093,0.44808163265306056,420
aquatic,175866,313183,0.14764045955822805,0.2966576333982599,1.1075589170848175,1125
aquatic,175869,313088,0.06302521008403361,0.3595714285714279,1.2265306122448976,1500
aquatic,175951,311708,0.1516797834886084,0.3793048541625459,1.1422070462528757,1000
aquatic,175952,309492,0.03694277031122458,0.0714940806771851,0.2450152094966977,250
aquatic,175956,311543,0.11229554621848739,0.31161399999999956,1.1447278911564607,1000
aquatic,175972,311755,0.20499402117506133,0.6471949666328394,1.575130415166,1500
aquatic,175983,310346,0.09639691926832718,0.19293530729641173,0.6888975198468567,608.3333333333334
aquatic,175994,314296,0.095890461669092,0.257832162530662,0.47260847352272517,488.33333333333337
aquatic,175996,310268,0.19050982372034522,0.3587552864543295,1.3387276438213591,1200
aquatic,175997,312450,0.0836713685355644,0.17507711925118832,0.5678497122447608,540
aquatic,176001,311255,0.07605417550956592,0.203548348986078,0.544493426311466,550
aquatic,176139,314129,0.11370687831791848,0.4554381094899824,0.839246061424505,1000
aquatic,176148,309854,0.17976658979496557,0.41881988156908384,1.5244499072660986,1500
aquatic,176193,314165,0.06839198802808781,0.13649495335276976,0.4222576530612244,500
aquatic,176242,310899,0.10464877643025461,0.2083164652849327,0.7888699237372245,616.6666666666666
aquatic,176391,312038,0.13623253237576977,0.37720042410096183,0.9774262156378188,1000
aquatic,176461,309935,0.04264007936921943,0.1707892910587434,0.3147172730341894,375
aquatic,176505,314080,0.3651438287973284,0.6876142990374648,2.565894650657605,2300
aquatic,176516,313705,0.08183948588076184,0.21076886538878137,0.585177239139643,535
aquatic,176606,309855,0.047627455930086306,0.08968882161358238,0.3346819109553398,300
aquatic,176674,311534,0.22859374682353886,0.4354854781152012,1.668433132381943,1585
aquatic,176691,311865,0.22459109243697478,0.6232279999999991,2.2894557823129214,2000
aquatic,176700,311399,0.1468525081089102,0.2963938156920364,1.1263465831893913,850
aquatic,176833,312308,0.05685343915895924,0.2277190547449912,0.4196230307122525,500
aquatic,177142,309978,0.09742699241196076,0.20182499458729486,0.7387859462135922,700
aquatic,177153,309936,0.036496695803726505,0.07338809323327887,0.3170729512735325,387.5
aquatic,177164,311725,0.16307721060392408,0.33003500814207554,1.0495331890433468,833.3333333333333
aquatic,177232,309796,0.03927170868347339,0.1883085714285711,0.6097959183673467,733.3333333333334
aquatic,177301,313664,0.11353929688583975,0.21935627559233045,0.7558460899937902,765
aquatic,177312,312818,0.18730327490996407,0.4212079607142855,1.5007107261509234,1350
aquatic,177678,311021,0.07657215228948727,0.17506557692307684,0.6449736705313354,785.7142857142858
aquatic,177726,313318,0.12322660724246823,0.28454444653245814,1.024054164100037,1066.6666666666667
aquatic,177758,313371,0.04364106171518342,0.08553453386624985,0.32261271216098714,262.22222222222223
aquatic,177797,313801,0.03393942053557611,0.0991723750089138,0.2287574880710333,272.2
aquatic,177842,310574,0.1116476642657063,0.3104436369837057,0.8368934240362812,1033.3333333333333
aquatic,177967,313862,0.06822412699075109,0.27326286569398944,0.503547636854703,600
aquatic,178294,311777,0.23918630252100842,0.4993854285714284,1.2971088435374132,1000
aquatic,178301,314329,0.03776467671828483,0.13701965553077353,0.2881427036528711,318.57142857142856
aquatic,178323,312682,0.07003852159328015,0.1720395984455493,0.6227741574016576,625
aquatic,178347,312933,0.22541295464009525,0.7844705254092761,1.6200441031741346,1950
aquatic,178509,310486,0.1556927744790773,0.32473510329503974,1.037101602785175,1000
aquatic,178582,312873,0.1442065383350165,0.2914111033801707,1.1077531436918724,833.3333333333333
aquatic,178593,309314,0.08763122343224382,0.16916871974701386,0.6564107400637555,526.6666666666666
aquatic,178872,310406,0.09525491186017261,0.17937764322716476,0.6693638219106796,600
aquatic,178981,309444,0.01050420168067227,0.05992857142857131,0.20442176870748294,250
aquatic,179148,313613,0.0959544839410642,0.28079940506636025,0.7615962976438642,800
aquatic,179154,313733,0.060425112101307535,0.11838523095771519,0.42476364520443427,385.7142857142857
aquatic,179300,314149,0.10692169540990845,0.30306069362756205,0.7908754698326127,770.5
aquatic,179323,309100,0.4777807261294089,1.2290021843856338,3.5944703510435287,3200
aquatic,179354,311598,0.06085809523809524,0.12783790476190462,0.49058956916099655,333.3333333333333
aquatic,179367,310407,0.19209006802278594,0.6158379966152028,1.4770125013338007,1433.3333333333333
aquatic,179369,311177,0.09858802825477997,0.2884932380952375,0.8552802073210236,1179.9999999999998
aquatic,179471,312277,0.050928382599559674,0.1762613456614992,0.5128895115622145,571.4285714285714
aquatic,179479,312039,0.10221911536582884,0.20219710338017094,0.5589436198823503,500
aquatic,179482,309559,0.0716433551253458,0.25848191188784836,0.47574547969184433,550
aquatic,179540,311313,0.026459697738936833,0.04982712311865688,0.18593439497518874,166.66666666666666
aquatic,179564,314150,0.08701802987858806,0.27932397524985975,0.6280391721233033,688.2
aquatic,179751,312373,0.04201680672268908,0.23971428571428524,0.8176870748299317,1000
aquatic,179757,313235,0.1274034073412305,0.23895485044839537,0.8881755691934436,812.5
aquatic,179841,313175,0.02842671957947962,0.1138595273724956,0.20981151535612624,250
aquatic,179879,309826,0.03980160179296765,0.08354482458430779,0.296281245056162,357.14285714285717
aquatic,179935,311830,0.10237629941141241,0.2676738130867814,0.4904237602540854,500
aquatic,180083,312046,0.07246817510185025,0.16046671917095956,0.5992437229498178,500
aquatic,180119,312086,0.19116403563091325,0.5001097151316092,1.4549972936385684,1275
aquatic,180224,309865,0.04219487115156072,0.10145836639147074,0.3472260938504391,375
aquatic,180260,313656,0.07869830241997329,0.18392415299448273,0.5267782045362027,506.66666666666663
aquatic,180476,309445,0.17456497355601372,0.583276014251887,1.3298356305855015,1333.3333333333333
aquatic,180612,311668,0.056045085538291704,0.09812259566676731,0.15670256335685637,250
aquatic,180709,313981,0.13895202797371756,0.36828840076010455,0.9782982005332883,1016.6666666666667
aquatic,180841,312212,0.05685343915895924,0.2277190547449912,0.4196230307122525,500
aquatic,180927,311246,0.0374318487394958,0.10387133333333318,0.3815759637188202,333.3333333333333
aquatic,180963,309998,0.06530552403233399,0.11215114163702766,0.4519782779358824,385.7142857142857
aquatic,180971,312502,0.11370687831791848,0.4554381094899824,0.839246061424505,1000
aquatic,181068,312599,0.0317516372867242,0.059792547742388256,0.22312127397022655,200
aquatic,181077,309999,0.04266655901848834,0.08530955662470688,0.3234218846667653,250
aquatic,181125,309950,0.3968954660840525,0.7474068467798533,2.7890159246278317,2500
aquatic,181353,312077,0.15917779558185174,0.3193392669133479,0.9650860853554184,800
aquatic,181560,309653,0.2390582241020412,0.47773317985159736,1.7159451917282857,1500
aquatic,181693,313214,0.1235971111169072,0.3733348074822406,0.9557232298669116,875
aquatic,181908,310910,0.08528015873843886,0.3415785821174868,0.6294345460683788,750
aquatic,181924,314322,0.08420358454028024,0.2530917801179281,0.7868421403967862,794
aquatic,182025,312140,0.06352125317177104,0.23950529187654274,0.4607996641563278,550
aquatic,182217,312296,0.033241528557246804,0.0980797746752588,0.41102820665765494,375
aquatic,182235,309676,0.1137774907159689,0.22749215099921838,0.862458359111374,666.6666666666666
aquatic,182308,312363,0.05602240896358543,0.31961904761904697,1.0902494331065755,1333.3333333333333
aquatic,182508,310027,0.05910843249795933,0.11439052908349617,0.39202433519471636,400
aquatic,182605,311693,0.05000860509608855,0.08839677848663641,0.3088247508305648,375
aquatic,182641,312934,0.10233619048612662,0.40989429854098425,0.7553214552820545,900
aquatic,182768,313454,0.15314579952529966,0.3089094659689057,1.2324592867576987,1083.3333333333333
aquatic,182773,314100,0.1254189672825606,0.2361805635824336,0.8813290321823947,790
aquatic,182782,313918,0.07153715740281992,0.25519639923350285,0.5091838071188156,606
aquatic,182870,312059,0.06822412699075109,0.27326286569398944,0.503547636854703,600
aquatic,182910,312278,0.05019374828907752,0.1346692561065566,0.4833233611702661,500
aquatic,182948,312791,0.10898602590061579,0.3017603392807695,0.7819409725102552,800
aquatic,183141,310728,0.0303218342181116,0.12145016253066197,0.22379894971320138,266.6666666666667
aquatic,183235,310122,0.09448996220868223,0.22942560747816054,0.7506503119819249,571.4285714285714
aquatic,183249,310057,0.1421335978973981,0.569297636862478,1.0490575767806314,1250
aquatic,183265,312259,0.017097997007021953,0.03412373833819244,0.1055644132653061,125
aquatic,183313,310366,0.02249074307809631,0.04235305465085835,0.15804423572891044,141.66666666666666
aquatic,183509,313621,0.1088803953963324,0.3039340473094253,0.852226608774088,880
aquatic,183605,311875,0.12171619047619048,0.25567580952380925,0.9811791383219931,666.6666666666666
aquatic,183710,313812,0.10239989243162771,0.25764062046094016,0.7172803674701447,746.6666666666666
aquatic,183736,311022,0.1795936858143744,0.6414351879015696,1.3640155854447356,1525
aquatic,183871,312988,0.3541405075211036,0.6984385266849662,2.431609565099091,2250
aquatic,183943,309178,0.2129055078469742,0.43766908066083565,1.5441893424036257,1333.3333333333333
aquatic,183986,313982,0.0689509831469169,0.1392490458060129,0.4989136822344801,402.66666666666663
aquatic,183999,314229,0.07569235342745069,0.31516070489833,0.7299315127439594,883.3333333333334
aquatic,184021,314081,0.0470547034822328,0.1645981744472768,0.3344413531663621,400
aquatic,184045,311812,0.07937909321681051,0.14948136935597062,0.5578031849255664,500
aquatic,184131,311959,0.05688874535798445,0.11374607549960919,0.431229179555687,333.3333333333333
aquatic,184239,310016,0.07937909321681051,0.14948136935597062,0.5578031849255664,500
aquatic,184304,309343,0.08445378151260506,0.21374285714285707,0.48503401360544207,500
aquatic,184316,310760,0.12083680776247002,0.2300458331339681,0.8800187590390769,833.3333333333333
aquatic,184322,312529,0.06811626618788488,0.18860021205048091,0.4887131078189094,500
aquatic,184435,309586,0.24380020324034374,0.4758491672833699,1.4383104514837857,1287.5
aquatic,184593,312702,0.07352941176470588,0.41949999999999915,1.4309523809523805,1750
aquatic,184963,312155,0.2651217491441021,0.8442375238095243,2.2948979591836705,2000
aquatic,185153,311876,0.14605942857142856,0.3068109714285711,1.177414965986392,800
aquatic,185180,313089,0.17463558595406414,0.355330055761123,1.3530479282723706,1000
aquatic,185232,310397,0.06803922275726615,0.1281268880194034,0.47811701565048537,428.57142857142856
aquatic,185867,310102,0.03544480464024094,0.06716327522343782,0.24592318723553266,227
aquatic,185888,309759,0.09233350205383739,0.1974002864040435,0.6417478526865832,666.6666666666666
aquatic,186155,309260,0.2778268262588368,0.5231847927458972,1.952311147239482,1750
aquatic,186759,309924,0.06331011317022824,0.1383619576549247,0.4737930426777095,500
aquatic,186819,313090,0.12360560428715703,0.249780945754432,0.9495026945930335,714.2857142857142
aquatic,186910,312729,0.09260231892983213,0.309787798352326,0.701608770070718,866.6666666666667
aquatic,187393,313792,0.09601509057836984,0.21902086281556357,0.7975937956170764,822.5
aquatic,187401,312459,0.00793790932168105,0.014948136935597064,0.05578031849255664,50
aquatic,187411,314218,0.08549369083965035,0.19839947777030215,0.6070048626321575,582.5
aquatic,187416,313140,0.07937909321681051,0.14948136935597062,0.5578031849255664,500
aquatic,187587,311877,0.12483474379294572,0.24090335751287906,0.7816087198698632,700
aquatic,187629,310426,0.019844773304202628,0.037370342338992654,0.1394507962313916,125
aquatic,187676,311786,0.2146853287110082,0.45713270433133985,1.5221455885536828,1275
aquatic,187936,310347,0.06729125175549666,0.13812547186588917,0.484369685374149,425
aquatic,187968,314137,0.048120133925825356,0.1613240206206281,0.33630062396385274,400
aquatic,187991,310367,0.029105667512830523,0.05480983543052257,0.20452783447270764,183.33333333333334
aquatic,188037,311960,0.10583879095574733,0.1993084924746275,0.743737579900755,666.6666666666666
aquatic,188136,310505,0.14590629249285253,0.2838282230537348,1.0760932034790514,1120
aquatic,188216,314208,0.1322984886946842,0.2491356155932844,0.929671974875944,833.3333333333334
aquatic,188285,312172,0.12171619047619048,0.25567580952380925,0.9811791383219931,666.6666666666666
aquatic,188567,312575,0.0252703869047619,0.11046786263736247,0.4596938775510203,500
aquatic,188657,312740,0.27468122315592913,0.7593215418719206,2.4788025804637077,2500
aquatic,188726,313027,0.0978233173318989,0.31960698855620645,0.748250428637705,900
aquatic,188810,312853,0.0701025899276189,0.2674522952296383,0.7223273356377271,875
aquatic,188814,313720,0.05270008245611418,0.1297535523562443,0.46958967172575605,471.6666666666667
aquatic,188832,312125,0.12502266464538195,0.2453597979273991,0.9257453617963138,750
aquatic,188851,314304,0.1408472106212347,0.3913835931195331,1.356630102040815,1379.9999999999998
aquatic,189081,311550,0.052919395477873665,0.09965424623731375,0.3718687899503775,333.3333333333333
aquatic,189152,312935,0.19898703705635734,0.7970166916074692,1.4686806074928838,1750
aquatic,189197,312854,0.2636678932068053,0.74533619869612,1.9161403509589363,2296
aquatic,189858,313301,0.07521305777369612,0.1464125037458518,0.4923583946671932,516.6666666666666
aquatic,189957,310408,0.23122100064382553,0.6042654865258476,1.5830694205070899,1450
aquatic,190003,313514,0.07806033676419877,0.21203495472667155,0.5052878340314473,516
aquatic,190028,312936,0.20467238097225324,0.8197885970819685,1.510642910564109,1800
aquatic,190247,312627,0.15875818643362102,0.29896273871194123,1.1156063698511327,1000
aquatic,190465,312655,0.039689546608405256,0.07474068467798531,0.2789015924627832,250
aquatic,190497,309836,0.1426187983829722,0.2857743716752525,1.0840089878497485,833.3333333333333
aquatic,190498,312194,0.26804997354846694,0.5244549584921607,1.8478059163363934,1833.3333333333333
aquatic,190583,314187,0.12449042938492277,0.39530731286498366,0.9016166610373507,973.3333333333333
aquatic,190671,312914,0.09542992685074031,0.2118675866919284,0.7824036281179136,960
aquatic,190779,313017,0.17922599595393718,0.48507619047619044,1.0729591836734693,1125
aquatic,190794,311574,0.04243703713012868,0.14750913740073066,0.43820031079849797,550
aquatic,190849,311138,0.08891463581400813,0.17342386381973116,0.6989436198823501,733.3333333333333
aquatic,190986,313067,0.1137774907159689,0.22749215099921838,0.862458359111374,666.6666666666666
aquatic,191143,313057,0.14857174686312863,0.29953321449876635,1.0811022534013603,1300
aquatic,191225,313872,0.13426551053522695,0.3131680198471231,0.9535490952568813,916.6666666666666
aquatic,191229,314269,0.20268907563025212,0.512982857142857,1.164081632653061,1200
aquatic,191238,310219,0.0526493305219707,0.10659064003512818,0.38184317607297147,375
aquatic,191339,310537,0.15160917109055796,0.6072508126533099,1.1189947485660068,1333.3333333333333
aquatic,191445,310220,0.151518835253784,0.3047399605230281,0.7460184498143231,666.6666666666666
aquatic,191954,311410,0.15875818643362102,0.29896273871194123,1.1156063698511327,1000
aquatic,192030,313058,0.13494987493156707,0.26383043091611325,0.9992735670608315,1061.6666666666667
aquatic,192163,313193,0.17026810645498236,0.3320823336977513,1.1844826066942737,1250
aquatic,192430,312855,0.10211396032143479,0.35996284552476815,0.6814596478724593,830
aquatic,192537,314166,0.045430034892341764,0.0870915384129422,0.30757280458247144,300
aquatic,192543,313573,0.31386831264829945,0.64598799421788,2.4547128618889364,1800
aquatic,192574,311264,0.05161158708962591,0.15586881843297323,0.32996868872481466,372
aquatic,192576,310466,0.09792929780131221,0.19980409351311962,0.481452487244898,512.5
aquatic,192781,311284,0.15210835101913184,0.407096697972156,1.088986852622932,1100
aquatic,192889,309253,0.04118724793587764,0.07845689574671172,0.2747160696516742,246.15384615384616
aquatic,192974,310398,0.1137774907159689,0.22749215099921838,0.862458359111374,666.6666666666666
aquatic,193011,313515,0.13817772579728382,0.46273183673491547,0.9456743449545932,1030
aquatic,193068,313461,0.027246506475153948,0.07544008482019238,0.1954852431275638,200
aquatic,193377,311079,0.0776188670945521,0.22175923363328662,0.7338995980301696,790
aquatic,193455,313919,0.08245838277619677,0.14967322593364857,0.7279339231792613,553.3333333333334
aquatic,193498,310355,0.14612585792269286,0.3246749682570691,1.2732793754017566,1375
aquatic,193815,312586,0.06820817346795251,0.1712317924845772,0.46656128956634774,500
aquatic,193877,313262,0.07753968826384065,0.2727682755033955,0.7447689410664116,896.6666666666666
aquatic,193924,309961,0.09720310924369747,0.2040619999999998,0.7583333333333316,520
aquatic,194175,312133,0.08843210865658432,0.17741070384074883,0.5361589363085658,444.44444444444446
aquatic,194199,310289,0.026459697738936833,0.04982712311865688,0.18593439497518874,166.66666666666666
aquatic,194859,312587,0.23829759924313904,0.6125157640862153,1.7211581659028437,1733.3333333333335
aquatic,194871,311941,0.05685343915895924,0.2277190547449912,0.4196230307122525,500
aquatic,194883,314122,0.13631840396958256,0.38540589718068263,0.9793702690554427,1010
aquatic,194951,312173,0.07394957983193279,0.15381428571428576,0.28061224489795916,250
aquatic,194958,314178,0.04796846000964717,0.16764187108475168,0.30843158516404556,353
aquatic,195323,313483,0.08661666301034296,0.24103620571424894,0.6963595421545408,777.1428571428571
aquatic,195415,313545,0.043759574421621976,0.0835813260991563,0.28818778541232465,258.2
aquatic,195610,309433,0.04244781376877191,0.125871459486286,0.27482956849217166,312.5
aquatic,195647,310927,0.10003900038991786,0.2545191132494136,0.9330342455240066,850
aquatic,195712,311155,0.025210084033613443,0.14382857142857117,0.490612244897959,600
aquatic,195719,313329,0.11906863982521576,0.22422205403395598,0.8367047773883495,750
aquatic,196415,309434,0.08735209357890561,0.26304623937233396,0.740296141644024,825
aquatic,196440,312730,0.14647113598731157,0.5309724494445972,1.1699193510356267,1480
aquatic,196454,309344,0.10615295556857668,0.23422555576112336,0.8766517884210836,1000
aquatic,196635,311839,0.028888897782911933,0.09314421972305872,0.3551873427410739,428.57142857142856
aquatic,196923,312047,0.18257428571428572,0.38351371428571385,1.4717687074829897,1000
aquatic,197019,310313,0.08405798260125957,0.1710413150354019,0.5780448250728856,557.1428571428571
aquatic,197060,311109,0.0600604979868012,0.16593869440475412,0.4059674687046698,433.3333333333333
aquatic,197072,310946,0.11338603844825587,0.2287069753307915,0.8311011904761902,1000
aquatic,197141,312460,0.03457330843669294,0.11569790761228221,0.21274717146857453,240
aquatic,197681,314101,0.1038157900270717,0.4634349301361784,1.1046220908362911,1333.3333333333333
aquatic,198024,310034,0.04732296299832102,0.10882975439019936,0.42912945785051626,407.77777777777777
aquatic,198121,312469,0.05019374828907752,0.1346692561065566,0.4833233611702661,500
aquatic,198154,312113,0.1658308581826381,0.32225785511198984,1.2888622964540426,1333.3333333333333
aquatic,198155,312884,0.22702414193997644,0.4427764449303351,1.5793101422590314,1666.6666666666665
aquatic,198192,309261,0.3704357683451157,0.6975797236611964,2.6030815296526426,2333.3333333333335
aquatic,198494,310240,0.6927066310579024,1.430360478717201,3.986441326530607,3500
aquatic,198502,312998,0.08800327170868347,0.28275888644688585,1.0902494331065755,1333.3333333333333
aquatic,198861,310479,0.046164591918959275,0.09213409351311959,0.2850239158163265,337.5
aquatic,198908,310290,0.09952688296681936,0.20506138984877859,0.5718843360747028,450
aquatic,199012,313039,0.08030999726252402,0.2154708097704906,0.7733173778724257,800
aquatic,199171,311676,0.13409268363928076,0.25867733203818644,0.8956093073745459,900
aquatic,199416,309866,0.06203964445576335,0.1388287087304634,0.4866768900818308,500
aquatic,199443,314330,0.04959681234729953,0.09609715900171442,0.3197299904199553,314.2
aquatic,199481,310035,0.19305844957327373,0.3689341724083932,0.8863016802870018,942.8571428571429
aquatic,199492,310496,0.12578196465987757,0.2793288576258119,0.8982069381952378,1000
aquatic,199513,313696,0.110334840876988,0.34566827362625896,0.7983138550571837,857.1428571428571
aquatic,199526,311930,0.05953431991260788,0.11211102701697799,0.41835238869417474,375
aquatic,199544,310800,0.08288808815153619,0.21856910738419277,0.8725892527553654,1066.6666666666667
aquatic,199604,313711,0.07190957213418592,0.1848929342510202,0.4876797271887537,490.625
aquatic,199613,310992,0.07828615290063416,0.2152460470550352,0.6163876207983021,526.25
aquatic,199647,310399,0.1442065383350165,0.2914111033801707,1.1077531436918724,833.3333333333333
aquatic,199648,313840,0.11864393806837799,0.24635483848396483,0.9047874149659847,700
aquatic,199666,313983,0.06839198802808781,0.13649495335276976,0.4222576530612244,500
aquatic,199671,309295,0.0788597281777999,0.23519558399720256,0.6296194544446607,700
aquatic,199764,312856,0.1152649689250418,0.33549817361368833,0.9301746769259787,1125
aquatic,199999,311987,0.11370687831791848,0.4554381094899824,0.839246061424505,1000
aquatic,200074,314087,0.29211506303786267,0.550091439229972,2.0527157205260838,1840
aquatic,200111,311110,0.10698079836390191,0.21286615654387447,0.7632712778369322,675
aquatic,200353,313068,0.12078029183641709,0.26744453195159923,0.998739538249696,833.3333333333333
aquatic,200462,311718,0.15875818643362102,0.29896273871194123,1.1156063698511327,1000
aquatic,200554,309765,0.02100840336134454,0.11985714285714262,0.4088435374149659,500
aquatic,200600,310595,0.15515978229244076,0.3843926264988274,1.408177334585429,1300
aquatic,200610,311922,0.18257428571428572,0.38351371428571385,1.4717687074829897,1000
aquatic,200723,312030,0.13623253237576977,0.37720042410096183,0.9774262156378188,1000
aquatic,200724,309914,0.034112063495375544,0.13663143284699472,0.2517738184273515,300
aquatic,200777,311507,0.08006066255050848,0.15712086833298491,0.49431676158835625,587.5
aquatic,200827,310111,0.03492680101539663,0.06577180251662708,0.24543340136724917,220
aquatic,201007,309925,0.052758427641856856,0.1153016313791039,0.39482753556475786,416.66666666666663
aquatic,201031,313278,0.12675018551089895,0.3931277212356488,0.9164236450610683,980
aquatic,201188,313761,0.13054718845987381,0.35442851862646274,0.9354639125665936,950
aquatic,201270,312470,0.030116248973446513,0.08080155366393399,0.28999401670215963,300
aquatic,201606,310162,0.11890061801627316,0.22889381499736827,0.8973019253932781,893.3333333333333
aquatic,201654,312374,0.3463468927058918,0.6813319948184982,1.9557324521098343,1750
aquatic,201796,312180,0.09859943977591035,0.20508571428571434,0.3741496598639456,333.3333333333333
aquatic,201823,310644,0.10447577613445384,0.23386415406593386,0.8940068554553603,1090
aquatic,201833,311988,0.029505135387488342,0.0655238095238095,0.5490217792543374,666.6666666666666
aquatic,201914,311813,0.1658308581826381,0.32225785511198984,1.2888622964540426,1333.3333333333333
aquatic,201923,313780,0.11466546175538939,0.30961694633522713,0.8701810374357762,874.2857142857143
aquatic,202003,313524,0.15724093573711428,0.49705756695810444,1.3862697530527845,1500
aquatic,202173,311467,0.03696351642106112,0.0729219999999999,0.3729073910848947,500
aquatic,202231,309327,0.27246506475153953,0.7544008482019237,1.9548524312756377,2000
aquatic,202284,314060,0.07858124741246214,0.202414954674203,0.5883421186474412,595.3333333333334
aquatic,202384,309915,0.12702257478991597,0.2640599120879117,1.079319727891155,1000
aquatic,202426,314072,0.041823990536025875,0.11101143378411599,0.30775356924481884,298.3333333333333
aquatic,202470,310738,0.12333457316888412,0.2279250698633534,0.8636643166479356,820
aquatic,202541,309760,0.06389154647843263,0.15369845645199004,0.5675103586940089,500
aquatic,202683,314151,0.06856217730903087,0.24498888230283694,0.6096277522392483,732.75
aquatic,202687,312031,0.14374108372838681,0.35112119563795496,1.0234862670422566,1000
aquatic,202714,313562,0.13961743899922277,0.3409510211874221,1.0384406295987532,923.3333333333333
aquatic,202740,312352,0.08134611505735329,0.21351377360980936,0.5816803053065037,583.3333333333333
aquatic,202800,312092,0.12685808481344918,0.2863170836416848,0.9025310760820289,875
aquatic,202822,313848,0.045451295518207264,0.09768145054945057,0.6403061224489796,525
aquatic,202958,311088,0.08522619763867449,0.1691955523699602,0.6171518449926072,610
aquatic,203009,313622,0.08056977961506266,0.15172358989631018,0.5661702326994498,507.49999999999994
aquatic,203129,312317,0.06436199051157632,0.20163982628198435,0.4656830821166904,500
aquatic,203247,310703,0.11370687831791848,0.4554381094899824,0.839246061424505,1000
aquatic,203257,310446,0.11906863982521576,0.22422205403395598,0.8367047773883495,750
aquatic,203384,314297,0.06243092227198895,0.1658283065759818,0.44675080474768425,450
aquatic,203385,310519,0.263176844676111,0.5482375224635722,1.5597300569515917,1500
aquatic,203607,313236,0.08533311803697669,0.17061911324941376,0.6468437693335306,500
aquatic,203783,309751,0.10528791089086428,0.24531920345211639,0.7256925204475999,833.3333333333333
aquatic,203888,311866,0.1309766894655481,0.26649754182084223,1.014785946204278,750
aquatic,203946,313891,0.09030690476867043,0.19790244438031626,0.6369955992022497,605.1666666666666
aquatic,203979,313551,0.0892026413411793,0.1744320055884065,0.6575148036601606,537.5
aquatic,204175,312288,0.04499405042016807,0.09221202197802175,0.4088435374149659,500
aquatic,204187,312318,0.2865083998069244,0.8297571896582534,1.6431786120830556,2033.3333333333333
aquatic,204205,309455,0.06591349725443221,0.31162222697285097,0.8248734036947895,1000
aquatic,204220,313360,0.08456344403541051,0.23099795972903348,0.6946623385793258,663.3333333333334
aquatic,204235,312976,0.09583731971764894,0.2305476846779851,0.8512655380410135,750
aquatic,204311,311149,0.10103646125944726,0.4314714392603438,0.9360671991296032,1125
aquatic,204314,312665,0.026365359964809834,0.08259869500492913,0.209497594412757,212.5
aquatic,204353,311247,0.03651485714285714,0.07670274285714278,0.294353741496598,200
aquatic,204408,312713,0.05003102645988413,0.20039276817559226,0.3692682670267823,440
aquatic,204460,314088,0.18521788417255786,0.3487898618305982,1.3015407648263213,1166.6666666666667
aquatic,204488,311353,0.03734827264239031,0.09927619047619055,0.46054421768707476,666.6666666666666
aquatic,204632,314277,0.04168747906267903,0.08227475612630715,0.3108776705880577,248.33333333333334
aquatic,204693,313971,0.05509625330954296,0.13647780976676377,0.4458620323129247,430
aquatic,204694,312638,0.03332864886394748,0.08942038605475361,0.3209267118170567,332
aquatic,204765,310538,0.09096550265433478,0.36435048759198596,0.6713968491396042,800
aquatic,204766,312731,0.10611684616394382,0.2568934136373864,0.8085842104449739,804
aquatic,204804,312666,0.037431752969675436,0.12085055587562353,0.3416360309740456,352.5
aquatic,205078,311694,0.011204481792717089,0.0639238095238094,0.21804988662131514,266.6666666666667
aquatic,205085,313721,0.0959544839410642,0.28079940506636025,0.7615962976438642,800
aquatic,205135,309127,0.01750700280112045,0.0998809523809522,0.34070294784580485,416.6666666666667
aquatic,205150,311551,0.02842671957947962,0.1138595273724956,0.20981151535612624,250
aquatic,205155,310966,0.03213005227596688,0.13241023338861796,0.31956441477486797,385.71428571428567
aquatic,205185,314298,0.15875818643362102,0.29896273871194123,1.1156063698511327,1000
aquatic,205267,313472,0.025445775839237322,0.06304850809930566,0.21876582320067509,233.33333333333331
aquatic,205335,309394,0.11357508723085441,0.21772884603235548,0.7689320114561786,750
aquatic,205343,312667,0.03790229277263949,0.15181270316332748,0.2797486871415017,333.3333333333333
aquatic,205356,311552,0.193085971534729,0.6049194788459531,1.3970492463500714,1500
aquatic,205357,309373,0.04377087233797621,0.08735677014577264,0.2702448979591836,320
aquatic,205396,310103,0.06239082077993016,0.12709937260974571,0.2972299020625692,311.25
aquatic,205456,310400,0.09525491186017261,0.17937764322716476,0.6693638219106796,600
aquatic,205484,313909,0.054579301592600875,0.2186102925551916,0.4028381094837624,480
aquatic,205511,313205,0.24722145674174434,0.5268756094015965,1.7277695296887114,1750
aquatic,205537,310692,0.1048535567960641,0.21138877259240338,0.7630451495381788,683.3333333333334
aquatic,205577,309517,0.06581416486594638,0.1571131822660098,0.4546712018140584,400
aquatic,205609,310663,0.0413933125988967,0.09309067445211139,0.26353143166814613,270
aquatic,205610,312835,0.12153372933173273,0.28225965254073493,0.9238468860412374,940
aquatic,205619,311885,0.05026345113833572,0.1291260310796992,0.3589508023144577,357.1428571428571
aquatic,205658,309906,0.14288236779025892,0.2690664648407472,1.0040457328660193,900
aquatic,205681,311893,0.1320465998288112,0.23981723188236523,0.960666734309374,1000
aquatic,205689,312032,0.08528015873843886,0.3415785821174868,0.6294345460683788,750
aquatic,205690,314230,0.14655110891029458,0.3277342731541887,1.0041045349229296,983.3333333333334
aquatic,205716,309364,0.04734469107953191,0.10558619674861364,0.3578856018396814,387.5
aquatic,205821,314200,0.16269223011470657,0.4270275472196187,1.1633606106130074,1166.6666666666665
aquatic,205827,313462,0.030326959752334785,0.09840707604662864,0.210110734832682,249.99999999999997
aquatic,205835,314188,0.15432931047223225,0.40750192468210505,1.0751662142069425,1100
aquatic,205885,309719,0.25401198356567734,0.6020275860990579,1.9475415286040385,1870.0000000000002
aquatic,205957,314323,0.11500726680980408,0.30125959229026733,0.9496113489653704,865
aquatic,206038,313125,0.07249063311837513,0.18776497843159345,0.5545079012211139,600
aquatic,206128,311961,0.12502266464538195,0.2453597979273991,0.9257453617963138,750
aquatic,206130,313319,0.09493620220056274,0.339368531951599,1.1895558647803093,1333.3333333333333
aquatic,206134,310854,0.10583879095574733,0.1993084924746275,0.743737579900755,666.6666666666666
aquatic,206186,311745,0.06886514897927422,0.13294660814207565,0.4583427128528717,399.99999999999994
aquatic,206230,309383,0.03790229277263949,0.15181270316332748,0.2797486871415017,333.3333333333333
aquatic,206231,311629,0.06826649442958134,0.13649529059953103,0.5174750154668245,400
aquatic,206237,310427,0.046164591918959275,0.09213409351311959,0.2850239158163265,337.5
aquatic,206260,309979,0.14532914402689642,0.3740434826053842,1.3477591991570568,1375
aquatic,206308,313245,0.09665084657023071,0.3871223930664851,0.7133591522108294,850
aquatic,206319,313288,0.022707423966846996,0.08895919253644302,0.29651360544217675,360
aquatic,206378,312365,0.08896729970232989,0.1855629161685941,0.5926294873058142,571.4285714285714
aquatic,206384,313920,0.0531442810498917,0.2307178624873147,0.5191390417416724,625
aquatic,206414,310801,0.025210084033613443,0.14382857142857117,0.490612244897959,600
aquatic,206419,310919,0.11807732200872431,0.3148681158265118,0.8572823741872049,860
aquatic,206450,313516,0.07364100846176355,0.24640653708840862,0.6498134165265895,730
aquatic,206488,310279,0.13374115204033993,0.2951005122131133,1.0954154298235246,957.5
aquatic,206524,310152,0.14677076933943578,0.3343360121952955,0.9575071495599914,830
aquatic,206556,311756,0.06424839714215252,0.24310048331641979,0.4476842552020484,525
aquatic,206571,313443,0.1258708493745007,0.24524886314693484,0.8222769532156836,866.6666666666667
aquatic,206577,311508,0.04568875333109433,0.08703562094172154,0.333414064118112,316.6666666666667
aquatic,206582,312819,0.1422763935892452,0.2900413851050253,1.1525317048092274,1016.6666666666667
aquatic,206594,312885,0.1305785598465771,0.25734164901976597,0.9055810142314906,1000
aquatic,206607,311224,0.04492598163917551,0.14201644770231558,0.39607707230079564,428.57142857142856
aquatic,206657,314258,0.05917199968808074,0.1447626830785624,0.41598364266105703,416
aquatic,206665,313059,0.327540735466096,0.6376028388932256,2.1441413961313254,2250
aquatic,206748,314342,0.050255869756690594,0.13393926172831852,0.3422347855034442,350.59999999999997
aquatic,206837,310017,0.028011204481792715,0.15980952380952348,0.5451247165532878,666.6666666666666
aquatic,206908,310084,0.031050569599828704,0.05507259751513795,0.22162794348508613,216.15384615384613
aquatic,206946,312844,0.518008833342513,1.8602547162008827,3.5275656619626434,4250
aquatic,207025,314050,0.08890717832819497,0.24222447713806874,0.7338599682604618,846.6666666666666
aquatic,207039,309837,0.16471776470588234,0.22444356190476172,0.9858869904550952,849.9999999999999
aquatic,207175,313751,0.13801797754928258,0.3369240608081347,0.9627482445066162,922
aquatic,207233,313097,0.0761133161162084,0.19836916682084235,0.6892065283906426,750
aquatic,207239,314231,0.1066351272781342,0.28732853904764616,0.7956793533800297,826.25
aquatic,207285,312384,0.06154187319479032,0.11473392754607852,0.4367494975377121,387.5
aquatic,207324,314249,0.04201680672268908,0.23971428571428524,0.8176870748299317,1000
aquatic,207682,312530,0.06160332159788008,0.15048051241626642,0.4386369715895386,428.57142857142856
aquatic,207755,310596,0.1417886951977616,0.3873016748087419,1.4075830756646617,1333.3333333333333
aquatic,207767,312695,0.05070278367304394,0.135698899324052,0.3629956175409774,366.66666666666663
aquatic,207776,312461,0.018951146386319746,0.07590635158166374,0.13987434357075085,166.66666666666666
aquatic,207792,309101,0.09941123143770285,0.27552576964038455,0.8488616427177119,800
aquatic,207837,312319,0.11557115453487149,0.3436097504119875,1.0046470721546275,1000
aquatic,207985,310328,0.15488543725615922,0.5208105608028226,1.3124572847525529,1450
aquatic,208121,309739,0.12171619047619048,0.25567580952380925,0.9811791383219931,666.6666666666666
aquatic,208187,310634,0.027215689102906462,0.051250755207761366,0.19124680626019416,171.42857142857142
aquatic,208242,310539,0.08150089474151563,0.15646990427598523,0.6097799629064394,600
aquatic,208254,311265,0.07937909321681051,0.14948136935597062,0.5578031849255664,500
aquatic,208297,309805,0.04615218067226891,0.13473418571428553,0.4760119047619041,437.5
aquatic,208399,312343,0.04264007936921943,0.1707892910587434,0.3147172730341894,375
aquatic,208526,311314,0.01050420168067227,0.05992857142857131,0.20442176870748294,250
aquatic,208614,311315,0.04548275132716739,0.18217524379599298,0.3356984245698021,400
aquatic,208736,312656,0.07631368126226681,0.17525373393906904,0.4792984178596087,500
aquatic,208789,311256,0.17066623607395337,0.3412382264988275,1.2936875386670612,1000
aquatic,208805,311381,0.0627170868347339,0.3224699999999994,1.0847108843537412,1325
aquatic,208880,312577,0.0371015356142457,0.09444204016672983,0.33767951625094483,333.3333333333333
aquatic,208900,312114,0.07937909321681051,0.14948136935597062,0.5578031849255664,500
aquatic,208914,309567,0.04360100633029733,0.12717778015309233,0.23341175853673723,250
aquatic,209258,311746,0.07324826930772312,0.20102609852216746,0.40079365079365104,500
aquatic,209472,314286,0.026906127223987063,0.09992777250876496,0.26358245053020557,317.5
aquatic,209473,311080,0.06950248129613748,0.13188003174851276,0.5007550195957818,466.6666666666667
aquatic,209518,311150,0.1421335978973981,0.569297636862478,1.0490575767806314,1250
aquatic,209542,313444,0.07606311236948111,0.17192034398220057,0.6361643413814458,564
aquatic,209569,313255,0.11906863982521576,0.22422205403395598,0.8367047773883495,750
aquatic,209669,310526,0.14906467343866114,0.2856967353526372,1.1092671356649935,1083.3333333333333
aquatic,209700,309534,0.026260504201680673,0.14982142857142827,0.5110544217687073,625
aquatic,209706,312010,0.2967160348002693,0.6903735532980688,2.021037346261789,1833.3333333333335
aquatic,209934,310749,0.07580458554527898,0.30362540632665497,0.5594973742830034,666.6666666666666
aquatic,210067,312141,0.039689546608405256,0.07474068467798531,0.2789015924627832,250
aquatic,210100,314038,0.055568092010142726,0.13361489844031293,0.36485987160326183,360.1666666666667
aquatic,210168,314331,0.04548703036637445,0.11049262059899864,0.3799395154209101,408.57142857142856
aquatic,210327,310260,0.12786341040035598,0.25529442373653544,0.9354585766561669,783.75
aquatic,210378,313361,0.09762091669868206,0.24899891827294401,0.6706171005755861,718
aquatic,210785,313012,0.2645969773893684,0.4982712311865688,1.859343949751888,1666.6666666666667
aquatic,210801,311392,0.01750700280112045,0.0998809523809522,0.34070294784580485,416.6666666666667
aquatic,210863,312101,0.05688874535798445,0.11374607549960919,0.431229179555687,333.3333333333333
aquatic,210923,310777,0.07585611204481793,0.1585752454212452,0.6268707482993185,500
aquatic,210940,309598,0.15278926639119933,0.33865641962781534,1.0468104385807953,950
aquatic,211070,312246,0.06811626618788488,0.18860021205048091,0.4887131078189094,500
aquatic,211086,312741,0.08388890445342921,0.22922024165820995,0.42027069902959563,437.5
aquatic,211280,313525,0.16891507370820746,0.5029824122578701,1.4160616825549046,1500
aquatic,211391,310739,0.10052690227667144,0.2582520621593984,0.7179016046289154,714.2857142857142
aquatic,211460,310071,0.07937909321681051,0.14948136935597062,0.5578031849255664,500
aquatic,211744,311451,0.11229554621848739,0.31161399999999956,1.1447278911564607,1000
aquatic,211982,314219,0.11106458098605237,0.32734331075573503,0.7491815967761805,890
aquatic,212437,309677,0.16453541216486597,0.3927829556650244,1.136678004535146,1000
aquatic,214948,309894,0.14777108124489832,0.2859763227087404,0.9800608379867908,1000
aquatic,215011,312800,0.0739976694677871,0.2028541245421241,0.8176870748299316,1000
aquatic,215214,312894,0.17304784600201983,0.3496933240562048,1.3293037724302468,1000
aquatic,215283,312395,0.10945089216605369,0.40991508329326753,0.7547947951154923,882.5
aquatic,215295,312999,0.13480301021283192,0.36635097941087535,1.1642878641275534,1200
aquatic,215297,313373,0.0317516372867242,0.059792547742388256,0.22312127397022655,200
aquatic,215331,311188,0.026459697738936833,0.04982712311865688,0.18593439497518874,166.66666666666666
aquatic,215348,310085,0.07674568770689227,0.15200456972041002,0.6319648113851924,700
aquatic,215458,312531,0.06811626618788488,0.18860021205048091,0.4887131078189094,500
aquatic,215643,314324,0.045759044836338074,0.1470549780116312,0.4134848388037171,450
aquatic,215657,310813,0.06811626618788488,0.18860021205048091,0.4887131078189094,500
aquatic,215808,311564,0.07862046786855714,0.24852878347905222,0.6931348765263923,750
aquatic,215911,310356,0.058211335025661046,0.10961967086104514,0.4090556689454153,366.6666666666667
aquatic,215964,313149,0.20187375526648998,0.41437641559766747,1.4531090561224467,1275
aquatic,216050,312268,0.04136316688594633,0.10974564507885994,0.29597113750332266,298
aquatic,216122,313628,0.038312195325508794,0.07390780915376756,0.2558883735355845,257.14285714285717
aquatic,216127,309867,0.04494164744874139,0.10470497039227096,0.38111247681652466,375
aquatic,216217,313078,0.06692499771877003,0.17955900814207548,0.6444311482270213,666.6666666666666
aquatic,216222,309296,0.08550353946122666,0.16891710901973836,0.47107703861635863,421.42857142857144
aquatic,216274,313320,0.15875818643362102,0.29896273871194123,1.1156063698511327,1000
aquatic,216294,312269,0.036414177901290035,0.12294554297992442,0.2550104090235952,303.3333333333333
aquatic,216655,311856,0.1137774907159689,0.22749215099921838,0.862458359111374,666.6666666666666
aquatic,216880,310711,0.11370687831791848,0.4554381094899824,0.839246061424505,1000
aquatic,216925,310086,0.06735764083963151,0.28764762617356254,0.6240447994197355,750
aquatic,216951,309493,0.08438974230312143,0.20291673278294148,0.6944521877008782,750
aquatic,216983,309116,0.11054157620569523,0.2924840922577841,0.7264474090646683,733.3333333333333
aquatic,217093,312204,0.09997576427747529,0.3330554134363777,0.7266689108249296,800
aquatic,217097,310000,0.052919395477873665,0.09965424623731375,0.3718687899503775,333.3333333333333
aquatic,217101,312064,0.033748181369165985,0.04770761123321119,0.24343473380492847,266.6666666666667
aquatic,217106,309158,0.15875818643362102,0.29896273871194123,1.1156063698511327,1000
aquatic,217109,309168,0.03470962048000151,0.06594511917095969,0.2343457637661449,210
aquatic,217138,312279,0.142729583264049,0.48318441446873045,1.2039285225100247,1333.3333333333333
aquatic,217167,312479,0.04548275132716739,0.18217524379599298,0.3356984245698021,400
aquatic,217183,312639,0.08464628229240928,0.19921682463130275,0.6014522436232633,580
aquatic,217187,311658,0.009071896367635487,0.01708358506925379,0.06374893542006473,57.142857142857146
aquatic,217189,311684,0.10777222534341041,0.4602362018777001,0.9984716790715769,1200
aquatic,217190,309502,0.0350140056022409,0.1997619047619044,0.6814058956916097,833.3333333333334
aquatic,217192,312087,0.15175772158167236,0.37214703041248043,1.3288888384791413,1142.857142857143
aquatic,217213,309240,0.02100840336134454,0.11985714285714262,0.4088435374149659,500
aquatic,217262,311659,0.1322984886946842,0.2491356155932844,0.929671974875944,833.3333333333334
aquatic,217305,311989,0.0073762838468720855,0.016380952380952375,0.13725544481358434,166.66666666666666
aquatic,217309,313336,0.09428179293000516,0.2341569894831834,0.813334209451511,866.6666666666666
aquatic,217321,311608,0.052919395477873665,0.09965424623731375,0.3718687899503775,333.3333333333333
aquatic,217327,313722,0.07866392173127872,0.19458959139034548,0.521885943386697,512.8571428571428
aquatic,217393,311382,0.18669687576919652,0.3518661475448839,1.3071530097242805,1171.6666666666667
aquatic,217396,311051,0.026260504201680673,0.14982142857142827,0.5110544217687073,625
aquatic,217400,313397,0.1651846420256925,0.459472080563504,1.18550014968675,1215
aquatic,217421,312480,0.12422732628445093,0.3528395579047876,1.2534217579361657,1350
aquatic,217431,311894,0.06085809523809524,0.12783790476190462,0.49058956916099655,333.3333333333333
aquatic,217536,314250,0.07445786585910952,0.15829425671648673,0.3766117616860487,358
aquatic,218068,312195,0.18901508927759064,0.45800962339331514,1.4398260938719232,1249.9999999999998
aquatic,218167,314370,0.12643972500360687,0.24093865010036616,0.9019880289995941,785.7142857142858
aquatic,218170,313677,0.22226146100706942,0.4185478341967178,1.5618489177915855,1400
aquatic,218349,313069,0.17066623607395337,0.3412382264988275,1.2936875386670612,1000
aquatic,218384,312937,0.20467238097225324,0.8197885970819685,1.510642910564109,1800
aquatic,218502,310416,0.1352650613620108,0.39335112874558187,0.9092311384753551,1080
aquatic,218581,310261,0.19737401411417363,0.4570555844364291,1.2503902133717852,1300
aquatic,218589,314089,0.15464135451236913,0.6193958289063761,1.1413746435373269,1360
aquatic,218622,312088,0.09997576427747529,0.3330554134363777,0.7266689108249296,800
aquatic,218628,310873,0.3704357683451157,0.6975797236611964,2.6030815296526426,2333.3333333333335
aquatic,218678,309225,0.057902897790925875,0.1446508334566739,0.45400562771172304,460
aquatic,218685,312619,0.015222535014005596,0.0329200087912088,0.24489795918367346,200
aquatic,218713,309117,0.10179134453781513,0.2516854285714282,0.9403061224489778,750
aquatic,218736,309777,0.15937214940136077,0.3184887865677316,1.1439634611521903,1000
aquatic,218738,312865,0.09525491186017261,0.17937764322716476,0.6693638219106796,600
aquatic,218739,312402,0.03790229277263949,0.15181270316332748,0.2797486871415017,333.3333333333333
aquatic,218749,312657,0.11906863982521576,0.22422205403395598,0.8367047773883495,750
aquatic,218784,312720,0.0877857875786505,0.20200408358001454,0.7197791718923594,733.3333333333333
aquatic,218900,310993,0.11420913710440317,0.34225859820130533,1.0771687218610662,1114.2857142857142
aquatic,219137,311475,0.051398717713722016,0.19448038665313583,0.3581474041616388,420
aquatic,219162,310892,0.28576473558051785,0.5381329296814944,2.0080914657320386,1800
aquatic,219164,312620,0.2369285189234351,0.49501702735662956,1.7044628160440678,1750
aquatic,219255,314371,0.07686329412293089,0.152596906886862,0.5504027299843737,482.5
aquatic,219340,314352,0.11370687831791848,0.4554381094899824,0.839246061424505,1000
aquatic,219349,313930,0.08130827723652219,0.29987971723051915,0.5862617529461385,667.75
aquatic,219442,313739,0.16560163272426426,0.41891056402653926,1.5119835704242692,1533.3333333333333
aquatic,219476,314123,0.0562865711722379,0.17715114215084105,0.4619128501555798,498.33333333333326
aquatic,219493,313362,0.0962494173849707,0.249622435635978,0.6877476199102333,686.6666666666666
aquatic,219495,310221,0.0635032745734484,0.11958509548477651,0.4462425479404531,400
aquatic,219603,309895,0.15875818643362102,0.29896273871194123,1.1156063698511327,1000
aquatic,219708,311266,0.05019374828907752,0.1346692561065566,0.4833233611702661,500
aquatic,219728,310092,0.3012324755323154,0.6890256792303593,2.2272941479273034,2272.5
aquatic,219842,310093,0.08730381942612347,0.3288786146747338,0.6581171409563371,748
aquatic,219871,310357,0.047331392178332474,0.11424984071646394,0.35520556753062976,426.66666666666663
aquatic,219956,310300,0.08528015873843886,0.3415785821174868,0.6294345460683788,750
aquatic,220035,312915,0.13142516718687475,0.2856372042743458,1.1094784580498864,1360
aquatic,220168,311023,0.1159994375555202,0.3123169959098438,0.9784329184686472,980
aquatic,220177,313206,0.1421335978973981,0.569297636862478,1.0490575767806314,1250
aquatic,220275,313951,0.09865976158647943,0.30644590927246906,0.7133993747730507,763.3333333333333
aquatic,220365,312742,0.17255836846098982,0.3365962419371009,1.0213514886691764,914.2857142857143
aquatic,220402,313841,0.10112527190984508,0.19573993226479144,0.6575424397145828,650
aquatic,220434,309740,0.03790229277263949,0.15181270316332748,0.2797486871415017,333.3333333333333
aquatic,220497,309425,0.025240664594604934,0.07635103517978614,0.24888321995464846,300
aquatic,220518,311126,0.36624789214634995,0.793113238633875,2.5908896231699106,2428.5714285714284
aquatic,220595,313940,0.09335414000702563,0.306768480640644,0.6487055914465444,771.4285714285713
aquatic,220955,313184,0.06995191355707064,0.20111554935051748,0.7203557330432011,750
aquatic,220960,309435,0.06953236987787177,0.16740879965456648,0.4163232065578891,416.66666666666663
aquatic,221035,309848,0.08864630062151152,0.18469145612845733,0.6968082869663825,650
aquatic,221048,311431,0.10001813171630554,0.1962878383419193,0.740596289437051,600
aquatic,221064,312820,0.13145348571428572,0.276129874285714,1.0596734693877525,720
aquatic,221086,313435,0.07937909321681051,0.14948136935597062,0.5578031849255664,500
aquatic,221181,312780,0.3107370948379353,0.685479642857143,1.609246954595792,1700
aquatic,221609,310575,0.13799207367330474,0.33935366674142164,1.162647392290249,1399.9999999999998
aquatic,221718,311285,0.06129786438133834,0.14705187693566169,0.41186857463064225,400
aquatic,222124,313263,0.10523154170006715,0.2850376285947299,0.7539491619025305,765
aquatic,222267,309357,0.1378403248628217,0.20764496434178076,0.9342632692611927,1000
aquatic,222279,313900,0.04859581694486008,0.09950625214353,0.3624288265306122,362
aquatic,222491,309535,0.04873949579831932,0.27806857142857083,0.9485170068027208,1160
aquatic,222497,311709,0.09100787009316504,0.22758291249752752,0.6853242277517255,600
aquatic,222536,314332,0.18099520707548425,0.34646583013353516,1.1815036848072558,1300
aquatic,222552,312944,0.1846583676758371,0.36853637405247835,1.140095663265306,1350
aquatic,222581,310546,0.2272782528806761,0.45710994078454215,1.1190276747214847,1000
aquatic,222594,314039,0.03358047708064303,0.15972730105294888,0.5460244739756365,667.3333333333333
aquatic,222595,314372,0.07676824259830409,0.17377095476043558,0.5127659031183678,484
aquatic,222596,310855,0.03048154197785496,0.05663064793834271,0.2085175889217452,200
aquatic,222597,313959,0.053228146358543414,0.11240953128205122,0.4908730158730153,369.99999999999994
aquatic,222602,314130,0.10583879095574733,0.1993084924746275,0.743737579900755,666.6666666666666
aquatic,222609,309720,0.0865236721677384,0.2292182548516916,0.740948797552339,900
aquatic,222645,314010,0.11370687831791848,0.4554381094899824,0.839246061424505,1000
aquatic,222751,313910,0.27634967794945825,0.5215968340856514,1.9223300487531858,1723
aquatic,222786,309128,0.05143745098039216,0.18377609523809493,0.6541383219954642,666.6666666666666
aquatic,222787,311225,0.18257428571428572,0.38351371428571385,1.4717687074829897,1000
aquatic,222821,311432,0.16122249349916157,0.3296517397329301,1.266216218313121,957.5
aquatic,222828,310681,0.11700903133221541,0.23295996052302806,0.615066068861942,550
aquatic,222872,311411,0.018711484593837542,0.049737371428571465,0.23073265306122445,334
aquatic,223003,311962,0.08533311803697669,0.17061911324941376,0.6468437693335306,500
aquatic,223063,314040,0.08440159603623827,0.16500129431868935,0.7896441079279319,680
aquatic,223064,312297,0.03853855301563813,0.11769569224100442,0.37014645241428823,356.66666666666663
aquatic,223080,312018,0.04312232511851605,0.1053363586913865,0.3070458801126771,300
aquatic,223135,313921,0.1254189672825606,0.2361805635824336,0.8813290321823947,790
aquatic,223145,313762,0.14989173921430216,0.44314135105889424,1.080113680213532,1133.3333333333333
aquatic,223157,313018,0.4563486102808185,1.6904066026930171,4.006129293250543,4850
aquatic,223196,313883,0.0643161580372648,0.17966237941526136,0.5248654217019361,584.2857142857142
aquatic,223211,309741,0.04057206349206349,0.08522526984126974,0.32705971277399776,222.22222222222223
aquatic,223245,309384,0.06603408813526455,0.17405237877871965,0.4411146090205128,450
aquatic,223286,313960,0.058440252100840334,0.2237284761904758,0.790419501133786,833.3333333333333
aquatic,223301,312963,0.1285100877767109,0.2521255631245081,0.9259362502678377,1000
aquatic,223314,309678,0.11731698109243699,0.2456191923076923,0.7218452380952376,575
aquatic,223347,311737,0.10038749657815504,0.2693385122131132,0.9666467223405322,1000
aquatic,223349,310132,0.07302971428571428,0.15340548571428556,0.588707482993196,400
aquatic,223350,313830,0.17056031747687772,0.6831571642349736,1.2588690921367576,1500
aquatic,223358,310253,0.09423648996014627,0.2679521811401243,0.6772893432358074,700
aquatic,223369,313741,0.1706650504161426,0.32138494411533686,1.1992768475899676,1075
aquatic,223389,312902,0.209195009723572,0.4402632700468373,1.6275588178995393,1333.3333333333333
aquatic,223394,311904,0.035705630099098315,0.11894836194156347,0.25952461100890345,285.7142857142857
aquatic,223453,310336,0.11370687831791848,0.4554381094899824,0.839246061424505,1000
aquatic,223474,313706,0.17184302689948056,0.4647690502507069,1.2582716796786815,1325.5
aquatic,223477,312964,0.062186571818489286,0.12084669566699618,0.4833233611702661,500
aquatic,223488,311905,0.03405813309394244,0.09430010602524046,0.2443565539094547,250
aquatic,223521,313040,0.07187054186419341,0.17556059781897748,0.5117431335211283,500
aquatic,223523,310428,0.019844773304202628,0.037370342338992654,0.1394507962313916,125
aquatic,223524,312011,0.029246132773109244,0.05993781428571414,0.2657482993197278,325
aquatic,223528,309230,0.07740492626076097,0.14488937320186263,0.48764321884002493,612.5
aquatic,223532,309856,0.09331769803617959,0.2237529024965665,0.811344634063361,810
aquatic,223533,313473,0.0476409678830436,0.12512793166180752,0.33832142857142855,380
aquatic,223534,313425,0.058337313081842354,0.17213923703929165,0.5194546058605543,550
aquatic,223619,313831,0.08030213128729748,0.10491602116402117,0.7358843537414949,500
aquatic,223653,310348,0.029337495654738623,0.05755752704538322,0.18865542757676357,205.55555555555554
aquatic,223697,312385,0.054493012950307895,0.15088016964038475,0.3909704862551276,400
aquatic,223728,309766,0.051214308671775656,0.18409334491490045,0.47740959088633195,500
aquatic,223730,309536,0.09514084383753497,0.20575005494505502,1.530612244897959,1250
aquatic,223837,309849,0.07937909321681051,0.14948136935597062,0.5578031849255664,500
aquatic,223839,310768,0.11206163454924824,0.2752633575128789,0.9964386518426522,1000
aquatic,223841,313821,0.03697784298376883,0.09441607638483956,0.3297508503401357,320
aquatic,223844,311267,0.08207038563370538,0.16379394402332373,0.5067091836734693,600
aquatic,223856,312134,0.11524066673031114,0.22920784713312808,0.9854942486207245,800
aquatic,224118,312102,0.10583879095574733,0.1993084924746275,0.743737579900755,666.6666666666666
aquatic,224128,310866,0.11642045555106284,0.22236263973092113,0.7026056629539004,675
aquatic,224140,309365,0.124339409909101,0.27684285830037886,0.9981180555778418,1200
aquatic,224144,311333,0.11370687831791848,0.4554381094899824,0.839246061424505,1000
aquatic,224159,311804,0.04708450459159853,0.09012211324941388,0.3069628169525791,275
aquatic,224268,312588,0.23813727965043152,0.44844410806791196,1.673409554776699,1500
aquatic,224442,312444,0.039689546608405256,0.07474068467798531,0.2789015924627832,250
aquatic,224451,313712,0.11076914118131723,0.2181601426891211,0.7915893552982358,695
aquatic,224474,310645,0.08853892436974796,0.1992278719780218,0.7547272583451985,920
aquatic,224492,313873,0.12331202008075914,0.28978965510425797,0.933499359565083,860
aquatic,224503,312386,0.0820558309263871,0.152978570061438,0.5823326633836162,516.6666666666666
aquatic,224534,310520,0.20237598823821754,0.45366299488751893,1.5575163926681768,1573.3333333333335
aquatic,224537,313215,0.30459383034869314,0.9961476299164185,2.21289025615792,2300
aquatic,224581,309733,0.1704779095228567,0.33112691447548803,1.179733353978117,1080
aquatic,224586,313961,0.07088406115654676,0.23000928198990359,0.5141954437459832,560
aquatic,224593,314360,0.07937635511333771,0.11690560281179141,0.6701454081632641,515
aquatic,224607,312270,0.07171926385895701,0.2185420528080791,0.48808002680069884,580
aquatic,224620,311637,0.05915966386554622,0.1230514285714286,0.22448979591836735,200
aquatic,224663,313793,0.24046453976471532,0.6134177091042119,2.2121950371438475,2250
aquatic,224710,311915,0.11370687831791848,0.4554381094899824,0.839246061424505,1000
aquatic,224716,310153,0.3898516642657063,0.8618143270935958,2.0695691609977307,1800
aquatic,224719,310856,0.04161158126431524,0.0803011191709597,0.2605362399566211,233.33333333333334
aquatic,224742,311565,0.1421335978973981,0.569297636862478,1.0490575767806314,1250
aquatic,224743,309712,0.10739029769860323,0.3092908931654941,1.102927901478854,1166.6666666666665
aquatic,224818,313019,0.20705882352941177,0.4306800000000001,0.7857142857142857,700
aquatic,224824,313802,0.037868263823838004,0.06550299999179357,0.2774985544217684,261
aquatic,224830,313098,0.045945738295318145,0.19478849999999975,0.6553187786742602,800
aquatic,224868,311630,0.1137774907159689,0.22749215099921838,0.862458359111374,666.6666666666666
aquatic,224872,313922,0.11728138598945001,0.3012940725192981,0.837551872067068,833.3333333333333
aquatic,224902,309268,0.12502266464538195,0.2453597979273991,0.9257453617963138,750
aquatic,224928,313264,0.1431293034798341,0.2749241105741036,0.9649441790535367,950
aquatic,224966,310547,0.20443823073165768,0.4043942067603419,1.1178872397647006,1000
aquatic,224974,314041,0.10863881081095442,0.20982093762729453,0.6707862383325423,800
aquatic,224983,314313,0.09096550265433478,0.36435048759198596,0.6713968491396042,800
aquatic,224992,310269,0.15717202735865773,0.3197970501850107,1.2177431354451336,900
aquatic,225096,310123,0.04917710433521694,0.12210082198476259,0.35048704525213564,344.44444444444446
aquatic,225238,313028,0.13831796271005017,0.40259780833642606,1.1162096123111742,1350
aquatic,225254,311089,0.09137750666218866,0.17407124188344308,0.666828128236224,633.3333333333334
aquatic,225267,312019,0.10583879095574733,0.1993084924746275,0.743737579900755,666.6666666666666
aquatic,225271,310635,0.09761061196101829,0.2620606888444788,0.7313525392453112,733.3333333333333
aquatic,225274,314031,0.07890835092854703,0.15152232851136627,0.5323266981136427,523.3333333333333
aquatic,225288,312989,0.05309401883417019,0.1986352481915974,0.4581474041616388,500
aquatic,225329,311942,0.052919395477873665,0.09965424623731375,0.3718687899503775,333.3333333333333
aquatic,225437,313752,0.06115412084334701,0.2215681564492476,0.5534992709033442,665
aquatic,225477,311990,0.05685343915895924,0.2277190547449912,0.4196230307122525,500
aquatic,225478,313763,0.14195382989262106,0.42819321412329714,1.0243333617209753,1083.3333333333333
aquatic,225497,312721,0.1648488757462606,0.35844711499787274,1.0494875670117343,1100
aquatic,225529,313952,0.058110908868933706,0.18673549667932565,0.5071496396700748,551.6666666666667
aquatic,225530,314278,0.08507494117647058,0.17666506227106207,0.6113945578231286,583.3333333333333
aquatic,225532,313500,0.09958256691755968,0.2734424706678631,0.6899474480392465,705
aquatic,225536,309704,0.08314893429820785,0.18221619559059654,0.7128037724302487,670
aquatic,225585,313629,0.027356795211235126,0.05459798134110791,0.16890306122448978,200
aquatic,225631,314061,0.2497236890879558,0.6633132263039272,1.787003218990737,1800
aquatic,225633,313436,0.15157389202256216,0.30375276384839667,0.9006377551020407,1050
aquatic,225637,312220,0.06735764083963151,0.28764762617356254,0.6240447994197355,750
aquatic,225680,310823,0.11175381441880722,0.2867670749964679,0.8318577403255947,757.1428571428571
aquatic,225684,309778,0.11532077685234116,0.28653659609154103,0.9804487219231663,1066.6666666666665
aquatic,225705,310506,0.1448529302888852,0.2848375031995105,1.1057578540629018,1200
aquatic,225754,310487,0.19650730694795446,0.6132034031604108,1.338436274999899,1500
aquatic,225777,313794,0.3055254333201476,0.5930988810744522,2.1618338693378063,2233.3333333333335
aquatic,225780,311553,0.04548275132716739,0.18217524379599298,0.3356984245698021,400
aquatic,225827,313289,0.06383678391343235,0.1982397903412299,0.41557434131984516,500
aquatic,225847,313246,0.11977374216426251,0.22933478213661046,0.7795098845791868,698.3333333333334
aquatic,225873,312990,0.04373940962369076,0.09229373026151404,0.3231898397887731,333.3333333333333
aquatic,225875,309183,0.0323776314180594,0.10367754443767903,0.2561553347338804,260
aquatic,225883,314305,0.15734595956883063,0.3050856161781281,1.0391769094153622,1070
aquatic,225904,310540,0.14597810870818867,0.5361764096526147,1.3171796759461278,1500
aquatic,225909,313931,0.06520075300524367,0.27507637833004606,0.6643499554788315,781.6666666666667
aquatic,225918,310793,0.10061984329327209,0.3396555215181651,0.7979149837934785,960
aquatic,225926,313380,0.08718882072049264,0.24140827142461557,0.625552778008204,640
aquatic,225933,309888,0.07272308422414472,0.20706722367430863,0.605048946679292,600
aquatic,225955,310163,0.11484765245096132,0.2237556270112759,0.8997103401494642,940
aquatic,225996,309328,0.12524542718704706,0.36421400809776094,0.8418806837734769,1000
aquatic,226106,311400,0.1270065491468968,0.23917019096955303,0.8924850958809062,800
aquatic,226112,310605,0.26245426633644053,0.5615511436981302,1.8422908607852695,1587.5
aquatic,226120,313832,0.04633479045313941,0.1280735991591748,0.36035572435739366,380
aquatic,226130,314032,0.12275286417362022,0.2828560905103844,1.0924090866643996,1247.5
aquatic,226134,313901,0.049662624649859925,0.14312345142857136,0.8329795918367346,760
aquatic,226141,310213,0.11906863982521576,0.22422205403395598,0.8367047773883495,750
aquatic,226145,314189,0.11370687831791848,0.4554381094899824,0.839246061424505,1000
aquatic,226236,310947,0.19702810832653106,0.3813017636116539,1.3067477839823876,1333.3333333333333
aquatic,226237,312743,0.06453839031878059,0.17805317615255872,0.6197427915054922,678.5714285714286
aquatic,226245,313822,0.08334844309692128,0.16357319861826608,0.6171635745308758,500
aquatic,226248,310929,0.22708379562931258,0.6183316261068743,1.840506444577786,1833.333333333333
aquatic,226254,311090,0.057549842582187614,0.10837399278307872,0.40440730907103556,362.5
aquatic,226323,313574,0.09440720378680328,0.19818728750715495,0.6771678774568655,583.3333333333334
aquatic,226346,314138,0.06735764083963151,0.28764762617356254,0.6240447994197355,750
aquatic,226368,309414,0.20443823073165768,0.4043942067603419,1.1178872397647006,1000
aquatic,226373,314333,0.06601451078801177,0.1755170311833134,0.6374067885487524,703.6666666666667
aquatic,226388,314023,0.04548275132716739,0.18217524379599298,0.3356984245698021,400
aquatic,226407,312001,0.08290618215427144,0.21936306919333806,0.5448355567985013,550
aquatic,226427,310028,0.14777108124489832,0.2859763227087404,0.9800608379867908,1000
aquatic,226481,312020,0.13623253237576977,0.37720042410096183,0.9774262156378188,1000
aquatic,226541,309599,0.0317516372867242,0.059792547742388256,0.22312127397022655,200
aquatic,226554,314306,0.12684160838033834,0.3114788312147714,1.084067743764171,1046.6666666666665
aquatic,226582,311931,0.034019611378633074,0.0640634440097017,0.23905850782524268,214.28571428571428
aquatic,226593,312471,0.0727074962882772,0.208897209308527,0.665290481351672,725
aquatic,226606,313849,0.06648107361344535,0.14248058980219777,0.9024755102040812,714
aquatic,226611,310636,0.05196781681060558,0.13343300765774832,0.3786636090035932,360
aquatic,226665,313391,0.07301272552975373,0.1771325285410092,0.5465455432248869,477.5
aquatic,226682,310994,0.13480143809898662,0.3660898195384955,1.0155958924636186,933.3333333333333
aquatic,226729,309385,0.107232261799915,0.34814422583101046,0.6399190321842654,714.2857142857143
aquatic,226738,309483,0.07394957983193279,0.15381428571428576,0.28061224489795916,250
aquatic,226744,309734,0.11602867427283627,0.2747807861786617,0.9238960367949963,950
aquatic,226772,313972,0.11463962641008782,0.22335885935597055,0.8026067563541373,673.75
aquatic,226780,311695,0.08528015873843886,0.3415785821174868,0.6294345460683788,750
aquatic,226784,313274,0.06753687694379953,0.19667773402046168,0.4819110601830898,511.42857142857144
aquatic,226803,312668,0.06933317318925308,0.22284439154347066,0.5330946801053561,575
aquatic,226818,313863,0.09734605699116347,0.25500706704726855,0.690945201274756,705.6
aquatic,226836,310778,0.06061635602624607,0.12290780078941452,0.4790875850340134,580
aquatic,226858,310901,0.16992842681008907,0.3326142067603418,0.9869348588123196,883.3333333333333
aquatic,226860,312983,0.133621473581631,0.2516269717492172,0.9389686946247032,841.6666666666666
aquatic,226868,312451,0.09378307602358403,0.20645862262604597,0.5602465642873578,516.6666666666666
aquatic,226914,313279,0.12220191037818223,0.3749101968560495,0.8828538026040882,940
aquatic,226923,310262,0.3592923727528202,0.6973953866356137,2.367262670101552,2450
aquatic,226939,310857,0.03048154197785496,0.05663064793834271,0.2085175889217452,200
aquatic,226999,313932,0.063251670170176,0.1747828589192809,0.6255841393620569,653.3333333333334
aquatic,227007,310143,0.080014125962545,0.15067722031081843,0.5622656104049708,504
aquatic,227019,311923,0.13653298885916268,0.27299058119906205,1.034950030933649,800
aquatic,227058,311401,0.21616306927298612,0.42247127606151014,1.4023184910480153,1500
aquatic,227100,313265,0.10365267045505917,0.25866514266541696,0.7644607121418623,700
aquatic,227123,309624,0.2661952455649321,0.563692810561904,1.8068587018140574,1775
aquatic,227201,313321,0.09969075630252103,0.2835155428571427,0.7074149659863944,766
aquatic,227402,311886,0.10780581279629013,0.2633408967284662,0.7676147002816927,750
aquatic,227405,312991,0.014811181615503363,0.03639994897959185,0.11764752412592945,142.85714285714286
aquatic,227607,312669,0.017698006278056733,0.06621174939719912,0.15271580138721294,166.66666666666669
aquatic,227611,313060,0.1310162941864384,0.25504113555729024,0.8576565584525301,900
aquatic,227613,309721,0.1377188998704149,0.3012751467471817,0.908870391270197,925
aquatic,227650,309446,0.07937909321681051,0.14948136935597062,0.5578031849255664,500
aquatic,227799,311991,0.011064425770308127,0.024571428571428567,0.20588316722037653,250
aquatic,227825,309631,0.030956801394530394,0.06497930801001717,0.2304409683770149,277.77777777777777
aquatic,227914,314325,0.0699409204926214,0.20457205395923334,0.5221424871281667,473.33333333333337
aquatic,228009,312040,0.08263158576068806,0.20117199587861687,0.5359806709740543,535.7142857142857
aquatic,228139,311178,0.045460912304763165,0.11436937659851021,0.43124051742416825,466.66666666666663
aquatic,228240,311566,0.17056031747687772,0.6831571642349736,1.2588690921367576,1500
aquatic,228246,311306,0.13154317484946357,0.259056716294746,0.9783085299207064,785.7142857142858
aquatic,228256,311476,0.1300518854334326,0.2461989555061131,0.892637153875144,800
aquatic,228266,309568,0.21018211220770255,0.5310147098152476,1.258038460535778,1250
aquatic,228278,309287,0.15742523876442804,0.2709624048897173,0.8377454472828724,1275
aquatic,228308,312781,0.273321250318309,0.8104363263188917,1.703012503528855,1999.9999999999998
aquatic,228327,309857,0.12811996818711766,0.25730286129875396,0.9112841042186042,860
aquatic,228347,309262,0.1928511100235332,0.38738251221311326,1.377871212136449,1075
aquatic,228355,312065,0.09118931737078374,0.18199327113702637,0.5630102040816325,666.6666666666666
aquatic,228506,312640,0.06665729772789496,0.17884077210950722,0.6418534236341134,664
aquatic,228513,311660,0.05047781654704642,0.09676837601438024,0.3417475606471905,333.33333333333337
aquatic,228516,309896,0.27246506475153953,0.7544008482019237,1.9548524312756377,2000
aquatic,228518,311235,0.05602240896358543,0.31961904761904697,1.0902494331065755,1333.3333333333333
aquatic,228547,309518,0.10583879095574733,0.1993084924746275,0.743737579900755,666.6666666666666
aquatic,228613,311669,0.08534248922232546,0.3662090349289976,0.9064693996264913,1100
aquatic,228668,310841,0.28286549704681874,0.5935565163736264,1.466067552602435,1230
aquatic,228678,310438,0.06283778177937843,0.21392216091954008,0.5397581254724112,666.6666666666666
aquatic,228730,309951,0.07959481482254292,0.31880667664298773,0.5874722429971536,700
aquatic,228940,312182,0.1533286730487433,0.30329565507025635,0.8384154298235256,750
aquatic,228970,311091,0.041280897751934095,0.07998208586799625,0.31788417594843793,325
aquatic,229059,312503,0.04597398637562533,0.17668240962451917,0.33530558975622704,400
aquatic,229069,311383,0.0627793394554647,0.12016281766588519,0.409283755936772,366.66666666666663
aquatic,229134,312298,0.07588160792646623,0.2688690657340022,0.7257454796918443,750
aquatic,229158,311236,0.15875818643362102,0.29896273871194123,1.1156063698511327,1000
aquatic,229255,311307,0.09281684638399576,0.18513909332115108,0.902223783028409,857.1428571428571
aquatic,229327,314361,0.0985288498646751,0.18769995629474615,0.67603532778270925,640
aquatic,230339,310222,0.07322294581013361,0.16171240488524544,0.552534341522829,600
aquatic,230520,311895,0.09645234753345322,0.18382756832213493,0.7256281517351852,666.6666666666666
aquatic,230943,310654,0.05097484688523419,0.1855220874731828,0.3661880648392835,437.5
aquatic,231066,309952,0.17721015289136688,0.5750232049747589,1.285488609364958,1400
aquatic,231565,309569,0.09082168825051315,0.25146694940064124,0.6516174770918792,666.6666666666666
aquatic,231572,312353,0.041366721445237224,0.10701849226767943,0.3564869644190944,433.3333333333333
aquatic,232438,312903,0.16148625021977042,0.33387771052302784,1.2450085885054567,999.9999999999999
aquatic,232446,309102,0.41436890426147854,1.5673404269921147,2.9185318350671663,3500
aquatic,232583,309231,0.060697949969749795,0.19459782753512794,0.687745129877749,750
aquatic,232588,311609,0.03806443510903231,0.18817285928063998,0.5347304466286417,650
aquatic,232733,313079,0.2007749931563101,0.5386770244262264,1.9332934446810643,2000
aquatic,232776,309705,0.08573380270402388,0.30954190566637046,0.8672226616744888,1066.6666666666667
aquatic,232787,312658,0.07937909321681051,0.14948136935597062,0.5578031849255664,500
aquatic,233085,309169,0.05685343915895924,0.2277190547449912,0.4196230307122525,500
aquatic,233540,310358,0.11328375046930798,0.24291488618441962,0.8427193368658186,812.5
aquatic,233781,313280,0.13415066753640978,0.25262351421159035,0.9426873825242071,845
aquatic,233794,313080,0.08030999726252402,0.2154708097704906,0.7733173778724257,800
aquatic,233797,312558,0.19301821965714855,0.37803633974824175,1.1173170222863087,1000
aquatic,234093,311011,0.04365764470588235,0.1816355004395601,0.6582380952380951,805
aquatic,234094,313923,0.04448714583693912,0.13484273160529983,0.35698838610442524,350
aquatic,234095,310029,0.10410066062589413,0.2139187551340786,0.7786078717201156,714.2857142857143
aquatic,234180,309315,0.06791741228459636,0.13039158689665434,0.5081499690886995,500
aquatic,234189,311059,0.21167758191149466,0.398616984949255,1.48747515980151,1333.3333333333333
aquatic,234275,311363,0.16245566542521767,0.3066534529976555,1.1296369820960306,1012.5
aquatic,234332,311217,0.035359019607843135,0.07417323809523803,0.26400226757369555,183.33333333333331
aquatic,234396,311412,0.17066623607395337,0.3412382264988275,1.2936875386670612,1000
aquatic,234449,311516,0.16563316682366447,0.5221782874957714,1.5255690229841838,1437.5
aquatic,234463,311156,0.02100840336134454,0.11985714285714262,0.4088435374149659,500
aquatic,234474,311461,0.006822412699075109,0.02732628656939895,0.0503547636854703,60
aquatic,234618,310721,0.45110358951957485,1.1537790634489085,3.3111746145505263,3150
aquatic,234643,313455,0.3651438287973284,0.6876142990374648,2.565894650657605,2300
aquatic,234668,311738,0.13384999543754006,0.35911801628415096,1.2888622964540426,1333.3333333333333
aquatic,234852,309806,0.06737732773109244,0.18696839999999973,0.6868367346938764,600
aquatic,234891,314334,0.045667605042016786,0.0987600263736264,0.7346938775510204,600
aquatic,235148,309665,0.13446395840527983,0.37864406413994134,1.3172193877551006,1333.3333333333333
aquatic,235153,312641,0.16929256458481856,0.3984336492626055,1.2029044872465267,1160
aquatic,235189,309474,0.11672736585920082,0.24875755983216116,1.0183474026126411,1166.6666666666665
aquatic,235369,310241,0.08203134512269192,0.15821703800598885,0.6227741574016576,625
aquatic,235459,310981,0.0856377499584294,0.2899106486812383,0.722357113506015,800
aquatic,235460,313781,0.07627475298172828,0.16186414202790905,0.4913290625053181,550
aquatic,235470,313630,0.10712035877331633,0.20612400422098612,0.7194071031140422,714.2857142857142
aquatic,235518,310794,0.06822412699075109,0.27326286569398944,0.503547636854703,600
aquatic,235608,314209,0.14218562751462488,0.28324349548477656,0.7448139765118817,666
aquatic,235687,313445,0.10341097072080105,0.2581463303271859,0.7133964875359557,750
aquatic,235715,309722,0.09599742635550174,0.21494911253075213,0.7478625832097717,820
aquatic,235777,310223,0.10583879095574733,0.1993084924746275,0.743737579900755,666.6666666666666
aquatic,236117,310902,0.14226676831728546,0.26245283999089114,1.0913193413881501,862.5
aquatic,236132,313594,0.13237039589659497,0.30557738468895673,0.9395616608998062,900
aquatic,236155,314287,0.07446817433420327,0.22572888405429503,0.6035458582809026,660
aquatic,236184,314179,0.12922912032307274,0.46219424123078734,0.8699107365445694,1050
aquatic,236206,311444,0.06818759028448114,0.1393042116381324,0.3792431531119288,351.4285714285714
aquatic,236356,311274,0.06803922275726615,0.1281268880194034,0.47811701565048537,428.57142857142856
aquatic,236475,312492,0.07003852159328015,0.1720395984455493,0.6227741574016576,625
aquatic,236496,311402,0.12819980070663187,0.31868363671350397,1.2181159554832564,1233.3333333333333
aquatic,236503,312683,0.09709092485714522,0.23026157013319587,0.6933548817349414,687.5
aquatic,236513,309969,0.04461951859720077,0.08499497039227102,0.2976090754559805,266.6666666666667
aquatic,236578,312992,0.052919395477873665,0.09965424623731375,0.3718687899503775,333.3333333333333
aquatic,236867,312732,0.19084641430319743,0.3797695062915678,1.0064406462752657,900
aquatic,237018,309184,0.04543884815705573,0.10428879561068799,0.26205673629491294,250
aquatic,237065,313842,0.11182950136672526,0.26869263860099424,0.9897654491444843,887.5
aquatic,237210,312923,0.05190789501353585,0.2317174650680892,0.5523110454181456,666.6666666666666
aquatic,237319,313237,0.07036883159367,0.18077644351157887,0.5025311232402409,500
aquatic,237376,312271,0.05490553404772984,0.1855569097436116,0.38461372868895405,457.5
aquatic,237406,309988,0.15082146276975072,0.3038678841598349,1.1542367424356696,875
aquatic,237503,313782,0.10657167517815741,0.302722663162181,0.6614165323629291,800
aquatic,237515,310194,0.2799989470087095,0.5882681887530753,1.820845282553978,1750
aquatic,237520,313941,0.06984851096672136,0.2797691244009892,0.5155368663036246,614.2857142857143
aquatic,237746,313686,0.1116642653995237,0.2715451484721304,0.834678472450027,756.6666666666666
aquatic,237876,309316,0.06692985044452564,0.13204593671143655,0.5621386054421758,437.5
aquatic,237951,311157,0.01680672268907563,0.0958857142857141,0.3270748299319726,400
aquatic,237958,313526,0.19185906169584996,0.5327674954779922,1.6434083510753432,1825
aquatic,238066,310704,0.05685343915895924,0.2277190547449912,0.4196230307122525,500
aquatic,238088,309519,0.04174847572901568,0.12140466936592034,0.28062689459115897,333.3333333333333
aquatic,238198,309277,0.06794587613374915,0.2507911976021341,0.46171486744694634,537.5
aquatic,238199,314011,0.0812191987985132,0.3253129353499875,0.5994614724460751,714.2857142857143
aquatic,238201,313426,0.05685343915895924,0.2277190547449912,0.4196230307122525,500
aquatic,238202,311678,0.26188580637734526,0.5351201603498545,1.264987244897959,1333.3333333333335
aquatic,238237,312874,0.1331588635454182,0.29001892857142864,0.6486605494911143,666.6666666666666
aquatic,238265,312452,0.05851918669740007,0.12980039511507677,0.374363562060607,392.8571428571429
aquatic,238269,311060,0.060232497946893025,0.16160310732786798,0.5799880334043193,600
aquatic,238278,312782,0.07376542950513544,0.18270477093596063,0.4642312222046442,550
aquatic,238395,313864,0.15160917109055796,0.6072508126533099,1.1189947485660068,1333.3333333333333
aquatic,238474,312924,0.09902618946554811,0.1993826418208423,0.7572264223947548,575
aquatic,238507,310066,0.1585813873446998,0.3716452117715812,1.0476374201271816,1000
aquatic,238664,310527,0.1389134131294184,0.2615923963729486,0.976155573619741,875
aquatic,238675,312977,0.10001813171630554,0.1962878383419193,0.740596289437051,600
aquatic,238771,312771,0.08929092737094842,0.2061977759852217,0.44019656699889265,475
aquatic,238779,310948,0.06839198802808781,0.13649495335276976,0.4222576530612244,500
aquatic,238785,309654,0.18257428571428572,0.38351371428571385,1.4717687074829897,1000
aquatic,238905,312414,0.0711585924784248,0.256085117594597,0.4844890856613639,566.6666666666667
aquatic,239024,313381,0.03825981376621135,0.11827153459666898,0.3261252613924479,350
aquatic,239132,311226,0.05819387953578356,0.1699150408809846,0.41898770970321364,437.5
aquatic,239161,313902,0.045659593837535,0.09779949377289375,0.6124433106575962,483.3333333333333
aquatic,239172,310597,0.14913803087596939,0.34490486691334765,1.2802561533826284,1100
aquatic,239284,313911,0.22226146100706942,0.4185478341967178,1.5618489177915855,1400
aquatic,239454,313490,0.0998894756351823,0.2653252905215709,0.7148012875962947,720
aquatic,239541,313903,0.09447783914417097,0.36540099058614967,0.6730743669181459,794.2857142857143
aquatic,239626,311747,0.047627455930086306,0.08968882161358238,0.3346819109553398,300
aquatic,239660,310722,0.20200790851830364,0.6853805822255857,1.8039134740562457,2166.6666666666665
aquatic,239688,313833,0.17563653541893268,0.523797281571688,1.2663869130602081,1333.3333333333335
aquatic,239693,309415,0.09511859981686403,0.2291304316684873,0.6477652296131092,630
aquatic,239706,311092,0.09628537098592613,0.2778433201838142,0.6926924629221645,720
aquatic,239708,311757,0.06436199051157632,0.20163982628198435,0.4656830821166904,500
aquatic,239759,312396,0.010720934241403742,0.04294130746619834,0.07912891436288191,94.28571428571429
aquatic,239932,309858,0.1125196564041619,0.27055564371058866,0.9259362502678375,1000
aquatic,239991,313281,0.10694188385695005,0.32771623453712706,0.7184563336332714,770
aquatic,239994,311814,0.05280196302521009,0.1696553318681315,0.6541496598639452,800
aquatic,239999,313266,0.09358770593131527,0.18187190272023762,0.5814973454038266,550
aquatic,240000,310548,0.2272782528806761,0.45710994078454215,1.1190276747214847,1000
aquatic,240003,314090,0.20738817270565688,0.5835898293140762,1.4895081870304347,1533.3333333333335
aquatic,240121,311582,0.10231226020192878,0.2568476887268658,0.6998419343495217,750
aquatic,240273,309970,0.06826649442958134,0.13649529059953103,0.5174750154668245,400
aquatic,240333,309875,0.033462498859385015,0.08977950407103774,0.32221557411351065,333.3333333333333
aquatic,240361,312453,0.08681788294293907,0.23518230536764034,0.6837201865670917,750
aquatic,240363,311248,0.03558539196500515,0.07257730976676388,0.1757174744897959,187.5
aquatic,240417,309767,0.05297984070996236,0.09888791063947067,0.3658036867506954,342.8571428571429
aquatic,240428,310903,0.2557721821364737,0.5195022383419194,1.175834384675147,1050
aquatic,240431,310144,0.08195264896172712,0.15604822317446726,0.5628588845211492,531.6666666666666
aquatic,240530,311268,0.09467787114845938,0.45079523809523736,1.4563492063492058,1750
aquatic,240620,309945,0.010583879095574737,0.019930849247462752,0.0743737579900755,66.66666666666667
aquatic,240641,310072,0.11370687831791848,0.4554381094899824,0.839246061424505,1000
aquatic,240650,313417,0.03790229277263949,0.15181270316332748,0.2797486871415017,333.3333333333333
aquatic,240695,313398,0.07034659945383866,0.17759128091374926,0.5233684731535883,502
aquatic,240880,309406,0.10561160421689972,0.2822298065434984,0.707739926071471,716.6666666666666
aquatic,241028,311849,0.28973487589916913,0.5654602805327835,2.130392316055411,1750
aquatic,241038,313150,0.1153564315808514,0.2367865231986671,0.8303480320699694,728.5714285714286
aquatic,241100,314102,0.15430738535350524,0.3457371877291681,1.0135042948007442,1026.6666666666667
aquatic,241188,310976,0.05685343915895924,0.2277190547449912,0.4196230307122525,500
aquatic,241228,314259,0.04745005662232619,0.12917941243536837,0.3616722302734631,391.57142857142856
aquatic,241237,310682,0.15209260353229725,0.29919084661090517,1.0150452336953015,850
aquatic,241272,314012,0.0769953563691842,0.3619609580817069,0.9489637306922509,1150
aquatic,241279,310555,0.1389134131294184,0.2615923963729486,0.976155573619741,875
aquatic,241327,310576,0.05399286050420168,0.11065442637362612,0.490612244897959,600
aquatic,241360,313000,0.1199841344537815,0.2458987252747247,1.0902494331065755,1333.3333333333333
aquatic,241426,310447,0.0635032745734484,0.11958509548477651,0.4462425479404531,400
aquatic,241472,309416,0.10352196116140185,0.27707328881134435,0.8113026445790955,830
aquatic,241483,310409,0.16668929772886462,0.38660496361861546,1.3346080045418505,1140
aquatic,241498,309768,0.04485710246833441,0.08387501845493774,0.31081348338194154,288.75
aquatic,241523,312472,0.016409725556889427,0.05747577832512311,0.148567649281935,183.33333333333331
aquatic,241570,310939,0.05377207225957793,0.14355481106882712,0.3610608646985285,412.5
aquatic,241577,309671,0.013383688547882912,0.01748600352733686,0.12264739229024914,83.33333333333333
aquatic,241631,312445,0.022741375663583696,0.09108762189799649,0.16784921228490104,200
aquatic,241703,314139,0.04976960779411012,0.14319193556410326,0.3579798375672123,371.66666666666663
aquatic,241714,309723,0.1795457951634704,0.3954013688679891,0.8975037902758003,962.5
aquatic,241720,310672,0.0916019647745363,0.21999038756486364,0.6493241763883639,737.5
aquatic,241732,313687,0.14062060481541738,0.2604930669525074,0.9756160856718052,929.3333333333333
aquatic,241810,313823,0.05785112515038871,0.15711866624718884,0.5632539378565523,585
aquatic,241812,314190,0.08116438827115624,0.2011059097439909,0.5783923563901179,568
aquatic,241821,311821,0.15875818643362102,0.29896273871194123,1.1156063698511327,1000
aquatic,241883,310385,0.0317516372867242,0.059792547742388256,0.22312127397022655,200
aquatic,241891,311068,0.1363834334976836,0.4520096276004008,1.0778238344537268,1200
aquatic,241954,314299,0.028198507563025207,0.07315117362637347,0.2998185941043083,366.6666666666667
aquatic,242099,313302,0.02120151628870722,0.04231343553935863,0.13089987244897958,155
aquatic,242104,313382,0.043459528862609106,0.11631334227775886,0.3111391007494092,314.2857142857143
aquatic,242144,309241,0.04494164744874139,0.10470497039227096,0.38111247681652466,375
aquatic,242198,313501,0.25062319823635953,0.6235713492714003,1.822280614882435,1766.6666666666665
aquatic,242205,312473,0.015728188275310126,0.0680454669950738,0.20361678004535141,250
aquatic,242211,309632,0.12023112368234957,0.26389477478134127,0.8340239875019775,1000
aquatic,242225,309868,0.06203964445576335,0.1388287087304634,0.4866768900818308,500
aquatic,242452,313070,0.12078029183641709,0.26744453195159923,0.998739538249696,833.3333333333333
aquatic,242605,313631,0.11724009010871791,0.26400792212564983,0.9311280148575392,950
aquatic,242765,310802,0.016704939042041296,0.054972800654239456,0.11686591289771077,140
aquatic,242772,309242,0.05363467614716197,0.1229387568750733,0.3805513791798093,363.6363636363636
aquatic,242815,312559,0.1198443931966437,0.27921325437938926,1.016299938177399,1000
aquatic,242836,312462,0.0687264272026906,0.13669969059953113,0.36342739641920613,325
aquatic,242851,313256,0.04033121455526066,0.14257706962815503,0.32992006008853436,371.42857142857144
aquatic,242859,310497,0.052641363859829655,0.14437351009581534,0.4649497894395853,571.4285714285714
aquatic,242860,312002,0.21254621363803655,0.552454158040031,1.4567246334974275,1500
aquatic,243046,310883,0.09287730834286093,0.17714497594937714,0.6804562461500561,650
aquatic,243050,310291,0.09525491186017261,0.17937764322716476,0.6693638219106796,600
aquatic,243100,312808,0.05685343915895924,0.2277190547449912,0.4196230307122525,500
aquatic,243240,313408,0.13594590290276132,0.2945222151391601,1.034949855710014,999.9999999999999
aquatic,243309,309484,0.07937909321681051,0.14948136935597062,0.5578031849255664,500
aquatic,243315,311763,0.039689546608405256,0.07474068467798531,0.2789015924627832,250
aquatic,243589,313517,0.08957235897828893,0.17241776809480605,0.6757654599695865,672.5
aquatic,243593,309537,0.038275550220088037,0.12106808563849936,0.48859410430839,500
aquatic,243596,311031,0.39048232492997204,0.816586952380952,2.3905328798185903,1766.6666666666667
aquatic,243597,310893,0.023813727965043153,0.04484441080679119,0.1673409554776699,150
aquatic,243599,309494,0.06999553395871125,0.2135891982118132,0.581446676731318,624
aquatic,243613,313553,0.06485208954982061,0.16349302983026592,0.46261543048738163,457.1428571428571
aquatic,243725,312397,0.06623425662018752,0.2652926987779148,0.48886083077977416,582.5
aquatic,243740,313431,0.008403361344537815,0.04794285714285705,0.1635374149659863,200
aquatic,243741,312916,0.11928740856342537,0.2648344833649105,0.9780045351473922,1200
aquatic,243819,314111,0.023120398591310088,0.09260574892962976,0.17064669915631603,203.33333333333334
aquatic,243844,309989,0.04876178173541525,0.09749663614252216,0.3696250110477318,285.7142857142857
aquatic,243886,310664,0.04181925409651956,0.0976781718956429,0.25968889146948687,275
aquatic,243887,313353,0.31751637286724205,0.5979254774238825,2.2312127397022654,2000
aquatic,243920,312344,0.04548275132716739,0.18217524379599298,0.3356984245698021,400
aquatic,244020,313048,0.14760322020756161,0.42274423504996006,1.0613508217802694,1100
aquatic,244053,311650,0.13623253237576977,0.37720042410096183,0.9774262156378188,1000
aquatic,244058,311610,0.045410844125256575,0.12573347470032062,0.3258087385459396,333.3333333333333
aquatic,244074,311526,0.17056031747687772,0.6831571642349736,1.2588690921367576,1500
aquatic,244106,310448,0.07937909321681051,0.14948136935597062,0.5578031849255664,500
aquatic,244139,312621,0.11248512605042017,0.23053005494505435,1.0221088435374146,1250
aquatic,244283,310848,0.14347209992538135,0.40973052314791425,0.9599020568427019,1140
aquatic,244443,314362,0.1436879775105871,0.39188311718282526,1.035045963546664,1010.2
aquatic,244447,312231,0.1198443931966437,0.27921325437938926,1.016299938177399,1000
aquatic,244498,310449,0.044001635854341734,0.14137944322344292,0.5451247165532878,666.6666666666666
aquatic,244510,310368,0.0317516372867242,0.059792547742388256,0.22312127397022655,200
aquatic,244683,312066,0.09128714285714286,0.19175685714285692,0.7358843537414949,500
aquatic,244714,312425,0.054362058823529416,0.14561914285714267,0.5376122448979582,457.5
aquatic,244819,313554,0.07085621574991899,0.16153509548477643,0.5893377860356911,575
aquatic,245006,310673,0.057799551988991754,0.1740508030887594,0.39795067974400844,460
aquatic,245010,313813,0.1042797624154679,0.25979155863348763,0.7356382101828857,758.3333333333334
aquatic,245139,309109,0.05685343915895924,0.2277190547449912,0.4196230307122525,500
aquatic,245200,313194,0.17026810645498236,0.3320823336977513,1.1844826066942737,1250
aquatic,245212,311093,0.11833918073764277,0.25712774513013037,0.8875728881818606,900
aquatic,245260,309971,0.03277194417254997,0.06503748519613552,0.2704536043313758,275
aquatic,245321,310172,0.1304310897758652,0.42614265140827523,0.9976672381836067,1200
aquatic,245349,310280,0.0814655322583455,0.19739457840749325,0.724074123164463,667.1428571428572
aquatic,245361,310337,0.03790229277263949,0.15181270316332748,0.2797486871415017,333.3333333333333
aquatic,245372,310104,0.11975520294693212,0.24597927481049572,0.5423048469387755,550
aquatic,245387,311611,0.0151609171090558,0.06072508126533099,0.11189947485660069,133.33333333333334
aquatic,245400,312103,0.08533311803697669,0.17061911324941376,0.6468437693335306,500
aquatic,245412,312532,0.28175942720229075,0.8315976067075478,2.052601996707799,2375
aquatic,245520,313666,0.11353929688583975,0.21935627559233045,0.7558460899937902,765
aquatic,245531,309576,0.07551122417107817,0.2039816406219095,0.5167743323087053,525
aquatic,245551,312836,0.08058381682520627,0.1938099467571666,0.49031704116599384,533.3333333333333
aquatic,245680,313257,0.04744697199189685,0.1314226521057564,0.4494369782041806,500
aquatic,245707,312722,0.08655837719023819,0.2634769204146493,0.748915195018949,800
aquatic,245718,311286,0.0397409046855981,0.09601030110729095,0.31709605655648254,300
aquatic,245721,310417,0.16908132670251352,0.4916889109319774,1.1365389230941938,1350
aquatic,245847,309633,0.02694615881577677,0.057198532590587284,0.17946880579474314,214.28571428571428
aquatic,246003,311631,0.04791865985882447,0.11527384233899254,0.42563276902050673,375
aquatic,246004,309713,0.05019374828907752,0.1346692561065566,0.4833233611702661,500
aquatic,246017,313527,0.0965429857673645,0.30245973942297655,0.6985246231750357,750
aquatic,246232,312875,0.15094223247251282,0.30905970864168486,1.1316285290166903,1000
aquatic,246300,313942,0.13666391621386492,0.44010994184204966,1.2077630906798145,1306
aquatic,246301,309129,0.031512605042016806,0.17978571428571394,0.6132653061224488,750
aquatic,246344,313169,0.04561843937575036,0.11211184285714292,0.3623543743078627,440
aquatic,246349,310329,0.11858639407591914,0.2896749864013129,0.8443761703098617,825
aquatic,246412,311992,0.08528015873843886,0.3415785821174868,0.6294345460683788,750
aquatic,246435,313418,0.05664764630879733,0.136398650444086,0.533738825764814,605
aquatic,246473,311685,0.12907335046095178,0.4600340600894489,0.8465852017056256,975
aquatic,246520,313091,0.36514857142857143,0.7670274285714277,2.9435374149659794,2000
aquatic,246631,313337,0.08128049860564243,0.15836958992579878,0.5180916434831913,525
aquatic,246935,311590,0.11990262943812445,0.293853055432716,0.7873638768740361,850
aquatic,247086,311924,0.11559422552201831,0.23493643345667392,0.6970668522015184,560
aquatic,247159,312067,0.11869731932773106,0.25216551208791194,1.3234013605442163,1000
aquatic,247169,312183,0.09637819992785632,0.2612888136769342,0.6859313382952753,708.3333333333333
aquatic,247257,314288,0.16069480756027307,0.40406524636213925,1.1079661889619954,1170
aquatic,247291,309608,0.06811626618788488,0.18860021205048091,0.4887131078189094,500
aquatic,247294,313463,0.09922386652101313,0.1868517116949633,0.6972539811569579,625
aquatic,247313,312247,0.11155734251221786,0.3024268779720698,0.8163240108681804,866.6666666666665
aquatic,247314,314260,0.031872670128072586,0.10389612703710392,0.27023116521808044,324
aquatic,247345,309159,0.1819103055905868,0.35464937007603836,1.3208010719642458,1066.6666666666665
aquatic,247346,310467,0.09792929780131221,0.19980409351311962,0.481452487244898,512.5
aquatic,247348,312248,0.0799908440732151,0.2010369462090607,0.545770713005372,575
aquatic,247384,310858,0.047627455930086306,0.08968882161358238,0.3346819109553398,300
aquatic,247407,313177,0.07580458554527898,0.30362540632665497,0.5594973742830034,666.6666666666666
aquatic,247438,311477,0.12347858944837192,0.23252657455373213,0.8676938432175476,777.7777777777778
aquatic,247439,312375,0.04201680672268908,0.23971428571428524,0.8176870748299317,1000
aquatic,247443,312048,0.09650910982857427,0.18901816987412087,0.5586585111431543,500
aquatic,247576,313678,0.11176944160049498,0.243079427098951,0.9358953463294886,840
aquatic,247597,312684,0.07176470588235294,0.1949657142857142,0.46979591836734685,500
aquatic,247645,309395,0.10393794375055779,0.31784116799440515,0.7265858476648316,775
aquatic,247771,309769,0.08533311803697669,0.17061911324941376,0.6468437693335306,500
aquatic,247801,311778,0.19350625822297168,0.39395396052302784,1.2948279736238453,999.9999999999999
aquatic,247802,309495,0.10556087691226593,0.24813848903288943,0.9798964904219658,850
aquatic,247823,310036,0.08677329979514727,0.19742508788469595,0.7013234795579347,514.2857142857143
aquatic,247848,313991,0.07832801597790057,0.19670187009674106,0.6554457149084425,577.5
aquatic,247872,310214,0.14498126623675026,0.3755299568631869,1.1090158024422279,1200
aquatic,247880,312945,0.1949096658295207,0.3739741585355235,1.3171412384300534,1290
aquatic,247930,309685,0.27930192821064925,0.6121368734270082,1.881039167202341,1666.6666666666665
aquatic,247931,309609,0.06436199051157632,0.20163982628198435,0.4656830821166904,500
aquatic,247932,309232,0.04392590742648377,0.07863713274255221,0.28036817505471734,365
aquatic,247936,313595,0.06521163463702542,0.20744921586335097,0.46880071177866867,514.2857142857142
aquatic,247953,309345,0.058128384003548576,0.15617720535550653,0.41034070888354035,450
aquatic,247957,312068,0.07937909321681051,0.14948136935597062,0.5578031849255664,500
aquatic,247977,310386,0.06133146921949731,0.12131826202810256,0.3353661719294102,300
aquatic,247994,313120,0.04634063316833496,0.14518067492302875,0.3352918191240171,360
aquatic,247999,311764,0.0317516372867242,0.059792547742388256,0.22312127397022655,200
aquatic,248025,309118,0.07551122417107817,0.2039816406219095,0.5167743323087053,525
aquatic,248080,310832,0.09937203697708114,0.20448398903937867,0.6804764641944506,671.25
aquatic,248150,309309,0.10744144456643259,0.28601737175678665,0.9224500780918614,850
aquatic,248168,311275,0.15875818643362102,0.29896273871194123,1.1156063698511327,1000
aquatic,248169,313158,0.13162832973189276,0.3142263645320196,0.9093424036281168,800
aquatic,248173,311257,0.22689602478207913,0.5044954814911239,1.6072863834772007,1520
aquatic,248239,311127,0.27983437954101925,0.5258076932749978,1.9707082560830194,1762.5
aquatic,248304,309346,0.08462536576274342,0.22910453024781338,0.7941378440911246,1000
aquatic,248334,312069,0.09655687119393211,0.26415842417077157,0.6804502363194269,700
aquatic,248357,309509,0.02362589635854341,0.08086286593406586,0.4084353741496598,400
aquatic,248359,309137,0.15875818643362102,0.29896273871194123,1.1156063698511327,1000
aquatic,248499,309897,0.14381327183597242,0.33505590525526713,1.2195599258128789,1200
aquatic,248527,311099,0.03404734701365582,0.08583384066088962,0.24287310100587534,240
aquatic,248656,312481,0.09082168825051315,0.25146694940064124,0.6516174770918792,666.6666666666666
aquatic,248677,312049,0.12171619047619048,0.25567580952380925,0.9811791383219931,666.6666666666666
aquatic,248768,313216,0.13124395771076555,0.3717448273159672,1.1434157710118755,1150
aquatic,248880,312649,0.06028375261436403,0.23793326475513918,0.6596305759931749,800
aquatic,248900,311424,0.10428665624202059,0.2114600836416849,0.7344613481908725,695
aquatic,248903,310904,0.1867829629647097,0.37410261221311336,1.2185259740412115,987.5
aquatic,248944,309527,0.018951146386319746,0.07590635158166374,0.13987434357075085,166.66666666666666
aquatic,249065,310874,0.3704357683451157,0.6975797236611964,2.6030815296526426,2333.3333333333335
aquatic,249089,312415,0.0358216775626729,0.12924095594392418,0.23787273984592217,275
aquatic,249201,312142,0.06917914633550278,0.13446613609525107,0.5040493143422322,425
aquatic,249334,310528,0.03781512605042017,0.2157428571428567,0.7359183673469385,900
aquatic,249613,310173,0.1212938960806294,0.3707633164638201,0.8214553439644378,1000
aquatic,249684,312213,0.15572368504060757,0.6951523952042676,1.6569331362544366,2000
aquatic,249896,311012,0.03479574278807408,0.07008819031172905,0.2497774943310657,300
aquatic,249928,312761,0.08762263365120314,0.29747099871437277,0.6661590516252711,800
aquatic,250001,310894,0.007394957983193277,0.015381428571428575,0.02806122448979592,25
aquatic,250042,312956,0.08030999726252402,0.2154708097704906,0.7733173778724257,800
aquatic,250095,311661,0.039689546608405256,0.07474068467798531,0.2789015924627832,250
aquatic,250130,311032,0.26927566386554624,0.5623470857142856,1.4891836734693857,1140
aquatic,250143,311797,0.22741375663583696,0.9108762189799648,1.67849212284901,2000
aquatic,250187,310468,0.12406367370002053,0.3017141660642788,0.8642683454523655,958.3333333333334
aquatic,250197,309827,0.056693019224127936,0.11435348766539576,0.4155505952380951,500
aquatic,250291,313904,0.02861967086834734,0.13631714725274702,0.5312925170068026,600
aquatic,250572,313563,0.18626871700586967,0.5127007426183097,1.3887481422661208,1306.6666666666665
aquatic,250667,311612,0.041620614847992635,0.11055220438398786,0.29783386983178944,300
aquatic,250730,309686,0.3704357683451157,0.6975797236611964,2.6030815296526426,2333.3333333333335
aquatic,250901,309436,0.04015499863126201,0.1077354048852453,0.38665868893621286,400
aquatic,250956,309138,0.1663067191205248,0.39896898192419794,1.3911862244897941,1325
aquatic,251061,310174,0.1711929886857299,0.4546401249950553,1.2760605738391588,1400
aquatic,251076,312164,0.11906863982521576,0.22422205403395598,0.8367047773883495,750
aquatic,251090,311591,0.025793651972149403,0.07317815480595494,0.22856857938198077,242.85714285714286
aquatic,251098,312463,0.011370687831791848,0.045543810948998245,0.08392460614245052,100
aquatic,251291,312552,0.2264661753830103,0.4600238601984612,1.9471455885536817,1500
aquatic,251312,312070,0.06085809523809524,0.12783790476190462,0.49058956916099655,333.3333333333333
aquatic,251364,310242,0.06218028968650158,0.11709373932884368,0.43694582819169364,391.6666666666667
aquatic,251381,313071,0.15917779558185174,0.3193392669133479,0.9650860853554184,800
aquatic,251417,310201,0.09922386652101313,0.1868517116949633,0.6972539811569579,625
aquatic,251569,313772,0.10583879095574733,0.1993084924746275,0.743737579900755,666.6666666666666
aquatic,251716,311670,0.11422627755541637,0.4505388677388059,0.965657616157531,1166.6666666666667
aquatic,252001,314314,0.068792953982963,0.18032629741982487,0.6375160501700672,605
aquatic,252113,314160,0.14040576220343054,0.2838125688131922,0.6679260039247439,596.6666666666666
aquatic,252153,313170,0.05224044754452277,0.1587039381792868,0.3771524708337961,400
aquatic,252183,311950,0.11276599025163109,0.3595553698299938,1.0429006145791422,1000
aquatic,252336,309814,0.09050269833800187,0.3617859868131872,0.9514557823129253,1080
aquatic,252345,310073,0.2512521302404944,0.544154575207086,1.9737805138806002,1727.2727272727273
aquatic,252394,313892,0.10782869416741159,0.3311347442082534,0.7745900611320885,837.0000000000001
aquatic,252396,312434,0.044001635854341734,0.14137944322344292,0.5451247165532878,666.6666666666666
aquatic,252400,310588,0.3071285052975476,0.6433017969217456,2.30144998971113,1800
aquatic,252413,310387,0.10221911536582884,0.20219710338017094,0.5589436198823503,500
aquatic,252439,312946,0.11079502060550227,0.22112182443148704,0.6840573979591836,810
aquatic,252468,312792,0.04494164744874139,0.10470497039227096,0.38111247681652466,375
aquatic,252546,312541,0.033552980214807,0.06622325466685504,0.3342994522527857,285.7142857142857
aquatic,252549,311206,0.09876038801073472,0.2796506079252321,0.7703382563024983,666.6666666666666
aquatic,252550,311287,0.07019433975491274,0.15480834978166386,0.4970317069527221,468.75
aquatic,252552,312521,0.10583879095574733,0.1993084924746275,0.743737579900755,666.6666666666666
aquatic,252599,313159,0.11889184073629455,0.29690452709359594,0.7687358276643985,750
aquatic,252613,309538,0.05007948428686538,0.16278883848396486,0.5184268707482992,620
aquatic,252632,313247,0.0762039294881381,0.14350211458173182,0.5354910575285436,480
aquatic,252635,310803,0.05831444389022833,0.22034800017372838,0.804302523334915,983.3333333333333
aquatic,252637,311452,0.1098140277485756,0.2105355172805786,0.8180052721256058,800
aquatic,252638,311151,0.18951146386319745,0.7590635158166374,1.3987434357075084,1666.6666666666667
aquatic,252657,309560,0.03790229277263949,0.15181270316332748,0.2797486871415017,333.3333333333333
aquatic,252669,309147,0.09475573193159872,0.3795317579083187,0.6993717178537542,833.3333333333334
aquatic,252677,310833,0.19312793679406318,0.5707275007606482,1.3767267504017018,1475
aquatic,252679,309655,0.35383690790288713,1.0214548943307211,3.0173568594104294,3300
aquatic,252680,309528,0.02655462184873951,0.05897142857142856,0.4941196013289037,600
aquatic,252693,310455,0.1225855918367347,0.2575020653061222,0.9881875607385788,671.4285714285714
aquatic,252694,312093,0.15925567793479292,0.38118143834191903,1.3844738404574586,1220
aquatic,252697,309148,0.029411764705882353,0.16779999999999967,0.5723809523809521,700
aquatic,252701,312589,0.06636752354271273,0.2482940602394967,0.5726842552020484,625
aquatic,252707,309926,0.06203964445576335,0.1388287087304634,0.4866768900818308,500
aquatic,252719,312376,0.04068694380024118,0.14544365655068528,0.5098096563344182,571.4285714285714
aquatic,252720,310456,0.08114412698412699,0.17045053968253948,0.6541194255479955,444.44444444444446
aquatic,252742,311592,0.0830343334554491,0.1620300018001695,0.6556239692973821,583.3333333333334
aquatic,252757,309297,0.2571304394706837,0.5869697670665266,1.453758375885794,1383.3333333333333
aquatic,252762,309724,0.03995954974766429,0.19576349443880636,0.5487178809857167,666.6666666666666
aquatic,252775,309641,0.06228947401624302,0.27806095808170705,0.6627732545017747,800
aquatic,252777,312403,0.09096550265433478,0.36435048759198596,0.6713968491396042,800
aquatic,252842,311393,0.03601440576230492,0.20546938775510162,0.7008746355685128,857.1428571428571
aquatic,252843,311433,0.0688871588033626,0.13833594802708166,0.5402541228663446,466.66666666666663
aquatic,252921,312334,0.05257834695522037,0.17312247667638467,0.5688669217687073,687.5
aquatic,252953,312993,0.026400981512605046,0.08482766593406575,0.3270748299319726,400
aquatic,252986,312714,0.030246029632566316,0.12114653712433532,0.22323945233891834,266
aquatic,253011,310565,0.18521788417255786,0.3487898618305982,1.3015407648263213,1166.6666666666667
aquatic,253063,314003,0.06808571119749422,0.16958251366296875,0.45513180922746793,475.2
aquatic,253084,312345,0.03379721382151052,0.12284080342045295,0.2261129322929016,262
aquatic,253180,310683,0.26097730179944983,0.5011598420921122,1.6745499897334828,1500
aquatic,253194,310507,0.09061093580058428,0.1771090674345013,0.6730145993549397,714.2857142857142
aquatic,253492,312809,0.0158758186433621,0.029896273871194128,0.11156063698511327,100
aquatic,253532,311805,0.07368261624649858,0.180897046153846,0.9149795918367339,760
aquatic,253650,312696,0.07187054186419341,0.17556059781897748,0.5117431335211283,500
aquatic,253714,309396,0.27246506475153953,0.7544008482019237,1.9548524312756377,2000
aquatic,253757,311139,0.08358471607123644,0.2539263010868589,0.6034439533340739,640
aquatic,253761,309642,0.01680672268907563,0.0958857142857141,0.3270748299319726,400
aquatic,253829,312810,0.057492548384858906,0.18866822389357246,0.4793633551875376,525
aquatic,253991,309972,0.04829537958364294,0.07444705323689375,0.30547454085837716,300
aquatic,253997,310842,0.4288360537815126,0.8940852835164829,2.6919727891156424,2250
aquatic,254066,311033,0.3648002885819554,0.8260874312614185,2.7894153552987415,2280
aquatic,254333,313783,0.13002357123119723,0.255174189844495,0.9627751762681662,780
aquatic,254337,313409,0.360411651893634,0.7476538104956265,2.309332482993194,1870
aquatic,254589,311593,0.2926167422252234,0.5539476498887544,2.008433596219074,1800
aquatic,254690,309691,0.06814059663865546,0.14198443956043932,0.5723639455782303,500
aquatic,254807,311726,0.05688874535798445,0.11374607549960919,0.431229179555687,333.3333333333333
aquatic,254831,314239,0.20517596408426345,0.4094848600583093,1.2667729591836732,1500
aquatic,254844,313834,0.05159547846534172,0.15365022641536932,0.3763177113825369,410
aquatic,254878,309130,0.04978890931372547,0.10748945604395609,0.7737244897959183,632.5
aquatic,254881,311857,0.1106973179589931,0.22550317631381667,0.8342777365552593,620
aquatic,254926,310094,0.050939328127383984,0.1739604362580018,0.3958400755802092,419.375
aquatic,254929,310566,0.1565636818420225,0.30106540568230744,1.1774077252341544,1166.6666666666667
aquatic,254950,312104,0.052919395477873665,0.09965424623731375,0.3718687899503775,333.3333333333333
aquatic,254962,312957,0.07260764244332651,0.1670399678490353,0.7122316017417607,666.6666666666666
aquatic,255068,313764,0.19566003410671184,0.5534604220621464,1.4057529998237277,1450
aquatic,255079,310154,0.2916527467971951,0.6343354324714523,1.6028340479687135,1400
aquatic,255081,312578,0.039886790110925316,0.09809748519613545,0.2977841295647249,300
aquatic,255128,309770,0.13636695172840563,0.27426596447072527,0.6714166048328908,600
aquatic,255162,313322,0.10724407102686828,0.2378054042547048,0.8076005720546193,750
aquatic,255175,310982,0.030904780964756094,0.10971718908374722,0.2653328516644661,321.42857142857144
aquatic,255176,310243,0.07833326957122849,0.15499419710752943,0.6431208750837037,710
aquatic,255210,312958,0.05953431991260788,0.11211102701697799,0.41835238869417474,375
aquatic,255235,313583,0.24925281041713185,0.47135593584980107,1.719010195881829,1540.6666666666667
aquatic,255363,310693,0.1325867620901942,0.2831957528392737,1.1428888064438532,980
aquatic,255425,309587,0.2751120695663979,0.5253512509250549,1.8137156772256786,1625
aquatic,255471,311840,0.1158244821698052,0.2721984316684873,0.7263366581845379,700
aquatic,255473,309980,0.17536858634152938,0.3632849902571307,1.3298147031844658,1260
aquatic,255480,313943,0.08684802025217507,0.24340385145836632,0.5782846084967121,686.6666666666667
aquatic,255481,314279,0.06712051880240193,0.141311630800531,0.5492685993216198,625
aquatic,255548,311039,0.1131797682085866,0.265268472436448,0.8045818453615372,771.4285714285714
aquatic,255550,313110,0.16547826209459982,0.35595479182084255,0.9712801718014954,1000
aquatic,255584,312335,0.14777108124489832,0.2859763227087404,0.9800608379867908,1000
aquatic,255597,310359,0.07372781560170558,0.19735951938856489,0.6005280151685897,681.25
aquatic,255618,309953,0.18081332450788504,0.429050514212828,1.360600021258503,1625
aquatic,255639,311207,0.07407029100805104,0.20973795594392408,0.5777536922268737,500
aquatic,255650,309742,0.10583879095574733,0.1993084924746275,0.743737579900755,666.6666666666666
aquatic,255682,311765,0.02684757442465081,0.05598462805327838,0.22580283704771814,250
aquatic,255698,310905,0.10195705608605345,0.19956852405620512,0.5921609152873919,530
aquatic,255719,313765,0.14195382989262106,0.42819321412329714,1.0243333617209753,1083.3333333333333
aquatic,255729,311413,0.1610279923764744,0.32062659792739906,1.140269171320123,910
aquatic,255794,310930,0.08041486163877287,0.2892640708219023,0.6942678809099351,785.7142857142857
aquatic,255795,313850,0.09460162823081611,0.1824013781471794,0.8027011441092398,700
aquatic,255822,310884,0.06421357228875677,0.13384868535182592,0.4713085446350521,383.3333333333333
aquatic,255942,311496,0.02100840336134454,0.11985714285714262,0.4088435374149659,500
aquatic,255991,309278,0.06803104308647552,0.16365365841312668,0.49704319122024804,500
aquatic,256222,313584,0.13241762262857523,0.2607412264988277,0.9538065862861097,775
aquatic,256224,310301,0.030273896083504392,0.08382231646688042,0.21720582569729308,222.22222222222223
aquatic,256232,313973,0.05688874535798445,0.11374607549960919,0.431229179555687,333.3333333333333
aquatic,256234,314161,0.09147516663965635,0.23162287041931218,0.6526970790508814,646
aquatic,256239,313851,0.05129399102106586,0.10237121501457733,0.3166932397959183,375
aquatic,256244,310895,0.09453097674218892,0.17995536540827345,0.6324050299069987,566.6666666666667
aquatic,256277,310457,0.12065717021580058,0.24309430732786794,0.9233893939485358,700
aquatic,256279,311403,0.11382793003563327,0.2550998954847764,0.8467527520220853,780
aquatic,256281,312329,0.04702055565148361,0.16892675291204767,0.4429472642360006,500
aquatic,256305,311963,0.1309766894655481,0.26649754182084223,1.014785946204278,750
aquatic,256376,313735,0.014789915966386555,0.03076285714285715,0.05612244897959184,50
aquatic,256407,313282,0.1438345630908709,0.4244954954623291,1.036342858873278,1086.6666666666665
aquatic,256418,310785,0.13040077067626266,0.2722435090859975,0.9194767839517403,945.8333333333334
aquatic,256419,310488,0.3968954660840525,0.7474068467798533,2.7890159246278317,2500
aquatic,256470,312675,0.1419213997927937,0.5559949533527689,1.853210034013605,2250
aquatic,256479,310164,0.12322446269096207,0.23828323055279974,0.9431303875654165,956.6666666666667
aquatic,256505,311951,0.05829063025210084,0.1412241428571427,0.49821428571428483,400
aquatic,256509,309634,0.04538376302521009,0.09441186593406578,0.3843027210884348,350
aquatic,256555,309617,0.053844857056140755,0.16752751475513938,0.4149090129493529,500
aquatic,256607,310769,0.15027344081569133,0.34313220676034156,1.2615947227578972,1166.6666666666667
aquatic,256627,313585,0.1920602956773185,0.36879493871194113,1.3588206555654179,1170
aquatic,256652,310388,0.03833216826218583,0.07582391376756409,0.2096038574558814,187.5
aquatic,256681,309876,0.15875818643362102,0.29896273871194123,1.1156063698511327,1000
aquatic,256820,314091,0.3968954660840525,0.7474068467798533,2.7890159246278317,2500
aquatic,256976,310175,0.06911884753901569,0.16986642857142864,0.5490217792543374,666.6666666666666
aquatic,257079,312012,0.05823717398291143,0.16491847904085366,0.3025430898359215,320
aquatic,257216,310450,0.07106679894869905,0.284648818431239,0.5245287883903157,625
aquatic,257257,309916,0.0863818943372587,0.1894337503083515,0.6940843640638883,666.6666666666666
aquatic,257374,310105,0.06322357209419961,0.13401412094673204,0.3829978539034661,457.14285714285717
aquatic,257380,311013,0.1947534267697555,0.37273235629435864,1.4426811997831053,1400
aquatic,257467,310244,0.21624588746374931,0.4332204269858616,1.3680239053913048,1280
aquatic,257484,312003,0.15604342974118215,0.30112919689109885,0.977010899837329,875
aquatic,257521,313773,0.4233551638229893,0.79723396989851,2.97495031960302,2666.6666666666665
aquatic,257581,309752,0.02100840336134454,0.11985714285714262,0.4088435374149659,500
aquatic,257621,310112,0.09744580405495532,0.22041418522167472,0.7223053665910797,566.6666666666666
aquatic,257877,309753,0.06697310963873646,0.1978119630286477,0.5442693903357001,625
aquatic,258015,310920,0.09368469727417292,0.23636404715347079,0.6578702211953399,675
aquatic,258101,310254,0.08067943557422966,0.17447604659340663,1.2979591836734694,1060
aquatic,258162,313912,0.24199941612960627,0.520067147479917,1.7112741095147113,1600
aquatic,258175,313290,0.08711538949191758,0.16790172291369865,0.5829976164809897,583.3333333333333
aquatic,258266,312143,0.042430823529411764,0.08900788571428564,0.3168027210884347,220
aquatic,258408,309838,0.13909227778108985,0.3571518185612802,1.0980408252300706,875
aquatic,258619,313029,0.06789832638608487,0.21328738448200865,0.5523110454181456,666.6666666666666
aquatic,258907,310750,0.15918962964508585,0.6376133532859755,1.1749444859943072,1400
aquatic,258961,311258,0.1322984886946842,0.2491356155932844,0.929671974875944,833.3333333333334
aquatic,259015,312289,0.019844773304202628,0.037370342338992654,0.1394507962313916,125
aquatic,259056,311896,0.09539399679871949,0.21863889655172408,0.5669160997732421,500
aquatic,259104,312801,0.06692499771877003,0.17955900814207548,0.6444311482270213,666.6666666666666
aquatic,259107,313953,0.12625082228209203,0.31195079342753584,0.8995418265524364,882.5
aquatic,259747,312094,0.052919395477873665,0.09965424623731375,0.3718687899503775,333.3333333333333
aquatic,259842,312095,0.15875818643362102,0.29896273871194123,1.1156063698511327,1000
aquatic,259860,311468,0.09128714285714286,0.19175685714285692,0.7358843537414949,500
aquatic,259908,313081,0.02100840336134454,0.11985714285714262,0.4088435374149659,500
aquatic,260189,309397,0.07687577289842921,0.2910278066852431,0.54288692256898885,640
aquatic,260360,314033,0.07435394476650772,0.17195509206914433,0.5825463849039481,542.5
aquatic,260491,312904,0.21630980750252482,0.43711665507025604,1.6616297155378086,1250
aquatic,260565,310751,0.11370687831791848,0.4554381094899824,0.839246061424505,1000
aquatic,260765,313178,0.02842671957947962,0.1138595273724956,0.20981151535612624,250
aquatic,260845,312238,0.06811626618788488,0.18860021205048091,0.4887131078189094,500
aquatic,261078,309298,0.05969500985947422,0.2225279412585655,0.4721523152594155,550
aquatic,261079,312650,0.11414897197082668,0.3235152071080548,1.0074442310206966,999.9999999999999
aquatic,261106,314191,0.11370687831791848,0.4554381094899824,0.839246061424505,1000
aquatic,261110,309475,0.026767377095765824,0.03497200705467372,0.24529478458049828,166.66666666666666
aquatic,261118,313992,0.14931815979053176,0.4308453257152608,1.053447910968816,1096.5
aquatic,261139,311671,0.08156652033104438,0.23452840647366555,0.7250152371156747,687.5
aquatic,261143,314051,0.04856531466750352,0.18884154557621277,0.38529026130449595,440.5
aquatic,261150,310598,0.2445940349131716,0.560749615593284,2.0743998660324046,1833.3333333333335
aquatic,261182,309946,0.12078029183641709,0.26744453195159923,0.998739538249696,833.3333333333333
aquatic,261211,312876,0.18170825770308124,0.3786251721611716,1.5263038548752808,1333.3333333333333
aquatic,261290,312416,0.04779961198805961,0.12483550628431558,0.2644270741611059,267.5
aquatic,261306,310458,0.062186571818489286,0.12084669566699618,0.4833233611702661,500
aquatic,261352,310665,0.024039613641617358,0.053156019069515434,0.15468730352275006,156.25
aquatic,261363,314343,0.04859275611713494,0.14321671217496446,0.3123252964685745,364
aquatic,261370,313546,0.039711118768978496,0.09167321540668702,0.2818684982699419,270
aquatic,261383,312984,0.12353187746108008,0.35328340500400657,0.8881777060497282,920
aquatic,261422,313283,0.16024387863243972,0.5123112805078585,1.0709918341389908,1170
aquatic,261446,312249,0.08758781596385731,0.2756392127620402,0.8267228892341578,875
aquatic,261605,314373,0.1405279052414616,0.27217609818891314,1.023373634322523,856.6666666666666
aquatic,261616,310567,0.31751637286724205,0.5979254774238825,2.2312127397022654,2000
aquatic,261651,312886,0.19869482603446198,0.4459418610702469,1.3942941220504,1500
aquatic,261668,311679,0.3968954660840525,0.7474068467798533,2.7890159246278317,2500
aquatic,261753,309407,0.1134720168067227,0.23790114285714264,0.8200680272108826,575
aquatic,261824,310740,0.12626589200534868,0.22832672012186767,1.018612162452924,966.6666666666666
aquatic,262053,309692,0.047429214752567644,0.074406021978022,0.5179676211569899,466.66666666666663
aquatic,262321,311544,0.04201680672268908,0.23971428571428524,0.8176870748299317,1000
aquatic,262538,309877,0.10583879095574733,0.1993084924746275,0.743737579900755,666.6666666666666
aquatic,262547,312510,0.0634585324728304,0.1512541853897189,0.5947779323901545,666.6666666666666
aquatic,262707,310529,0.2778268262588368,0.5231847927458972,1.952311147239482,1750
aquatic,262708,309426,0.056974789915966384,0.16420285714285704,0.413673469387755,450
aquatic,262720,312511,0.04515796900917213,0.15874927940801448,0.37091930241288157,416.66666666666663
aquatic,262746,311128,1.1113073050353472,2.092739170983589,7.809244588957928,7000
aquatic,262797,309807,0.18130734980264834,0.3915207638095232,1.486562986640437,1350
aquatic,262866,310694,0.09936791527569921,0.3385883151603495,1.1159502551020406,1350
aquatic,262936,310195,0.258434442753952,0.7521106209570114,1.860280018241907,1940
aquatic,263111,310058,0.2714435854341737,0.671161142857142,2.507482993197274,2000
aquatic,263441,310349,0.1312410493113753,0.2630251565753307,0.9977631519386112,766.6666666666667
aquatic,263445,311766,0.05784936746666918,0.10990853195159947,0.3905762729435748,350
aquatic,263458,310338,0.13623253237576977,0.37720042410096183,0.9774262156378188,1000
aquatic,263480,309954,0.03686974789915967,0.14332857142857122,0.4278911564625849,500
aquatic,263527,312925,0.1966604792062605,0.45077544187526875,1.3953550569926345,1333.3333333333333
aquatic,263623,314168,0.030783883964544675,0.062110260641399455,0.17105867346938772,193.66666666666666
aquatic,263662,310589,0.07909661676638907,0.2051265890944564,0.7425490620592207,733.3333333333333
aquatic,263669,313803,0.07540454953949832,0.19719637957064692,0.6766080189753206,695.3333333333333
aquatic,263702,309279,0.15589731850261399,0.3868235208292127,0.8985562526020833,886.6666666666665
aquatic,263703,310418,0.16908132670251352,0.4916889109319774,1.1365389230941938,1350
aquatic,263878,311069,0.15247756624732664,0.3892705586953762,1.1602193201493036,1100
aquatic,263885,310875,0.3510750955665599,0.7242108912680647,2.353104798033133,2250
aquatic,263895,312783,0.18586482462443432,0.44430107397145785,1.2807148217100162,1277.7777777777778
aquatic,264008,313640,0.04349099343889353,0.10467365282761137,0.35568448856259527,388
aquatic,264011,312569,0.03294417733994887,0.10788772213966388,0.23914292094573686,261.42857142857144
aquatic,264067,310215,0.14288236779025892,0.2690664648407472,1.0040457328660193,900
aquatic,264221,310155,0.2226331389540578,0.4907754324714522,1.3409292860639517,1166.6666666666667
aquatic,264236,311198,0.07033366843125512,0.1657910805527365,0.560526740946372,416.66666666666663
aquatic,264238,311686,0.07580458554527898,0.30362540632665497,0.5594973742830034,666.6666666666666
aquatic,264252,311218,0.04564357142857143,0.09587842857142846,0.36794217687074743,250
aquatic,264255,311453,0.08682162424201822,0.1759035492227746,0.6691039154355216,500
aquatic,264391,309263,0.2841904573901037,0.8366558509289606,2.0642869033666136,2200
aquatic,264652,310124,0.175922078984175,0.4519411087789472,1.256327808100602,1250
aquatic,264674,312837,0.09561416150460184,0.21855974182644922,0.7179637188208609,690
aquatic,264677,310113,0.15918962964508585,0.6376133532859755,1.1749444859943072,1400
aquatic,264709,309417,0.12763150804258205,0.27002373056986556,0.9361412080186687,883.3333333333333
aquatic,264848,312917,0.13142516718687475,0.2856372042743458,1.1094784580498864,1360
aquatic,264923,312723,0.13187904651403418,0.2798906924882485,0.869760647307505,850
aquatic,264944,311916,0.11370687831791848,0.4554381094899824,0.839246061424505,1000
aquatic,265019,310786,0.057160138555432616,0.15559466449300535,0.40744113963275774,420
aquatic,265046,312750,0.10780581279629013,0.2633408967284662,0.7676147002816927,750
aquatic,265052,314344,0.04754225684090789,0.12202232315620799,0.3230926704143365,330.5
aquatic,265096,312965,0.0963825658325332,0.18909417234338108,0.6944521877008784,750
aquatic,265104,309243,0.03111646539312177,0.055002439947240425,0.1921576227390181,233.33333333333334
aquatic,265157,313270,0.18478774472229365,0.392289363960973,1.2836286977102451,1147.5
aquatic,265205,314131,0.15347686889648685,0.4318341505412752,1.2170872286393781,1246
aquatic,265297,311831,0.15025242816987772,0.2989373787531644,0.622006444681534,750
aquatic,265310,312435,0.0317516372867242,0.059792547742388256,0.22312127397022655,200
aquatic,265326,314374,0.07649543671323447,0.15159446024176348,0.5734123984825663,453.3333333333333
aquatic,265460,313484,0.07404677562780074,0.2533241923675934,0.6444622532079316,773.3333333333334
aquatic,265541,314152,0.15907591564599266,0.49198762145975955,1.1454144383205025,1235.5
aquatic,265545,310983,0.07072239351331008,0.16784253972947355,0.6005629045588092,700
aquatic,265611,309743,0.027356795211235126,0.05459798134110791,0.16890306122448978,200
aquatic,265646,313474,0.08060127158047035,0.15370883382296896,0.5518069612057592,525
aquatic,265657,311189,0.1887911835350703,0.33820133062728513,1.390827118150452,1187
aquatic,265662,310606,0.26671375320848334,0.5022574010360614,1.874218701349903,1680
aquatic,265666,310263,0.17301625682421734,0.35936859406311256,1.107222528358081,1180
aquatic,265669,310949,0.09232918383791855,0.18426818702623918,0.570047831632653,675
aquatic,265696,310369,0.003001200480192077,0.017122448979591805,0.05840621963070941,71.42857142857143
aquatic,265727,312772,0.045909546318527436,0.14878217641625607,0.42829622158941094,525
aquatic,265749,311061,0.033143779391620595,0.07142697674772983,0.21662857437782623,214.28571428571428
aquatic,265768,310921,0.0914137061278582,0.27737051258840845,0.6184634976572899,683.3333333333334
aquatic,265778,310375,0.31751637286724205,0.5979254774238825,2.2312127397022654,2000
aquatic,265793,309299,0.06020076009164313,0.15649633184317777,0.38193118752553146,383.3333333333333
aquatic,265825,314307,0.11890290862011677,0.2832951726901805,0.9653469645535518,1046.6666666666665
aquatic,265829,310804,0.0652413731092437,0.13370743186813155,0.5928231292517004,725
aquatic,265843,314140,0.10898602590061579,0.3017603392807695,0.7819409725102552,800
aquatic,265901,310350,0.06237530279914407,0.12601630930281246,0.4469477417694466,393.75
aquatic,265922,312613,0.06454580507171162,0.16690298715017693,0.4213794456115671,500
aquatic,265942,313041,0.07003852159328015,0.1720395984455493,0.6227741574016576,625
aquatic,265964,312733,0.3285671866677542,0.6807010234059782,2.1791998110802253,2133.3333333333335
aquatic,265982,314270,0.2033923894456497,0.48799688111935546,1.7108195717482995,1720
aquatic,265991,310977,0.054493012950307895,0.15088016964038475,0.3909704862551276,400
aquatic,265998,310202,0.0615891939041982,0.274065719986469,0.6491451365879426,783.3333333333333
aquatic,266002,311158,0.02100840336134454,0.11985714285714262,0.4088435374149659,500
aquatic,266009,310114,0.07959481482254292,0.31880667664298773,0.5874722429971536,700
aquatic,266036,312221,0.07786184252030379,0.3475761976021338,0.8284665681272183,1000
aquatic,266038,313874,0.1336881657374666,0.31717589672846624,0.8658289859959784,837.5
aquatic,266039,310292,0.036931673535167416,0.07370727481049569,0.22801913265306117,270
aquatic,266041,312366,0.07937909321681051,0.14948136935597062,0.5578031849255664,500
aquatic,266046,310429,0.05731258599634671,0.1265694383499213,0.3424198475686571,411.1111111111111
aquatic,266051,313723,0.0798043898542669,0.22749779385376395,0.5996333594269752,628.3333333333334
aquatic,266089,313185,0.11728138598945001,0.3012940725192981,0.837551872067068,833.3333333333333
aquatic,266091,309990,0.08969116601942362,0.1772898689479364,0.7192043908574064,583.3333333333333
aquatic,266092,309771,0.025370891690009324,0.05486668131868133,0.4081632653061224,333.3333333333333
aquatic,266103,309869,0.029800130463144114,0.08545069873663746,0.27703373015873006,333.3333333333333
aquatic,266104,309679,0.08998810084033614,0.1844240439560435,0.8176870748299317,1000
aquatic,266249,313225,0.23857481712685075,0.529668966729821,1.9560090702947843,2400
aquatic,266279,310006,0.06326262932252913,0.1752302028076752,0.5992493042722407,666.6666666666666
aquatic,266283,309991,0.08538527504447162,0.22236714371103128,0.6331887742482717,626.25
aquatic,266291,311822,0.12171619047619048,0.25567580952380925,0.9811791383219931,666.6666666666666
aquatic,266292,311269,0.05150328576190229,0.1696774190379542,0.3119420233807624,350
aquatic,266305,310911,0.03893092126015189,0.1737880988010669,0.41423328406360915,500
aquatic,266313,310046,0.10217642255950644,0.1949796871402272,0.6985557359459744,666.6666666666666
aquatic,266399,312773,0.13111517462553204,0.308892699142036,0.9512238163220821,850
aquatic,266435,310508,0.1511813845976745,0.30494263377438874,1.1081349206349203,1333.3333333333333
aquatic,266437,309149,0.09674401089411955,0.1945887203922709,0.7388293135512174,562.5
aquatic,266473,310509,0.07856248868011487,0.153261038005989,0.7244748376737666,625
aquatic,266549,310805,0.04201680672268908,0.23971428571428524,0.8176870748299317,1000
aquatic,266591,310684,0.07282646863289532,0.14254894575443222,0.42297208234813705,378.57142857142856
aquatic,266598,311697,0.017553688141923443,0.0487428571428571,0.3290233612824975,400
aquatic,266609,313258,0.056388127588939865,0.1584708047985511,0.4049579206122026,416.66666666666663
aquatic,266649,309947,0.0677049552457173,0.14355652405620503,0.5280112554234463,500
aquatic,266697,313248,0.06975798913291029,0.17954087165058447,0.6469244155953873,660
aquatic,266718,310007,0.02100840336134454,0.11985714285714262,0.4088435374149659,500
aquatic,266726,309815,0.040593426704014925,0.08778669010989015,0.6530612244897959,533.3333333333334
aquatic,266768,310376,0.11801575188437277,0.233172647133128,0.9041337044030373,800
aquatic,266783,313013,0.5291939547787368,0.9965424623731376,3.718687899503776,3333.3333333333335
aquatic,266814,313993,0.06454849273633986,0.25154357498187835,0.4633861917981131,548
aquatic,266830,313410,0.24406484095839287,0.5597530731309108,2.070681178132901,1830
aquatic,266900,313994,0.10167049200442599,0.31866543760685817,0.7356476695975009,790
aquatic,266902,309981,0.09012725090036022,0.28972357142857125,0.9578653166693032,1166.6666666666665
aquatic,266906,314169,0.05259467121368774,0.09876241574885819,0.36751990744660135,334.2
aquatic,266908,310133,0.08731779297703207,0.1776650278805615,0.6765239641361853,500
aquatic,266995,312232,0.1533286730487433,0.30329565507025635,0.8384154298235256,750
aquatic,267054,311739,0.07666985577411915,0.1844381477423881,0.6810124304328109,600
aquatic,267085,311414,0.1422121079113278,0.31449407169287263,1.2128108932015047,1142.857142857143
aquatic,267092,311404,0.15875818643362102,0.29896273871194123,1.1156063698511327,1000
aquatic,267141,313399,0.09045660772320574,0.32706731463531047,0.8848165791422726,1000
aquatic,267160,312570,0.06371002485233325,0.16276118155440555,0.4349524424205657,471.66666666666663
aquatic,267593,312866,0.0635032745734484,0.11958509548477651,0.4462425479404531,400
aquatic,267639,314261,0.06134257476734268,0.14366301938047737,0.4233488472209771,432
aquatic,267646,313001,0.1198443931966437,0.27921325437938926,1.016299938177399,1000
aquatic,267714,309754,0.043276344987995194,0.1127952499052671,0.45355725623582777,500
aquatic,267789,312041,0.08819179900970925,0.21482921734148622,0.6726841962542831,625
aquatic,267852,309347,0.04470019569471617,0.1281760481049562,0.4155505952380951,500
aquatic,267864,309374,0.2506059989766052,0.4965763984712515,1.5743457637661449,1800
aquatic,267961,312299,0.03163659223132441,0.10333969224100441,0.343955976223812,333.3333333333333
aquatic,267994,310666,0.10780581279629013,0.2633408967284662,0.7676147002816927,750
aquatic,267995,309859,0.15875818643362102,0.29896273871194123,1.1156063698511327,1000
aquatic,267996,310685,0.13969682888336288,0.28495673631381685,0.7651586889362124,630
aquatic,267997,310339,0.11119972656556974,0.40527849283177253,0.8353177132887553,1000
aquatic,268046,309456,0.14789915966386558,0.30762857142857153,0.5612244897959183,500
aquatic,268088,313014,0.2982185214085635,0.6620862084122762,2.4450113378684804,3000
aquatic,268099,312947,0.09904783124208576,0.19968880966584424,0.7207348356009069,866.6666666666667
aquatic,268110,310906,0.25489264021513364,0.4989213101405127,1.4804022882184795,1325
aquatic,268133,309196,0.09525491186017261,0.17937764322716476,0.6693638219106796,600
aquatic,268135,311969,0.09876038801073472,0.2796506079252321,0.7703382563024983,666.6666666666666
aquatic,268226,309725,0.17090886805579755,0.23650718226133127,0.6584456602216208,802.8
aquatic,268231,313575,0.04855752836230221,0.09453031939490758,0.3536082189488326,300
aquatic,268283,313564,0.09323964022069316,0.3734592497817856,0.6881817703680941,820
aquatic,268348,314220,0.14846513090912955,0.43797587470594657,1.001706282572989,1190
aquatic,268360,312165,0.0885078075025248,0.1686570550702563,0.63139162029971585,550
aquatic,268383,310145,0.0158758186433621,0.029896273871194128,0.11156063698511327,100
aquatic,268386,311698,0.012605042016806721,0.07191428571428558,0.2453061224489795,300
aquatic,268426,313814,0.10223770935865509,0.19850614998100508,0.6312566702262299,752
aquatic,268429,313528,0.2358629407211546,0.5363653448660136,1.6885307507526732,1575
aquatic,268431,313446,0.06692499771877003,0.17955900814207548,0.6444311482270213,666.6666666666666
aquatic,268490,311932,0.10780581279629013,0.2633408967284662,0.7676147002816927,750
aquatic,268556,312474,0.04201680672268908,0.23971428571428524,0.8176870748299317,1000
aquatic,268605,312676,0.1897033715340493,0.37264415294285325,1.2163840960728263,1333.3333333333333
aquatic,268610,313623,0.09900070242845915,0.2981786907806459,0.8208786105690342,872.5
aquatic,268614,311680,0.1270065491468968,0.23917019096955303,0.8924850958809062,800
aquatic,268624,314112,0.0837111643135492,0.16177353893407395,0.5203583936422177,466
aquatic,268726,312724,0.0617309890274205,0.1634896191709596,0.5677189642091127,620
aquatic,268762,310556,0.14288236779025892,0.2690664648407472,1.0040457328660193,900
aquatic,268766,310203,0.2562939699509803,0.603153580746452,1.5079783902520665,1533.3333333333333
aquatic,268780,311445,0.10983701082875531,0.23549156478978767,0.8581218723000104,985
aquatic,268785,311620,0.053902906398145066,0.1316704483642331,0.3838073501408463,375
aquatic,268796,311052,0.17534632746844403,0.35088387204527455,1.2056128242401172,1125
aquatic,268814,309119,0.12128702688704548,0.3338383401037591,1.0165567611931576,1000
aquatic,268844,312659,0.026459697738936833,0.04982712311865688,0.18593439497518874,166.66666666666666
aquatic,268848,310885,0.04107664810584431,0.049414269980020006,0.1638864241348713,200
aquatic,268958,314251,0.10844568812874783,0.20749172453089776,0.7372626874765867,712.5
aquatic,268974,312571,0.03932850048115656,0.08733299992027013,0.27857652709733377,263.33333333333337
aquatic,269016,310018,0.08093059995966638,0.25946377004683724,0.9169935065036652,1000
aquatic,269017,313291,0.058775293081115045,0.14049603293368904,0.2570120017173482,250
aquatic,269056,309150,0.08807657306386837,0.17383604350049447,0.8775360621635625,750
aquatic,269057,312762,0.12355960599182178,0.48557641317170125,0.9069437603982773,1081.25
aquatic,269070,310741,0.10651244108736771,0.31470757538074323,0.9261063878564025,980
aquatic,269071,313852,0.060890140056022383,0.1316800351648352,0.9795918367346939,800
aquatic,269106,309680,0.09562328964081647,0.19109327194063896,0.6863780766913143,600
aquatic,269108,311887,0.04312232511851605,0.1053363586913865,0.3070458801126771,300
aquatic,269147,312135,0.21237693049187925,0.4325778652849327,1.2366080189753197,1000
aquatic,269174,312715,0.04042849184324815,0.12198167982179826,0.2917357926672902,308.57142857142856
aquatic,269180,310896,0.5950763077199133,1.3366700814207562,4.846352298596747,4700
aquatic,269184,313364,0.17028973279361395,0.4137070604008128,1.2087229543409692,1183.3333333333333
aquatic,269314,311040,0.11528449113627852,0.2954013427734756,0.865186596552889,771.4285714285713
aquatic,269410,310912,0.14073766318734,0.36155288702315774,1.0050622464804817,1000
aquatic,269501,311288,0.060697949969749795,0.19459782753512794,0.687745129877749,750
aquatic,269551,310302,0.11370687831791848,0.4554381094899824,0.839246061424505,1000
aquatic,269613,314375,0.09497246648721454,0.18060221872040214,0.6540779298235255,614
aquatic,269633,310931,0.04647848082823605,0.13869536837668842,0.5204041744000791,600
aquatic,269682,311699,0.009859943977591037,0.02050857142857144,0.03741496598639456,33.333333333333336
aquatic,269836,312115,0.23596566415732267,0.4674982096260593,1.8243265813442728,1500
aquatic,269874,310389,0.06252956875742359,0.1274564187021856,0.2800420274195672,250
aquatic,269878,310095,0.05030160909194373,0.21933190975006517,0.4981578902060597,600
aquatic,269943,309808,0.08191979331549762,0.16379434871943724,0.6209700185601894,480
aquatic,270171,313082,0.06302521008403361,0.3595714285714279,1.2265306122448976,1500
aquatic,270185,312021,0.058640692994725005,0.15064703625964904,0.418775936033534,416.66666666666663
aquatic,270199,310950,0.2368296408396315,0.5965671426570782,2.054997180372116,2500
aquatic,270203,309982,0.15351003731571877,0.3319238591359967,1.188916724667261,1175
aquatic,270301,312105,0.14278959302185157,0.28669152701697787,1.0263881029798876,800
aquatic,270360,313292,0.05133023757945614,0.2413073053878046,0.6326424871281673,766.6666666666667
aquatic,270375,314170,0.05532868727744307,0.1666357562756436,0.37535759233491806,446
aquatic,270376,314013,0.23849681565998554,0.7306529535462738,1.7228579848960108,1833.3333333333335
aquatic,270378,310489,0.3968954660840525,0.7474068467798533,2.7890159246278317,2500
aquatic,270589,312239,0.13623253237576977,0.37720042410096183,0.9774262156378188,1000
aquatic,270798,309375,0.13375190353100933,0.3830593031414928,0.8416128266306198,975
aquatic,270870,314171,0.07937909321681051,0.14948136935597062,0.5578031849255664,500
aquatic,270894,310557,0.14288236779025892,0.2690664648407472,1.0040457328660193,900
aquatic,271035,313217,0.12829236974789904,0.15927093296703304,0.7247087486157254,880
aquatic,271069,310490,0.1199841344537815,0.2458987252747247,1.0902494331065755,1333.3333333333333
aquatic,271107,312533,0.16749129297146176,0.46077697223726644,0.9937981565353581,1166.6666666666667
aquatic,271112,314280,0.04198874179808906,0.08500707269455027,0.3247651998299319,392.5
aquatic,271215,310647,0.10745263762647925,0.24439839089481924,0.9086367437340384,1107.142857142857
aquatic,271283,313924,0.07509369412080982,0.28632977523145736,0.5637965412564627,646.6666666666667
aquatic,271287,312512,0.02509687414453876,0.0673346280532783,0.24166168058513304,250
aquatic,271288,312513,0.022452546946543833,0.09588254205785418,0.20801493313991182,250
aquatic,271294,311767,0.02100840336134454,0.11985714285714262,0.4088435374149659,500
aquatic,271324,311159,0.058823529411764705,0.33559999999999934,1.1447619047619042,1400
aquatic,271429,309131,0.13923602443512176,0.3022895616136469,1.030651119474377,875
aquatic,271502,310655,0.03374553781512605,0.06915901648351631,0.3066326530612244,375
aquatic,271601,313724,0.0847471920394342,0.35979896150216006,0.7701582956382137,925
aquatic,271634,313195,0.14095824065950235,0.3198686800649888,0.9518978826743337,1000
aquatic,271640,314024,0.11159047724185146,0.22766599908926827,0.9349523876540642,855.5
aquatic,271682,311168,0.02842671957947962,0.1138595273724956,0.20981151535612624,250
aquatic,271746,311952,0.09277190776310526,0.25632004926108354,0.7727607709750559,750
aquatic,272191,314271,0.06599698961568753,0.13172774744100105,0.5277212430477507,510
aquatic,272228,313447,0.12261170707140774,0.23397562456827267,0.8382668831351694,800
aquatic,272239,309539,0.04201680672268908,0.23971428571428524,0.8176870748299317,1000
aquatic,272249,309120,0.06881234068140032,0.21112816964038467,0.5769568808129507,620
aquatic,272257,309529,0.03790229277263949,0.15181270316332748,0.2797486871415017,333.3333333333333
aquatic,272264,312078,0.1524416411829811,0.3360368584666422,0.9974067358495223,999.9999999999999
aquatic,272302,310922,0.10846074857638463,0.28572613081602277,0.7370718487630283,758.3333333333334
aquatic,272387,313604,0.11016692700824202,0.25340095291168047,0.8662936935829653,882
aquatic,272444,312926,0.06811626618788488,0.18860021205048091,0.4887131078189094,500
aquatic,272476,312309,0.055828860257421176,0.1203966328870075,0.3325557460612023,400
aquatic,272485,311719,0.10583879095574733,0.1993084924746275,0.743737579900755,666.6666666666666
aquatic,272546,309643,0.10629428080072731,0.28830765651609724,0.7020063402027261,833.3333333333333
aquatic,272555,310165,0.08820736863910641,0.17109435217972632,0.6816180272220591,700
aquatic,272556,310115,0.18913938625111437,0.548914905214416,1.4705334674869475,1300
aquatic,272565,312784,0.0703696724689876,0.16967206574460003,0.5070294784580499,625
aquatic,272723,313126,0.10583879095574733,0.1993084924746275,0.743737579900755,666.6666666666666
aquatic,272851,310270,0.10954457142857144,0.2301082285714283,0.8830612244897937,600
aquatic,272860,311554,0.039843620839983815,0.1385495339659022,0.3934849847438814,400
aquatic,272867,310625,0.19351700379877976,0.405352906822157,1.5393299319727856,1080
aquatic,272933,313804,0.05484721031426264,0.1116049442274053,0.2781014030612245,301
aquatic,272985,313547,0.04120023104416822,0.1054845460149999,0.30642339369090266,279.09090909090907
aquatic,273127,310439,0.046164591918959275,0.09213409351311959,0.2850239158163265,337.5
aquatic,273129,314014,0.23456277197890002,0.6025881450385961,1.675103744134136,1666.6666666666665
aquatic,273148,309828,0.4270609442958135,0.8280337059953108,3.1142739641920594,2600
aquatic,273358,309816,0.15222535014005595,0.329200087912088,2.4489795918367347,2000
aquatic,273459,311004,0.07036883159367,0.18077644351157887,0.5025311232402409,500
aquatic,273514,313030,0.1257994895791274,0.3971608172449913,0.9672722555184541,1165
aquatic,273578,312685,0.008403361344537815,0.04794285714285705,0.1635374149659863,200
aquatic,273629,311867,0.10780581279629013,0.2633408967284662,0.7676147002816927,750
aquatic,273661,312845,0.15019280939870303,0.4945897928317725,1.1472011178133557,1300
aquatic,273662,310271,0.15717202735865773,0.3197970501850107,1.2177431354451336,900
aquatic,273695,309962,0.13678397605617562,0.2729899067055395,0.84451530612244885,1000
aquatic,273709,309577,0.04548275132716739,0.18217524379599298,0.3356984245698021,400
aquatic,273903,310224,0.0842389288351531,0.1705450240562051,0.6109490817167543,600
aquatic,273912,312579,0.024436974789915966,0.0965245714285713,0.290204081632653,340
aquatic,273913,310626,0.14605942857142856,0.3068109714285711,1.177414965986392,800
aquatic,273926,312022,0.11638775907156712,0.3398300817619692,0.8379754194064273,875
aquatic,274002,310134,0.05685343915895924,0.2277190547449912,0.4196230307122525,500
aquatic,274030,310978,0.04737786596579936,0.18976587895415936,0.3496858589268771,416.6666666666667
aquatic,274034,310377,0.3704357683451157,0.6975797236611964,2.6030815296526426,2333.3333333333335
aquatic,274045,309714,0.2157741021760869,0.6058614068783135,1.4730536428411676,1700
aquatic,274104,310234,0.06676472694441381,0.19329447317382215,0.48042229856611063,500
aquatic,274124,310293,0.0317516372867242,0.059792547742388256,0.22312127397022655,200
aquatic,274208,311906,0.051013085021615126,0.15769537946222534,0.43483368185659715,466.66666666666663
aquatic,274238,312590,0.020050553930827407,0.05572129668106736,0.18353332238450576,233.33333333333331
aquatic,274250,313338,0.019802026015885783,0.07069201603498534,0.23391369047619037,283.3333333333333
aquatic,274251,312985,0.04535948183817744,0.08541792534626894,0.3187446771003236,285.7142857142857
aquatic,274564,314289,0.07949895406657083,0.18985790980253353,0.5534128113955055,560
aquatic,274830,310940,0.08552370954630213,0.20334735881121535,0.584182138668755,612.5
aquatic,274837,312446,0.022797329342695936,0.045498317784256594,0.14075255102040812,166.66666666666666
aquatic,274939,310779,0.10178575462184875,0.21327299560439533,0.8312811791383202,616.6666666666666
aquatic,274946,311062,0.12223339186038089,0.46290808134194394,0.8617813314955036,1033.3333333333335
aquatic,275132,314042,0.06598102437542193,0.18244973696439673,0.5061311143607303,448.3333333333333
aquatic,275144,313049,0.04873151927910792,0.19518776120999246,0.35967688346764504,428.57142857142856
aquatic,275156,313020,0.17834671545771752,0.4079325858345938,1.5016030531647064,1391.6666666666665
aquatic,275224,312725,0.15098209382082994,0.3041725560078046,1.0926222275179993,1066.6666666666667
aquatic,275273,310360,0.05029511428924683,0.13218974364465003,0.3747765022675736,450
aquatic,275275,311535,0.15875818643362102,0.29896273871194123,1.1156063698511327,1000
aquatic,275443,312763,0.0944792150234812,0.2981891124873149,0.72648360747494245,875
aquatic,275481,311993,0.0036881419234360427,0.008190476190476187,0.06862772240679217,83.33333333333333
aquatic,275598,311651,0.06864342092748421,0.15665058080357072,0.4976858094810318,467.5
aquatic,275615,309139,0.12875227887776103,0.26438816360917994,1.0513846371882076,966.6666666666667
aquatic,275682,311943,0.09082168825051315,0.25146694940064124,0.6516174770918792,666.6666666666666
aquatic,275691,312404,0.1421335978973981,0.569297636862478,1.0490575767806314,1250
aquatic,275697,313050,0.07959481482254292,0.31880667664298773,0.5874722429971536,700
aquatic,275700,312300,0.05383972932095139,0.15390390456039943,0.5243078084536877,500
aquatic,275794,311425,0.04799825239327873,0.12253594207991747,0.4017782351634139,410
aquatic,275927,310913,0.10482729049140951,0.331371711305403,0.924179835368523,1000
aquatic,275958,311199,0.05962768829823125,0.32810773898598045,1.074561722376446,1312.5
aquatic,276088,312522,0.039689546608405256,0.07474068467798531,0.2789015924627832,250
aquatic,276102,312336,0.17742776022905177,0.3604933862263534,0.8410039270314511,800
aquatic,276223,309288,0.04720821661998135,0.11978476190476198,0.4979591836734693,700
aquatic,276225,312280,0.03735261217811589,0.1386078914261729,0.3465317982192768,416.66666666666663
aquatic,276276,311497,0.06839198802808781,0.13649495335276976,0.4222576530612244,500
aquatic,276280,311498,0.01050420168067227,0.05992857142857131,0.20442176870748294,250
aquatic,276302,312867,0.0635032745734484,0.11958509548477651,0.4462425479404531,400
aquatic,276375,314113,0.10409579644376322,0.35678781260918496,0.9565495985625729,1063.3333333333333
aquatic,276431,311638,0.06839198802808781,0.13649495335276976,0.4222576530612244,500
aquatic,276497,313753,0.057990507942138426,0.23227343583989105,0.4280154913264976,510
aquatic,276579,311345,0.06241737189647286,0.12045167875643953,0.3908043599349316,350
aquatic,276684,312686,0.007002801120448179,0.03995238095238087,0.13628117913832194,166.66666666666666
aquatic,276709,312734,0.19472316388198613,0.5463550175226989,1.5927865969714747,1766.6666666666665
aquatic,276909,312504,0.09379620947018383,0.2992131354221763,0.6646382402089501,750
aquatic,277025,312703,0.08403361344537816,0.4794285714285705,1.6353741496598635,2000
aquatic,277191,312744,0.20174500400160073,0.5348712175113679,2.125143239466329,2225
aquatic,277250,312214,0.07580458554527898,0.30362540632665497,0.5594973742830034,666.6666666666666
aquatic,277325,311749,0.10583879095574733,0.1993084924746275,0.743737579900755,666.6666666666666
aquatic,277339,314363,0.07672903716468535,0.14810290419649744,0.4925949804265679,463.99999999999994
aquatic,277345,312895,0.3372452562085151,0.7168396057751196,2.482702054579512,1999.9999999999998
aquatic,277442,309376,0.11202782797583302,0.21404477532080993,0.7638931251450938,733.3333333333334
aquatic,277507,311372,0.18515254681266818,0.35735612619139046,1.2095204661638594,1175
aquatic,277654,312877,0.2275549814319378,0.45498430199843676,1.724916718222748,1333.3333333333333
aquatic,277751,310627,0.10954457142857144,0.2301082285714283,0.8830612244897937,600
aquatic,277780,311727,0.08524628279964865,0.22813701256863114,0.4895684340364974,500
aquatic,277871,309530,0.0812063558059414,0.15889938119906222,0.7756556154930556,800
aquatic,277884,311832,0.1569122189552964,0.31833048754764803,1.2341036796628209,1000
aquatic,277896,311469,0.06085809523809524,0.12783790476190462,0.49058956916099655,333.3333333333333
aquatic,278043,312354,0.21561162559258026,0.5266817934569324,1.5352294005633853,1500
aquatic,278220,313464,0.032812334268696175,0.15820857356635432,0.4325195622749002,525
aquatic,278574,310876,0.22226146100706942,0.4185478341967178,1.5618489177915855,1400
aquatic,278714,311583,0.027246506475153948,0.07544008482019238,0.1954852431275638,200
aquatic,278725,311639,0.09525491186017261,0.17937764322716476,0.6693638219106796,600
aquatic,279120,312184,0.16209209344002692,0.30485585727771697,1.1361946865731705,1025
aquatic,279305,311208,0.10478135157243848,0.21319803345667382,0.8118287569634225,600
aquatic,279320,313475,0.034552757734903475,0.07577350012334061,0.2776337456255553,266.6666666666667
aquatic,279324,312174,0.10064526905345128,0.1958065333844585,0.4568911818286008,500
aquatic,279455,309963,0.052521008403361345,0.29964285714285654,1.0221088435374146,1250
aquatic,279584,309213,0.27246506475153953,0.7544008482019237,1.9548524312756377,2000
aquatic,279631,310116,0.07565575450044575,0.2195659620857664,0.588213386994779,520
aquatic,279663,311970,0.18201574018633007,0.45516582499505504,1.370648455503451,1200
aquatic,279774,314240,0.10084201295118908,0.1987031950762999,0.6419525134772754,714.2857142857143
aquatic,279806,313933,0.06992973016551987,0.28009443733633926,0.5161363277760705,615
aquatic,279838,310695,0.13711454015301397,0.3047382623916774,0.9696799758994984,1040
aquatic,279840,312196,0.22036465726917442,0.3354256726253828,1.0948976454171635,1250
aquatic,279846,310730,0.018193100530866955,0.0728700975183972,0.1342793698279208,160
aquatic,280087,311070,0.11996125704915761,0.4220498389175945,0.9190835838334817,1092
aquatic,280140,311237,0.07937909321681051,0.14948136935597062,0.5578031849255664,500
aquatic,280440,309386,0.09096550265433478,0.36435048759198596,0.6713968491396042,800
aquatic,280506,309233,0.04003850483962068,0.07223311348860377,0.25499212609242805,330
aquatic,280540,313051,0.05685343915895924,0.2277190547449912,0.4196230307122525,500
aquatic,280541,313061,0.3693167353516742,0.7370727481049567,2.280191326530612,2700
aquatic,280696,312670,0.01421335978973981,0.0569297636862478,0.10490575767806312,125
aquatic,280747,312994,0.16709295394963578,0.31369553512638065,1.1670771616562268,1062.5
aquatic,280779,312250,0.10780581279629013,0.2633408967284662,0.7676147002816927,750
aquatic,280858,312687,0.13853875708235674,0.2725327979273992,0.7822929808439337,700
aquatic,280956,314335,0.0658939837781541,0.12533905558840658,0.4424850417553992,396.5
aquatic,280957,313893,0.11689353971855232,0.3041158027792333,0.8320327980309837,840.5
aquatic,281095,310179,0.09692103133221541,0.24103368946075665,0.9169935065036652,1000
aquatic,281233,312355,0.26095707330049184,0.6009337538713234,1.4310500744313523,1375
aquatic,281236,312651,0.08231781303107025,0.24649522625044054,0.7857872704197855,728.5714285714287
aquatic,281238,309160,0.16283322903933,0.33138422161358216,1.200277149050576,900
aquatic,281246,314210,0.14789915966386558,0.30762857142857153,0.5612244897959183,500
aquatic,281413,312629,0.31751637286724205,0.5979254774238825,2.2312127397022654,2000
aquatic,281453,310469,0.15870020645408833,0.3520324562219765,1.0337071995464846,1060
aquatic,281484,310867,0.09625797206089118,0.1793880856012295,0.5240112323999367,600
aquatic,281580,309140,0.09886773421012232,0.20527591623682434,0.8851934523809515,750
aquatic,281605,309510,0.0635032745734484,0.11958509548477651,0.4462425479404531,400
aquatic,281805,310568,0.1389134131294184,0.2615923963729486,0.976155573619741,875
aquatic,281913,309889,0.06970284456568568,0.19152040091954398,0.6430386071229951,671.4285714285714
aquatic,281931,310370,0.1349444584685779,0.2541183279051501,0.9482654143734627,850
aquatic,282054,309269,0.1309766894655481,0.26649754182084223,1.014785946204278,750
aquatic,282139,313099,0.2834448611034891,0.6736195244262269,2.3479825761476047,2500
aquatic,282271,310330,0.08811150486534614,0.17783628941522184,0.6758079499136347,510
aquatic,282308,310074,0.2037522368537891,0.391174760689963,1.5244499072660986,1500
aquatic,282360,311823,0.07302971428571428,0.15340548571428556,0.588707482993196,400
aquatic,282488,309938,0.10480414407527171,0.25881789513283054,0.8225991622406778,874.9999999999999
aquatic,282546,311405,0.04564357142857143,0.09587842857142846,0.36794217687074743,250
aquatic,282768,311228,0.07347153915748868,0.16302721186132565,0.5484309681495293,461.53846153846155
aquatic,283088,313535,0.06595257330339753,0.16996590259063132,0.6123469820759156,625
aquatic,283188,311888,0.052919395477873665,0.09965424623731375,0.3718687899503775,333.3333333333333
aquatic,283216,314211,0.07925179271708684,0.1673574461538462,0.6749999999999999,565
aquatic,283217,314353,0.1248618445439779,0.3316566131519636,0.8935016094953685,900
aquatic,283220,309955,0.07937909321681051,0.14948136935597062,0.5578031849255664,500
aquatic,283265,312764,0.11170509244094931,0.34628801596811787,0.7918591099828847,960
aquatic,283266,313713,0.13086891116029237,0.354762939914763,0.9904574562294195,896.6666666666667
aquatic,283545,313196,0.11819396191770487,0.3282560152694175,0.837041961984768,1000
aquatic,283579,311758,0.13010170846668234,0.4287451532671587,0.8204166815059035,1000
aquatic,283641,310549,0.15875818643362102,0.29896273871194123,1.1156063698511327,1000
aquatic,283850,309244,0.03080166079894004,0.07524025620813321,0.2193184857947693,214.28571428571428
aquatic,283895,313021,0.10893498866420377,0.2571974388600693,0.9527441326614412,825
aquatic,284014,311209,0.11906863982521576,0.22422205403395598,0.8367047773883495,750
aquatic,284106,311868,0.2275549814319378,0.45498430199843676,1.724916718222748,1333.3333333333333
aquatic,284129,314043,0.030295779178337996,0.11711829479853465,0.5365260770975055,553.3333333333334
aquatic,284169,313350,0.06624154815439079,0.12011127297744725,0.4826441043195648,416.6666666666667
aquatic,284351,313491,0.07178460247200515,0.15297142735587171,0.5261750257752482,548.3333333333333
aquatic,284503,312543,0.052919395477873665,0.09965424623731375,0.3718687899503775,333.3333333333333
aquatic,284542,314354,0.10982416324482171,0.2153213869383882,1.0475991032929133,900
aquatic,284609,310019,0.028011204481792715,0.15980952380952348,0.5451247165532878,666.6666666666666
aquatic,284788,313913,0.07302876575946567,0.137522859807493,0.5131789301315209,460
aquatic,285024,314221,0.1035448412307627,0.2502005855675291,0.7141633447556188,739.9999999999999
aquatic,285149,310340,0.046542148715016454,0.17304600673475606,0.34837640954829385,416.66666666666663
aquatic,285379,311858,0.20507131092436975,0.4296197252747247,1.6761904761904727,1250
aquatic,285458,310166,0.05334275064169666,0.10045148020721227,0.3748437402699806,336
aquatic,285549,314241,0.20517596408426345,0.4094848600583093,1.2667729591836732,1500
aquatic,285563,309185,0.10898602590061579,0.3017603392807695,0.7819409725102552,800
aquatic,285578,310849,0.35399209981555557,0.670722785878693,2.4564168213349187,2266.6666666666665
aquatic,285634,311640,0.13678397605617562,0.2729899067055395,0.84451530612244885,1000
aquatic,285636,309366,0.039925170068027246,0.1009284821428572,0.37858724885302963,500
aquatic,285677,310378,0.08916076802689327,0.1967336748087422,0.730276953215683,638.3333333333333
aquatic,285726,312846,0.14300618604100773,0.5358485488988494,0.9995635217419654,1200
aquatic,285845,312060,0.18951146386319745,0.7590635158166374,1.3987434357075084,1666.6666666666667
aquatic,286002,312847,0.1945054514797983,0.4020154013075702,1.4237915762048476,1433.3333333333335
aquatic,286134,311249,0.1421335978973981,0.569297636862478,1.0490575767806314,1250
aquatic,286264,309254,0.044883589049069125,0.14756894379824062,0.2762281226967369,312.5
aquatic,286323,314315,0.06897935144468735,0.17663175654518948,0.5654520620748298,677.5
aquatic,286348,311555,0.035935270932096704,0.08778029890948874,0.25587156676056416,250
aquatic,286354,313207,0.10583879095574733,0.1993084924746275,0.743737579900755,666.6666666666666
aquatic,286504,312464,0.03457330843669294,0.11569790761228221,0.21274717146857453,240
aquatic,286547,310106,0.11461599910697433,0.33538324244615125,0.7716800497532044,916.6666666666667
aquatic,286562,311140,0.10217439928182731,0.2829003180757214,0.7330696617283641,750
aquatic,286565,313400,0.10328254826200955,0.2737196717492568,0.983507602572022,1013.3333333333333
aquatic,286840,312482,0.02228505339272565,0.0817994701474395,0.1604626602927885,191.66666666666666
aquatic,287395,311869,0.10960930498561328,0.2958812491793576,0.9336348381898861,1000
aquatic,287494,310037,0.21042499085027727,0.4213421403223702,1.7102244790245995,1375
aquatic,287509,312896,0.12187721674653992,0.2625982421662758,0.951034853763354,833.3333333333333
aquatic,287639,313697,0.05685343915895924,0.2277190547449912,0.4196230307122525,500
aquatic,287786,312642,0.08236667969547204,0.19957867940947568,0.5613205250573409,564
aquatic,287813,312205,0.13623253237576977,0.37720042410096183,0.9774262156378188,1000
aquatic,287908,314201,0.0781437358140081,0.1535036273362149,0.6734334158007177,581.9999999999999
aquatic,287951,313127,0.15875818643362102,0.29896273871194123,1.1156063698511327,1000
aquatic,287954,311259,0.0688671213231466,0.18599228920418026,0.49331911295935327,500
aquatic,288030,309485,0.10583879095574733,0.1993084924746275,0.743737579900755,666.6666666666666
aquatic,288031,313754,0.1103972169049057,0.2668574129720627,0.7112402338233775,718.3333333333334
aquatic,288073,314082,0.03640626450995247,0.06435285473827129,0.22482441860465122,273
aquatic,288603,314052,0.11761090797279919,0.3823522608541328,0.8532737183438016,930
aquatic,288650,312560,0.07190663591798621,0.16752795262763356,0.6097799629064394,600
aquatic,288811,313267,0.07748372617936548,0.14909636305317997,0.5203711379191571,516.6666666666666
aquatic,288922,311129,0.3968954660840525,0.7474068467798533,2.7890159246278317,2500
aquatic,288929,309973,0.0635032745734484,0.11958509548477651,0.4462425479404531,400
aquatic,288947,312600,0.039689546608405256,0.07474068467798531,0.2789015924627832,250
aquatic,288991,310914,0.13547390702751638,0.47624783822404343,1.1127579072386449,1250
aquatic,289013,311277,0.11906863982521576,0.22422205403395598,0.8367047773883495,750
aquatic,289070,312260,0.031970227518155425,0.0737760961002404,0.18803275097917957,227.27272727272728
aquatic,289074,310674,0.11797008660920404,0.28930420438059967,0.8620379377508822,950
aquatic,289142,312704,0.17042016806722687,0.8114314285714272,2.6214285714285706,3150
aquatic,289338,311944,0.14493997370485362,0.37049487390103186,1.031102583250476,899.9999999999999
aquatic,289339,311200,0.06655920423501227,0.18313091332656783,0.5210737020808186,440
aquatic,289352,311878,0.21998064783865925,0.5190312264988275,1.6152011441092387,1500
aquatic,289409,309503,0.03790229277263949,0.15181270316332748,0.2797486871415017,333.3333333333333
aquatic,289539,309693,0.06588015918350024,0.14587883560996323,0.5447670208634706,454.54545454545456
aquatic,289598,312514,0.0748636974789916,0.20774266666666635,0.7631519274376404,666.6666666666666
aquatic,289638,312454,0.09948612223865737,0.19958704182084241,0.6031788033471365,500
aquatic,289639,312630,0.23200645574134415,0.4999888372341087,1.5164000206447836,1500
aquatic,289640,311484,0.18070248843473893,0.40705115914129386,1.5068895073383954,1333.3333333333333
aquatic,289655,309387,0.0741400933773057,0.2855680085511323,0.5259966164465398,620
aquatic,289760,311327,0.05762218072782156,0.19282984602047037,0.3545786191142908,400
aquatic,289771,311599,0.04704330971876846,0.10494527091042115,0.3961153370477177,343.75
aquatic,289787,313160,0.17066623607395337,0.3412382264988275,1.2936875386670612,1000
aquatic,289794,311316,0.09543951947427001,0.17046457358877484,0.7049800556738653,600
aquatic,289815,311384,0.1133987045954436,0.21354481336567233,0.7968616927508091,714.2857142857143
aquatic,289834,309317,0.14786268679440026,0.29807553195159936,0.9268857967530977,749.9999999999999
aquatic,289845,311485,0.1468701688470626,0.2877994023230033,1.1710684910480151,1250
aquatic,289848,309141,0.13772145788235926,0.2604153298789987,0.950250206168461,851.6666666666667
aquatic,289850,311517,0.15918962964508585,0.6376133532859755,1.1749444859943072,1400
aquatic,289906,313151,0.1545386218487395,0.32232025054945,1.2919047619047597,1100
aquatic,290162,313392,0.10388985295965186,0.29641270727081787,0.7604092325463269,756.6666666666666
aquatic,290169,310272,0.071107479367729,0.20134843770616712,0.5546435445377987,480
aquatic,290218,311556,0.07380161010378081,0.21137211752498003,0.5306754108901347,550
aquatic,290311,310067,0.08972232706146596,0.22505732592633207,0.7851836992474295,833.3333333333333
aquatic,290391,312023,0.05674557835609303,0.14305640110148266,0.40478850167645897,400
aquatic,290468,311179,0.06819136845714475,0.1715540648977653,0.6468607761362524,700
aquatic,290522,313914,0.2645969773893684,0.4982712311865688,1.859343949751888,1666.6666666666667
aquatic,290531,310008,0.19708215474279073,0.43922918755743845,1.2330643102090133,1325
aquatic,290534,313393,0.06945848117576596,0.2996333404592768,0.664929153161232,800
aquatic,290558,310419,0.30832346262311594,0.5944807778655837,2.0616045403365253,2066.666666666667
aquatic,290586,311859,0.1376736974789916,0.3491682857142853,1.1752040816326512,1000
aquatic,290634,309463,0.054493012950307895,0.15088016964038475,0.3909704862551276,400
aquatic,290720,312367,0.15875818643362102,0.29896273871194123,1.1156063698511327,1000
aquatic,290900,314290,0.05084645840864518,0.09794620260114778,0.34067568916804764,340
aquatic,290908,314242,0.15563255615837743,0.3066580147205701,1.1242422959183658,1006.8
aquatic,290915,312726,0.10850899035652856,0.3197027626611365,0.9269082029930471,1025
aquatic,290951,310967,0.04721577273796111,0.12173213063302588,0.33725873832395925,336
aquatic,290971,309520,0.04776223675023053,0.17232127459189892,0.31716365312789624,366.66666666666663
aquatic,290972,312927,0.06791741228459636,0.13039158689665434,0.5081499690886995,500
aquatic,290981,311545,0.03977003828380109,0.19500443092298972,0.5473191375500092,665
aquatic,290984,312475,0.089883294897482785,0.20940994078454192,0.7622249536330493,750
aquatic,290989,309907,0.17556490912269665,0.39484845299765536,1.4426811997831053,1400
aquatic,291005,314326,0.057052049420504077,0.190031290102103,0.39798082999864454,473.3333333333333
aquatic,291010,313432,0.07588160792646623,0.2688690657340022,0.7257454796918443,750
aquatic,291121,311169,0.08528015873843886,0.3415785821174868,0.6294345460683788,750
aquatic,291380,312493,0.04015499863126201,0.1077354048852453,0.38665868893621286,400
aquatic,291381,310273,0.21908914285714287,0.4602164571428566,1.7661224489795875,1200
aquatic,291395,310569,0.2778268262588368,0.5231847927458972,1.952311147239482,1750
aquatic,291458,313002,0.16890756302521012,0.42748571428571414,0.9700680272108841,1000
aquatic,291480,311082,0.1270065491468968,0.23917019096955303,0.8924850958809062,800
aquatic,291487,309388,0.1056116042168997,0.2822298065434984,0.7077399260714711,716.6666666666666
aquatic,291516,311071,0.1481938037404046,0.3609296275436222,1.1576963778670795,1175
aquatic,291523,310558,0.2778268262588368,0.5231847927458972,1.952311147239482,1750
aquatic,291526,310274,0.09128714285714286,0.19175685714285692,0.7358843537414949,500
aquatic,291762,313774,0.11922637081756796,0.18476622670198073,0.6739320198413975,714.2857142857143
aquatic,291886,311063,0.060232497946893025,0.16160310732786798,0.5799880334043193,600
aquatic,292093,312175,0.13738564472906323,0.3248666110141805,0.8798595982408763,850
aquatic,292188,312671,0.021680459407561782,0.07681973306685778,0.20735585134052698,214.28571428571428
aquatic,292581,310459,0.1597525,0.3355744999999996,1.287797619047616,875
aquatic,292709,312106,0.16669688619384257,0.32714639723653216,1.2343271490617516,1000
aquatic,292732,314222,0.13310102182475025,0.3034456672902713,0.9214547823125928,923.3333333333333
aquatic,292735,314103,0.030558071835650714,0.11260055938289892,0.20729724020806872,241.2
aquatic,292736,313944,0.14955009418431026,0.4007780609388499,1.1746065878351062,970
aquatic,292737,313465,0.05953431991260788,0.11211102701697799,0.41835238869417474,375
aquatic,292762,310577,0.07868718526386745,0.17386398687578727,0.687745129877749,750
aquatic,292785,313853,0.05964917366946779,0.1757831904761902,0.6405045351473913,583.3333333333333
aquatic,292957,312677,0.43232613854597224,0.8449425521230203,2.8046369820960306,3000
aquatic,292958,311335,0.32061938635295384,0.8178902788056157,2.9495933828584633,3000
aquatic,293051,310825,0.2053304086583588,0.48029198611414536,1.4779023668154982,1316.6666666666665
aquatic,293169,311768,0.052919395477873665,0.09965424623731375,0.3718687899503775,333.3333333333333
aquatic,293190,312751,0.13623253237576977,0.37720042410096183,0.9774262156378188,1000
aquatic,293211,312116,0.05152568646305386,0.15327921583424353,0.47058329507866337,500
aquatic,293244,312405,0.3184594771407433,0.9907857356635452,1.8200935819326758,2000
aquatic,293247,313208,0.14374108372838681,0.35112119563795496,1.0234862670422566,1000
aquatic,293290,310656,0.059892763865042914,0.2021759056655745,0.47494939511516576,571.4285714285714
aquatic,293327,314355,0.19527256931335385,0.36772416861568774,1.372195834916893,1230
aquatic,293428,313974,0.05592503224470739,0.11044906202810251,0.39274712431036224,320
aquatic,293630,312631,0.039689546608405256,0.07474068467798531,0.2789015924627832,250
aquatic,293748,310559,0.11113073050353471,0.2092739170983589,0.7809244588957928,700
aquatic,293828,311841,0.13623253237576977,0.37720042410096183,0.9774262156378188,1000
aquatic,293988,311759,0.12320600329825127,0.4354035880783244,0.7796488482681907,1000
aquatic,294144,310460,0.09338469545770686,0.22938613126073237,0.8303655432022102,833.3333333333333
aquatic,294195,314316,0.1559337327040402,0.3112084936443151,0.9627474489795916,1140
aquatic,294358,312705,0.03851540616246499,0.2197380952380948,0.7495464852607707,916.6666666666666
aquatic,294513,312887,0.2606056760127483,0.6188938154349541,1.9440729379783512,2000
aquatic,294557,313688,0.009103641456582632,0.05193809523809513,0.1771655328798185,216.66666666666666
aquatic,294633,313394,0.043216635545866175,0.14462238451535275,0.2659339643357181,300
aquatic,294698,312222,0.02100840336134454,0.11985714285714262,0.4088435374149659,500
aquatic,294923,314376,0.02957983193277311,0.0615257142857143,0.11224489795918367,100
aquatic,294994,312848,0.3826524659362615,1.1947019307374365,2.7030414277376624,2800
aquatic,294995,313339,0.09178242004127429,0.2500363097721627,0.8938265306122444,1000
aquatic,295010,314162,0.07477430517161712,0.25678441135340263,0.47233497687822135,537.5
aquatic,295065,310984,0.08315035500044621,0.2542729343955241,0.5812686781318654,620
aquatic,295205,312387,0.07937909321681051,0.14948136935597062,0.5578031849255664,500
aquatic,295207,309289,0.028534080298786194,0.07014666666666672,0.2676870748299319,366.66666666666663
aquatic,295272,313556,0.1270065491468968,0.23917019096955303,0.8924850958809062,800
aquatic,295387,312465,0.02842671957947962,0.1138595273724956,0.20981151535612624,250
aquatic,295405,311434,0.07937909321681051,0.14948136935597062,0.5578031849255664,500
aquatic,295414,311041,0.06428506666865388,0.17402215113676817,0.5042887808523284,420
aquatic,295417,310614,0.10793366998767759,0.22707052022998755,0.8706443001544584,783.3333333333333
aquatic,295467,311435,0.1369307142857143,0.2876352857142854,1.1038265306122423,750
aquatic,295488,312176,0.48782901076335294,1.08452865004199,3.3889623789214243,3000
aquatic,295596,310321,0.12347677394291048,0.30151657716306657,1.1647089947089935,983.3333333333333
aquatic,295927,310009,0.06692499771877003,0.17955900814207548,0.6444311482270213,666.6666666666666
aquatic,296294,312013,0.23813727965043152,0.44844410806791196,1.673409554776699,1500
aquatic,296592,310771,0.4223585540616247,1.0192543958620683,2.8736269841269806,2590
aquatic,296637,309744,0.027475225109574522,0.11474369369619652,0.3929574434424931,480
aquatic,296719,310578,0.09526998897694314,0.18838473843873083,0.7806699010592535,860
aquatic,296761,312580,0.024416089769241037,0.06700869950738916,0.13359788359788366,166.66666666666666
aquatic,296881,314345,0.10848005820243974,0.25187152508952065,0.7355879650475111,741.5
aquatic,296923,310599,0.04015499863126201,0.1077354048852453,0.38665868893621286,400
aquatic,297020,309809,0.1424489552457173,0.2852957240562049,1.0573990105254858,820
aquatic,297022,311130,0.18521788417255786,0.3487898618305982,1.3015407648263213,1166.6666666666667
aquatic,297023,309681,0.08686258162241085,0.17477559346919402,0.7813590754559798,625
aquatic,297071,314004,0.017916995326080085,0.03374008051177623,0.12590414745462783,112.85714285714286
aquatic,297117,311141,0.08314557114643019,0.273446680451975,0.6088349478561912,728.5714285714286
aquatic,297126,312688,0.07608515802137997,0.18121962871943725,0.5435278416894418,540
aquatic,297166,310303,0.04873151927910792,0.19518776120999246,0.35967688346764504,428.57142857142856
aquatic,297355,312096,0.15875818643362102,0.29896273871194123,1.1156063698511327,1000
aquatic,297810,312523,0.019028168767506994,0.041150010989011,0.30612244897959184,250
aquatic,297819,310850,0.04418302210048802,0.20375238451535257,0.5164441684173506,625
aquatic,297913,309270,0.13027420915860694,0.43379060409550857,1.0382780834833447,1250
aquatic,297914,310787,0.05318776173445568,0.10240429127139183,0.40155465368727294,400
aquatic,297939,310628,0.10432816326530613,0.21915069387755076,0.84101068999028,571.4285714285714
aquatic,297985,310788,0.06436199051157632,0.20163982628198435,0.4656830821166904,500
aquatic,298016,309588,0.15875818643362102,0.29896273871194123,1.1156063698511327,1000
aquatic,298108,311769,0.0635032745734484,0.11958509548477651,0.4462425479404531,400
aquatic,298116,313641,0.07548536632883397,0.2977967677480355,0.674138504231666,795
aquatic,298117,310859,0.01000172101921771,0.017679355697327277,0.06176495016611296,75
aquatic,298118,313576,0.11910107454482531,0.23751031088031138,0.9354939482373488,800.0000000000001
aquatic,298126,310125,0.1881792195794796,0.4494340273724952,1.497609134403742,1125
aquatic,298375,310314,0.13362775571361873,0.25537992808736976,0.9853462276032757,950
aquatic,298391,311364,0.23505705594566592,0.49304163819241936,1.8819366496598595,1300
aquatic,298396,313854,0.04577082866479924,0.19821620073260043,0.8308390022675735,899.9999999999999
aquatic,298665,313092,0.5477228571428572,1.1505411428571417,4.415306122448969,3000
aquatic,298945,310075,0.07580458554527898,0.30362540632665497,0.5594973742830034,666.6666666666666
aquatic,299052,312660,0.07937909321681051,0.14948136935597062,0.5578031849255664,500
aquatic,299097,312888,0.09545258625412117,0.237168393371421,0.6691927496998669,800
aquatic,299195,310430,0.061552789225279035,0.12284545801749279,0.380031887755102,450
aquatic,299206,310579,0.08517134610358428,0.23744334981387974,0.765562694983076,866.6666666666665
aquatic,299224,309408,0.11877048670276721,0.3379140040488803,0.9933042874649687,1000
aquatic,299489,312156,0.10935536748694959,0.37828359081714213,0.7087630563558369,840
aquatic,299631,310076,0.11370687831791848,0.4554381094899824,0.839246061424505,1000
aquatic,299949,311575,0.10001813171630554,0.1962878383419193,0.740596289437051,600
aquatic,300098,310675,0.08511973880360756,0.22821301503789138,0.6253621105942213,750
aquatic,300103,311897,0.06638523582992374,0.11673293234815804,0.4551805293934248,500
aquatic,300217,314232,0.06302521008403361,0.3595714285714279,1.2265306122448976,1500
aquatic,300351,312948,0.09232918383791855,0.18426818702623918,0.570047831632653,675
aquatic,300377,309197,0.12046499589378605,0.32320621465573596,1.1599760668086385,1200
aquatic,300378,312185,0.09813189942643724,0.23656025615763548,0.4542705971277401,500
aquatic,300380,310834,0.1430059326523182,0.3528121931804133,1.0379029562441893,1033.3333333333335
aquatic,300673,313650,0.07581541310747777,0.1693243495436115,0.5924574211594213,610
aquatic,300777,309110,0.12171619047619048,0.25567580952380925,0.9811791383219931,666.6666666666666
aquatic,301285,312337,0.04822270988749796,0.11595241873310944,0.39682982154335905,428.57142857142856
aquatic,301464,313536,0.06532165743805418,0.2902059743347733,0.6851531494730948,826.6666666666667
aquatic,301507,312857,0.07208481844957695,0.2456248824736723,0.4667857241785388,566.6666666666666
aquatic,301537,313824,0.028011204481792715,0.15980952380952348,0.5451247165532878,666.6666666666666
aquatic,301557,313384,0.045524716586501576,0.14798326571068804,0.3153759286214324,375
aquatic,301609,312186,0.126260965273316,0.26147895141726574,0.6897310552127819,550
aquatic,301632,311170,0.20424093776078842,0.4811379825079342,1.4513047944209347,1400
aquatic,301685,312494,0.089883294897482785,0.20940994078454192,0.7622249536330493,750
aquatic,301771,312838,0.10954457142857144,0.2301082285714283,0.8830612244897937,600
aquatic,301970,313725,0.06707533376820489,0.12631175710579517,0.47134369126210357,422.5
aquatic,302240,313354,0.3968954660840525,0.7474068467798533,2.7890159246278317,2500
aquatic,302243,310135,0.1309766894655481,0.26649754182084223,1.014785946204278,750
aquatic,302411,312310,0.08528015873843886,0.3415785821174868,0.6294345460683788,750
aquatic,302422,311121,0.11370687831791848,0.4554381094899824,0.839246061424505,1000
aquatic,302455,310530,0.17860295973782364,0.33633308105093396,1.2550571660825243,1125
aquatic,302460,314346,0.07276829191728862,0.26698083945514356,0.5022846631241299,589.3333333333334
aquatic,302476,310047,0.1611338689869599,0.33520163533177044,1.1829550033042249,1200
aquatic,302485,309540,0.12035671373240764,0.34730415022976774,0.8658655786527056,900
aquatic,302489,313476,0.04931508631660292,0.1269110062878407,0.4364427837089623,475
aquatic,302520,310985,0.11726221128772649,0.328382485619083,0.8437351573363908,887.5
aquatic,302553,311824,0.36514857142857143,0.7670274285714277,2.9435374149659794,2000
aquatic,302556,309367,0.04470019569471617,0.1281760481049562,0.4155505952380951,500
aquatic,302569,312436,0.14222186339496115,0.28436518874902295,1.0780729488892176,833.3333333333334
aquatic,302573,309797,0.15875818643362102,0.29896273871194123,1.1156063698511327,1000
aquatic,302649,309761,0.05383339623687958,0.13503439555579927,0.4711102195484578,500
aquatic,302658,314336,0.019812429981983463,0.049396526584380616,0.17187300115068826,182.85714285714286
aquatic,302687,309589,0.2778268262588368,0.5231847927458972,1.952311147239482,1750
aquatic,302993,309300,0.045150570068732354,0.11737224888238332,0.28644839064414856,287.5
aquatic,303123,310637,0.16456393678801715,0.36319082549209625,1.1619757350486182,1100
aquatic,303193,312406,0.15918962964508585,0.6376133532859755,1.1749444859943072,1400
aquatic,303195,312752,0.29499071880939076,0.6761631628129032,2.0930325854889515,2000
aquatic,303233,312301,0.05175356704775891,0.13945014502999095,0.4278495548724702,416.66666666666663
aquatic,303249,309789,0.17976658979496557,0.41881988156908384,1.5244499072660986,1500
aquatic,303348,311546,0.06833134039168712,0.2157316555442798,0.5250434717219999,500
aquatic,303543,313843,0.0756832330602664,0.14700179394438753,0.48416622501317913,480
aquatic,303671,312591,0.053902906398145066,0.1316704483642331,0.3838073501408463,375
aquatic,303717,312097,0.15875818643362102,0.29896273871194123,1.1156063698511327,1000
aquatic,303873,310995,0.16060426257459495,0.20983204232804234,1.4717687074829897,1000
aquatic,303884,314212,0.13755603478319894,0.26267562546252743,0.9068578386128393,812.5
aquatic,304113,311710,0.09692383647971965,0.2398880553546704,0.7077732073435623,620
aquatic,304692,310615,0.09058521887731283,0.20058339896369942,0.7490546536872721,625
aquatic,304749,309234,0.04634350265244444,0.08575060961105276,0.26752592711283624,332.5
aquatic,304959,309214,0.0856377499584294,0.2899106486812383,0.722357113506015,800
aquatic,305073,310264,0.09232918383791855,0.18426818702623918,0.570047831632653,675
aquatic,305078,309625,0.12693935435733633,0.2945629960485023,1.0219168866965858,980
aquatic,305312,313963,0.05357511014766146,0.1678584466706037,0.36736655175401767,436.6666666666667
aquatic,305594,310877,0.7408715366902314,1.3951594473223927,5.206163059305285,4666.666666666667
aquatic,305861,309318,0.14023718845490574,0.27731927411787527,1.048392754086563,833.3333333333333
aquatic,305862,312166,0.13277047165984748,0.23346586469631608,0.9103610587868496,1000
aquatic,306003,313884,0.04223309225158872,0.12998868360353588,0.28819264340735,342.5
aquatic,306016,313492,0.05933664285714285,0.12464195714285699,0.4783248299319716,325
aquatic,306037,310126,0.10780581279629013,0.2633408967284662,0.7676147002816927,750
aquatic,306043,309348,0.07827439724748339,0.2205394927113702,0.7843395691609976,1000
aquatic,306094,310156,0.3515205298119248,0.7769294095111774,2.8170181405895667,2975
aquatic,306154,309121,0.08589205564903353,0.3580677997185359,0.9020550035013678,1050
aquatic,306575,309570,0.13080301899089203,0.381533340459277,0.7002352756102117,750
aquatic,306909,311917,0.1326580247042382,0.5313444610716462,0.979120404995256,1166.6666666666667
aquatic,306913,312868,0.032456413823667256,0.16766701523055783,0.5725758055160046,700
aquatic,306924,310723,0.3155277706664586,0.6801094940079336,2.3660442583322894,2125
aquatic,306934,310281,0.06251133232269097,0.12267989896369955,0.4628726808981569,375
aquatic,306959,313355,0.1360784455145323,0.2562537760388068,0.9562340313009707,857.1428571428571
aquatic,306999,314083,0.051472667293553945,0.19463420093885012,0.35842801640653676,420.25
aquatic,307062,314092,0.25864766206880335,0.5642880292335122,1.830407657447427,1720
aquatic,307161,313668,0.20108104156179213,0.39406981588387574,1.2963358859121574,1405
aquatic,307215,313651,0.11160406385861123,0.2500780699539584,0.7426100299902489,703.3333333333334
aquatic,307342,313259,0.07380161010378081,0.21137211752498003,0.5306754108901347,550
aquatic,307346,309927,0.060229178082191734,0.14936965111758976,0.5223285147392284,500
aquatic,307366,313954,0.11160313326470322,0.2940252135236955,0.9056154169617009,920
aquatic,307432,310986,0.16099727829084012,0.3422064405950761,1.1670435477373577,1250
aquatic,307866,312206,0.10898602590061579,0.3017603392807695,0.7819409725102552,800
aquatic,307888,309427,0.08403361344537816,0.4794285714285705,1.6353741496598635,2000
aquatic,307939,311289,0.06855256025968968,0.1718756680686666,0.46396608029957653,475
aquatic,307948,310136,0.07607261904761906,0.15979738095238075,0.6132369614512456,416.6666666666667
aquatic,307955,309898,0.21561162559258026,0.5266817934569324,1.5352294005633853,1500
aquatic,308123,309548,0.09840726198431751,0.19063138034498162,0.8639256339051582,750
aquatic,308213,314073,0.11260636585602937,0.27996804918849827,0.7471442425998779,797.6666666666666
aquatic,308386,310096,0.05198028723104845,0.20820027862399196,0.3836553423654881,457.14285714285717
aquatic,308399,310077,0.05685343915895924,0.2277190547449912,0.4196230307122525,500
aquatic,308522,313031,0.2317615589235242,0.6140255206390439,1.8772211062424558,1800
aquatic,308652,312144,0.052919395477873665,0.09965424623731375,0.3718687899503775,333.3333333333333
aquatic,308731,311100,0.04676957408891874,0.12668339048654664,0.3350885164011247,340
aquatic,308736,313340,0.1551660392280916,0.301357751280169,1.0081220624765868,1025
aquatic,308773,312377,0.17759624183006528,0.3840667692307694,2.857142857142857,2333.3333333333335
aquatic,308784,313022,0.12676969614207584,0.34571368889136966,1.5490996907975958,1500
aquatic,308806,310510,0.16406269024538384,0.3164340760119777,1.2455483148033153,1250
aquatic,308884,311600,0.07947097622229843,0.1662781477423882,0.655638280772947,600
aquatic,308917,310705,0.04737786596579936,0.18976587895415936,0.3496858589268771,416.6666666666667
aquatic,308972,309798,0.08923903719440154,0.16998994078454205,0.595218150911961,533.3333333333334
aquatic,309013,309687,0.012605042016806721,0.475714285714286,0.941326530612245,1500
aquatic,309021,311317,0.1727637886745174,0.378867500616703,1.3881687281277766,1333.3333333333333
aquatic,309057,309829,0.032797154061624645,0.16718896703296693,0.4817460317460316,666.6666666666666
aquatic,309065,309504,0.034112063495375544,0.13663143284699472,0.2517738184273515,300
aquatic,309576,311700,0.04425770308123251,0.09828571428571427,0.8235326688815061,1000
aquatic,310065,311042,0.15021138646478024,0.300289571869616,1.119401561545894,900
aquatic,310484,309817,0.08785933059585735,0.1722571095507106,0.8380792826343306,720
aquatic,310510,312311,0.03790229277263949,0.15181270316332748,0.2797486871415017,333.3333333333333
aquatic,310592,314141,0.06372006225153715,0.26885098093885,0.615541961984768,736.2
aquatic,310645,310814,0.08465275394058124,0.20429658384991323,0.602342315365411,586
aquatic,310735,309672,0.05999206722689075,0.12294936263736235,0.5451247165532878,666.6666666666666
aquatic,310943,310180,0.1508328413759154,0.29152051445264926,1.1525811173157208,1166.6666666666665
aquatic,310964,309476,0.02766106442577032,0.061428571428571416,0.5147079180509414,625
aquatic,310990,312136,0.16246020715102366,0.32559611250919923,1.0589722148730307,857.1428571428571
aquatic,310997,309790,0.27445692136695943,0.5187798026151402,1.8967589157382825,1700
aquatic,311026,310470,0.1887457249529946,0.40740371441439654,1.1365209750566894,1360
aquatic,311125,311470,0.0432375462184874,0.09457245714285709,0.3772517006802715,320
aquatic,311133,310181,0.09129223933131982,0.17565653109751875,0.6878511956429737,683.3333333333333
aquatic,311196,312033,0.11370687831791848,0.4554381094899824,0.839246061424505,1000
aquatic,311222,313128,0.08604690722962231,0.16126760648752214,0.5989798183696416,550
aquatic,311236,309983,0.22715017446170882,0.43545769206471097,1.5378640229123572,1500
aquatic,311428,312107,0.15875818643362102,0.29896273871194123,1.1156063698511327,1000
aquatic,311494,312678,0.15779237941752017,0.3928470495626821,1.2533588435374148,1500
aquatic,311559,314202,0.1045446801902907,0.28037415557218553,0.755736391177088,748
aquatic,311676,313624,0.12793931192141894,0.374399206755147,1.0154617301918187,1066.6666666666667
aquatic,311689,312320,0.04827149288368225,0.15122986971148827,0.34926231158751786,375
aquatic,311773,309715,0.15875818643362102,0.29896273871194123,1.1156063698511327,1000
aquatic,311817,312108,0.17066623607395337,0.3412382264988275,1.2936875386670612,1000
aquatic,311851,309799,0.04548275132716739,0.18217524379599298,0.3356984245698021,400
aquatic,312078,314300,0.15875818643362102,0.29896273871194123,1.1156063698511327,1000
aquatic,312084,313003,0.08093059995966638,0.25946377004683724,0.9169935065036652,1000
aquatic,312085,310010,0.05992219659832185,0.13960662718969463,0.5081499690886995,500
aquatic,312090,314192,0.08116438827115624,0.2011059097439909,0.5783923563901179,568
aquatic,312095,311933,0.01680672268907563,0.0958857142857141,0.3270748299319726,400
aquatic,312236,312145,0.12433799538668683,0.26472721503149377,0.809670802127486,812.5
aquatic,312249,313605,0.1329742832213275,0.24214833085953436,0.9897437297565614,850
aquatic,312356,313537,0.08450012367393266,0.26208514749043255,0.610949096707379,653.3333333333334
aquatic,312498,313984,0.10542768207891628,0.20425316067428093,0.6769338744710652,660
aquatic,312516,311180,0.04015499863126201,0.1077354048852453,0.38665868893621286,400
aquatic,312542,311336,0.11370687831791848,0.4554381094899824,0.839246061424505,1000
aquatic,312799,309290,0.03970765982817706,0.12416986368330486,0.21601549053356295,300
aquatic,312915,311728,0.19906925485101395,0.42983401211481276,1.506035187887997,1400
aquatic,312965,310440,0.045774411419362206,0.09216006966808699,0.32629712301587294,391.66666666666663
aquatic,313015,311278,0.11906863982521576,0.22422205403395598,0.8367047773883495,750
aquatic,313113,309464,0.0775830196140458,0.1506788756400845,0.5040610312382934,512.5
aquatic,313120,309644,0.06819780514945693,0.16417436588921294,0.6134460034013606,750
aquatic,313282,312426,0.0709655503754012,0.1458633168871945,0.6896683673469386,666.6666666666666
aquatic,313319,311355,0.018674136321195155,0.04963809523809527,0.23027210884353738,333.3333333333333
aquatic,313500,310379,0.13384619405714665,0.295699797927399,1.0974596475105995,960
aquatic,313593,309111,0.028475401836286388,0.044791730848184254,0.18803086605935102,266.6666666666667
aquatic,313626,312290,0.015756302521008403,0.08989285714285697,0.3066326530612244,375
aquatic,313959,309319,0.11450672999664151,0.22590297866532957,0.7221959261091406,700
aquatic,314110,311536,0.12172089173109717,0.2329577226839742,0.9016757498644409,875
aquatic,314143,309291,0.022184873949579832,0.04614428571428573,0.08418367346938775,75
aquatic,314174,309338,0.03790229277263949,0.15181270316332748,0.2797486871415017,333.3333333333333
aquatic,314297,313356,0.23381526055807983,0.6502885128611435,2.226072008367842,2475
aquatic,314355,309465,0.027356795211235126,0.05459798134110791,0.16890306122448978,200
aquatic,314517,309878,0.15875818643362102,0.29896273871194123,1.1156063698511327,1000
aquatic,314525,313934,0.03789599074817282,0.11191029682380965,0.30604942024475107,295.33333333333337
aquatic,314865,310380,0.09681606800672649,0.248962797927399,0.897143320979988,915
aquatic,314876,313023,0.3054801049807889,0.8616976695747915,2.246011548553848,2564
aquatic,314878,313042,0.1309766894655481,0.26649754182084223,1.014785946204278,750
aquatic,314909,313129,0.15875818643362102,0.29896273871194123,1.1156063698511327,1000
aquatic,314916,310182,0.0751505672841708,0.14451139472750757,0.565155708112394,560
aquatic,314917,310742,0.2818637648841791,0.5446536547469268,1.8756701453613367,1900
aquatic,314940,312918,0.1349821512605042,0.27663606593406526,1.2265306122448976,1500
aquatic,314941,310183,0.1198443931966437,0.27921325437938926,1.016299938177399,1000
aquatic,314957,312878,0.47837260504201684,0.9987708571428568,2.5942176870748264,2000
aquatic,314975,312905,0.17090777547947753,0.35162187546252743,1.2484711118291025,1250
aquatic,314993,313130,0.09082168825051315,0.25146694940064124,0.6516174770918792,666.6666666666666
aquatic,315054,312906,0.30188446494502563,0.6181194172833697,2.2632570580333806,2000
aquatic,315055,312938,0.11370687831791848,0.4554381094899824,0.839246061424505,1000
aquatic,315098,312907,0.5000906585815278,0.9814391917095964,3.7029814471852553,3000
aquatic,315114,311072,0.10601282694827335,0.25134614622828033,0.7535788605144051,728.5714285714287
aquatic,315115,310498,0.06889407209283716,0.16155701874952616,0.5200997732426303,640
aquatic,315148,313004,0.16936719405714665,0.3339054133120141,1.375490259755498,1500
aquatic,315178,313186,0.175922078984175,0.4519411087789472,1.256327808100602,1250
aquatic,315200,310657,0.02842671957947962,0.1138595273724956,0.20981151535612624,250
aquatic,315214,312966,0.055075751904304686,0.10805381276764633,0.39682982154335905,428.57142857142856
aquatic,315223,310304,0.38145109065215527,1.0561611874826933,2.7367934037858928,2800
aquatic,315228,310283,0.053743774532534094,0.12591990144864457,0.46657933563470944,404.28571428571433
aquatic,315259,312928,0.10780581279629013,0.2633408967284662,0.7676147002816927,750
aquatic,315266,312753,0.0906132913979689,0.2347062230394918,0.6931348765263923,750
aquatic,315274,310020,0.0629916705882353,0.12909683076923045,0.5723809523809521,700
aquatic,315300,313052,0.20467238097225324,0.8197885970819685,1.510642910564109,1800
aquatic,315307,310204,0.21142147642047415,0.42761917226955903,1.2997568471798284,1150
aquatic,315313,313197,0.09088901323817185,0.18260096434178064,0.6266794217687074,750
aquatic,315314,310322,0.09937950444725654,0.2500463556761373,0.8195839724223641,812.4
aquatic,315323,312754,0.07937909321681051,0.14948136935597062,0.5578031849255664,500
aquatic,315334,312829,0.19538232108748257,0.39947578797302497,1.3160031952479583,1250
aquatic,315345,313141,0.19050982372034522,0.3587552864543295,1.3387276438213591,1200
aquatic,315367,313033,0.19898703705635734,0.7970166916074692,1.4686806074928838,1750
aquatic,315368,312858,0.3754440849938167,1.3744880007069922,2.5753016585299235,3100
aquatic,315393,313062,0.1846583676758371,0.36853637405247835,1.140095663265306,1350
aquatic,315399,313072,0.22063062324929972,0.46581373626373584,2.0840136054421734,1500
aquatic,315409,312897,0.5239067578621924,1.065990167283369,4.059143784817112,3000
aquatic,315412,312908,0.5239067578621924,1.065990167283369,4.059143784817112,3000
aquatic,315421,313015,0.2699643025210084,0.5532721318681305,2.453061224489795,3000
aquatic,315429,313226,0.23857481712685075,0.529668966729821,1.9560090702947843,2400
aquatic,315439,310184,0.08921416052783016,0.1722776794722175,0.6798674264632907,685.7142857142858
aquatic,315481,312830,0.15875818643362102,0.29896273871194123,1.1156063698511327,1000
aquatic,315487,310185,0.1198443931966437,0.27921325437938926,1.016299938177399,1000
aquatic,315496,310284,0.06826649442958134,0.13649529059953103,0.5174750154668245,400
aquatic,315501,313111,0.14023718845490574,0.27731927411787527,1.048392754086563,833.3333333333333
aquatic,315514,313218,0.3183792592901717,1.275226706571951,2.3498889719886145,2800
aquatic,315538,310038,0.08672278571428571,0.1821690142857141,0.69909013605442,475
aquatic,315554,309645,0.11370687831791848,0.4554381094899824,0.839246061424505,1000
aquatic,315641,312117,0.17066623607395337,0.3412382264988275,1.2936875386670612,1000
aquatic,315827,310886,0.3614653344518759,0.718541136537183,2.471688930178456,2300
aquatic,315842,309377,0.0836721899838323,0.2159799498280257,0.45113492657061527,492
aquatic,315845,310968,0.03790229277263949,0.15181270316332748,0.2797486871415017,333.3333333333333
aquatic,315850,309329,0.1077367104292995,0.2616264553546705,0.5930113025816581,580
aquatic,315884,311918,0.15160917109055796,0.6072508126533099,1.1189947485660068,1333.3333333333333
aquatic,315918,312572,0.052919395477873665,0.09965424623731375,0.3718687899503775,333.3333333333333
aquatic,315977,310616,0.2611668911462204,0.5681317703922707,1.7183573747757062,1400
aquatic,315978,312898,0.2256024380547457,0.4920078003904531,1.5942827767622996,1375
aquatic,316013,312544,0.14777108124489832,0.2859763227087404,0.9800608379867908,1000
aquatic,316061,313366,0.13331143775440224,0.3711025769637323,0.9900492019376859,945
aquatic,316095,312534,0.07580458554527898,0.30362540632665497,0.5594973742830034,666.6666666666666
aquatic,316125,310607,0.17463400507698312,0.32885901258313543,1.2271670068362457,1100
aquatic,316183,309779,0.13621180093797308,0.30995948254008865,1.1776553545762267,1100
aquatic,316214,313271,0.31751637286724205,0.5979254774238825,2.2312127397022654,2000
aquatic,316376,311787,0.048832179538482075,0.13401739901477833,0.2671957671957673,333.3333333333333
aquatic,316395,314093,0.18729276681596685,0.4974849197279454,1.3402524142430525,1350
aquatic,316422,309635,0.048092449472939836,0.1055579099125365,0.333609595000791,400
aquatic,316478,314181,0.046237523672454914,0.12565405438025604,0.31178663906131937,317.75
aquatic,316479,313272,0.3530121711865698,0.6717563345667397,2.3659066172532857,2120
aquatic,316490,313485,0.10074537341646385,0.19143889188689286,0.7553139765118809,610
aquatic,316497,309948,0.039689546608405256,0.07474068467798531,0.2789015924627832,250
aquatic,316538,312118,0.22048963520399242,0.6234071001706734,1.5443618091470714,2000
aquatic,316599,314281,0.11312463103193657,0.21864038583948692,0.8644358379867907,875
aquatic,316616,311842,0.084072844883081,0.21240588392609905,0.5032153842143112,500
aquatic,316621,309378,0.09195454292500878,0.2332071498280257,0.48256349799918674,520
aquatic,316640,309772,0.09938895654811593,0.1866851102487267,0.6948933346460062,631
aquatic,316645,313707,0.3215772417767822,0.7724409492390305,2.2100512587566525,2300
aquatic,316776,311729,0.17493072956232295,0.46496255344961557,1.3201632865968524,1187.5
aquatic,316887,313227,0.2699643025210084,0.5532721318681305,2.453061224489795,3000
aquatic,316895,310617,0.0722053391356543,0.20341765178571414,0.6972176079734215,750
aquatic,316935,313198,0.11931573281765147,0.29646049171427624,0.8364909371248337,1000
aquatic,317022,313457,0.2179676690184586,0.5500432032867542,1.6417824205430063,1443.3333333333335
aquatic,317073,309780,0.253243771313183,0.493650565609075,1.601457521660259,1375
aquatic,317182,310789,0.06658356021061303,0.20148639434203014,0.44946072428593065,500
aquatic,317280,310780,0.14341353323121278,0.2804197904746845,1.0130010513418135,1080
aquatic,317371,312967,0.09061093580058428,0.1771090674345013,0.6730145993549397,714.2857142857142
aquatic,317373,310420,0.15375607728519503,0.4096895792996468,1.0110472072328638,1200
aquatic,317411,310410,0.10749368042946292,0.3470886327429615,0.8232022841936404,800
aquatic,317892,310294,0.047627455930086306,0.08968882161358238,0.3346819109553398,300
aquatic,317900,310713,0.17662026089411956,0.36237597039227076,1.3827281230750255,1000
aquatic,317987,314053,0.05685343915895924,0.2277190547449912,0.4196230307122525,500
aquatic,318250,311328,0.02865734205013832,0.10339276475513935,0.19029819187673777,220
aquatic,318566,311298,0.14573165735610255,0.3571659026893038,0.9178290024815046,1000
aquatic,318696,311576,0.07877300979835122,0.21394083499709882,0.5294624010159507,499.99999999999994
aquatic,318711,311238,0.02100840336134454,0.11985714285714262,0.4088435374149659,500
aquatic,318727,312793,0.09887024588164832,0.4674333404592764,1.2373101055421842,1500
aquatic,318732,310752,0.11370687831791848,0.4554381094899824,0.839246061424505,1000
aquatic,318891,312356,0.0597560104168406,0.1350555218782521,0.434296054912003,437.5
aquatic,318917,309271,0.07937909321681051,0.14948136935597062,0.5578031849255664,500
aquatic,318995,311394,0.014005602240896357,0.07990476190476174,0.2725623582766439,333.3333333333333
aquatic,319146,310146,0.06443417861916194,0.18557453589929648,0.6617567408873124,700
aquatic,319157,311279,0.19844773304202626,0.3737034233899266,1.3945079623139158,1250
aquatic,319307,312632,0.2350718676958878,0.47421647265101036,1.5949047877107414,1500
aquatic,319322,313714,0.06033226778736078,0.10743214467287848,0.4468675518029685,379.25
aquatic,319356,309368,0.0720951346856838,0.18847819059953105,0.6895284880186365,800
aquatic,319362,311374,0.30740665819160995,0.5847105070316115,2.0645560451986658,1850
aquatic,319603,314062,0.10747053063712406,0.341165975376297,0.8301688222294992,926
aquatic,319684,314364,0.10466401452357768,0.2958169901795177,0.7349434481550342,792.5
aquatic,319818,311478,0.1133987045954436,0.21354481336567233,0.7968616927508091,714.2857142857143
aquatic,319830,311454,0.09922386652101313,0.1868517116949633,0.6972539811569579,625
aquatic,319900,312622,0.1322984886946842,0.2491356155932844,0.929671974875944,833.3333333333334
aquatic,319974,309928,0.08271952594101778,0.18510494497395122,0.64890252010910765,666.6666666666666
aquatic,319990,311687,0.11280043200539798,0.4404169657777263,0.8113402773308716,960
aquatic,320164,312995,0.020735654261704706,0.050959928571428594,0.16470653377630123,200
aquatic,320207,312794,0.07896955882352942,0.20374621428571402,0.7563350340136041,625
aquatic,320211,313755,0.07065084090123004,0.12188186251851842,0.6063687074829918,412
aquatic,320239,312050,0.16552443749468038,0.3846447224277898,1.0185808080909668,1000
aquatic,320281,311613,0.05953431991260788,0.11211102701697799,0.41835238869417474,375
aquatic,320311,310958,0.1097728346368329,0.327373300982305,0.79149182066263,833.3333333333333
aquatic,320330,309215,0.17456497355601372,0.583276014251887,1.3298356305855015,1333.3333333333333
aquatic,320346,309899,0.0635032745734484,0.11958509548477651,0.4462425479404531,400
aquatic,320391,310097,0.05765770338505383,0.19303664642658727,0.41924183810682925,462.5
aquatic,320406,310048,0.07000431317732574,0.16046132813411085,0.5116919626377683,616.6666666666666
aquatic,320421,312716,0.06049205926513263,0.24229307424867064,0.4464789046778367,532
aquatic,320496,311395,0.015756302521008403,0.08989285714285697,0.3066326530612244,375
aquatic,320509,313161,0.08731779297703207,0.1776650278805615,0.6765239641361853,500
aquatic,320535,310608,0.30009537558013805,0.6118131656761521,2.108039160104997,1912.5
aquatic,320561,309272,0.13943792456470683,0.2870630566247069,0.7880052180000983,625
aquatic,320579,312561,0.04358426910252196,0.10578819948184975,0.3118147418096228,312.5
aquatic,320681,310795,0.11256264685601546,0.4086122581414364,0.8676417470987878,1040
aquatic,320732,312079,0.16669688619384257,0.32714639723653216,1.2343271490617516,1000
aquatic,320737,313625,0.11210796681118756,0.3195091474904326,0.7157110014692836,746.6666666666667
aquatic,320976,313268,0.06975798913291029,0.17954087165058447,0.6469244155953873,660
aquatic,320986,312483,0.057705098201799795,0.1550768104869456,0.4204058604047874,420
aquatic,321010,312562,0.07529062243361628,0.20200388415983495,0.7249850417553991,750
aquatic,321133,313005,0.08093059995966638,0.25946377004683724,0.9169935065036652,1000
aquatic,321185,309170,0.0317516372867242,0.059792547742388256,0.22312127397022655,200
aquatic,321186,311621,0.02782509596615168,0.09436406586737803,0.17354781295850596,196.66666666666666
aquatic,321568,311601,0.09887228500811296,0.19304075875205928,0.7820053339593808,625
aquatic,321721,311101,0.05846196761114843,0.15835423810818328,0.4188606455014059,425
aquatic,321744,313844,0.07659098008518471,0.15775678134110782,0.5115221088435368,443
aquatic,321769,310761,0.056196249199679894,0.12790292719780216,0.6142165005537099,625
aquatic,321820,309310,0.17203085170350085,0.5278204241009616,1.4423922020323763,1550
aquatic,322009,309505,0.017056031747687772,0.06831571642349736,0.12588690921367576,150
aquatic,322052,309956,0.16414077126741075,0.32758788804664746,1.0134183673469386,1200
aquatic,322137,311486,0.17950212722017372,0.3508633397482416,1.2607694032386887,1050
aquatic,322171,309818,0.1288523320123287,0.25647139792739926,1.3537215522725052,1150
aquatic,322224,311385,0.12750241838611964,0.4827630709185538,0.92249314597261,1132.5
aquatic,322270,312581,0.009514084383753497,0.0205750054945055,0.15306122448979592,125
aquatic,322389,309819,0.1287052732104963,0.2501035769825241,1.1552003429664908,1000
aquatic,322486,312251,0.10655223692011576,0.23826108839936128,0.7656505262138177,750
aquatic,322496,311229,0.045410844125256575,0.12573347470032062,0.3258087385459396,333.3333333333333
aquatic,322618,311415,0.07620440375126239,0.15144342753512807,0.5732553339593811,450
aquatic,322646,312061,0.15160917109055796,0.6072508126533099,1.1189947485660068,1333.3333333333333
aquatic,322773,309917,0.17976658979496557,0.41881988156908384,1.5244499072660986,1500
aquatic,322807,313669,0.14636745113932187,0.2848738532016599,0.958529763463178,1005
aquatic,322833,309280,0.20462452040385756,0.5136953774537316,1.3996838686990434,1500
aquatic,322917,312127,0.1556927744790773,0.32473510329503974,1.037101602785175,1000
aquatic,322979,311131,0.5556536525176736,1.0463695854917945,3.904622294478964,3500
aquatic,323126,311111,0.02813158055294538,0.05492730748949781,0.17369385777566837,206.66666666666666
aquatic,323194,311527,0.17789314738007606,0.34013225116179757,1.2111770769167602,1166.6666666666667
aquatic,323281,312484,0.07580458554527898,0.30362540632665497,0.5594973742830034,666.6666666666666
aquatic,323697,309206,0.006667814012811807,0.011786237131551518,0.04117663344407531,50
aquatic,323714,312346,0.17056031747687772,0.6831571642349736,1.2588690921367576,1500
aquatic,323715,311971,0.08226770608243299,0.1963914778325122,0.568339002267573,500
aquatic,323733,311308,0.190571359591711,0.35578426324153295,1.350599721742421,1200
aquatic,323755,311053,0.06205830832332935,0.23019876354679777,0.691593629699942,850
aquatic,323760,309879,0.052919395477873665,0.09965424623731375,0.3718687899503775,333.3333333333333
aquatic,323772,309694,0.0406031779029707,0.07944969059953111,0.3878278077465278,400
aquatic,323931,309695,0.04949953644638806,0.09670797631381683,0.29046821274573675,260
aquatic,323952,311239,0.028011204481792715,0.15980952380952348,0.5451247165532878,666.6666666666666
aquatic,323977,313100,0.1210549635649498,0.3030741372131133,1.0703190052071672,1125
aquatic,323997,312697,0.04746977783110984,0.1857311237336942,0.38364173225955106,462.5
aquatic,324018,311879,0.10954457142857144,0.2301082285714283,0.8830612244897937,600
aquatic,324056,312485,0.12173709144664822,0.4659297116063845,0.9128344967986545,1050
aquatic,324237,312098,0.07937909321681051,0.14948136935597062,0.5578031849255664,500
aquatic,324297,313401,0.08385705942631184,0.21913935378350852,0.62637125787643,607.5
aquatic,324313,310107,0.09743838043436545,0.23285236247863683,0.5655794713718822,687.5
aquatic,324333,312455,0.18775447328227318,0.410474438749418,1.3523393005060202,1366.6666666666665
aquatic,324448,311983,0.12934348039215685,0.27405687912087895,1.3481292517006787,1000
aquatic,324461,313187,0.028011204481792715,0.15980952380952348,0.5451247165532878,666.6666666666666
aquatic,324614,311346,0.23813727965043152,0.44844410806791196,1.673409554776699,1500
aquatic,324978,312291,0.07937909321681051,0.14948136935597062,0.5578031849255664,500
aquatic,325024,309398,0.05262054904832168,0.140537592193032,0.35859147664117774,366.6666666666667
aquatic,325034,311455,0.16446721301512982,0.32759967696036596,1.2560807359459731,1034
aquatic,325058,313538,0.05131021840852149,0.15971678267543596,0.3946090198379214,411.66666666666663
aquatic,325063,312706,0.07352941176470588,0.41949999999999915,1.4309523809523805,1750
aquatic,325088,311953,0.06511515992381078,0.1810033135948472,0.552034168217819,583.3333333333334
aquatic,325108,312215,0.1421335978973981,0.569297636862478,1.0490575767806314,1250
aquatic,325195,311299,0.08528015873843886,0.3415785821174868,0.6294345460683788,750
aquatic,325196,312240,0.07419106071081313,0.214929780425774,0.5551454788078944,625
aquatic,325250,309549,0.02362589635854341,0.08086286593406586,0.4084353741496598,400
aquatic,325441,312281,0.11672977053172529,0.33385742233904103,1.0256181207695716,1100
aquatic,325517,309264,0.29628116403220417,0.8389518237756963,2.3110147689074947,2000
aquatic,325794,311487,0.2103557826823586,0.4159789111768129,1.5725891311298443,1250
aquatic,325915,311488,0.18509134883496253,0.4286688432271645,1.5851461348358482,1400
aquatic,325927,311318,0.2251047556534955,0.6641139716717954,1.667903386046539,1875
aquatic,325929,311102,0.03660575177580898,0.09608119812441422,0.2617561373879267,262.5
aquatic,325963,309216,0.175922078984175,0.4519411087789472,1.256327808100602,1250
aquatic,325970,311689,0.11370687831791848,0.4554381094899824,0.839246061424505,1000
aquatic,326027,312602,0.03307462217367105,0.0622839038983211,0.232417993718986,208.33333333333334
aquatic,326280,313228,0.1290538444711218,0.29163796316786617,1.0314436885865457,1266.6666666666667
aquatic,326287,311112,0.16798416966249397,0.4369929718433501,1.2005474896080452,1200
aquatic,326299,310087,0.17440402532118932,0.5087111206123693,0.9336470341469489,1000
aquatic,326500,311073,0.10196761123217209,0.31968799944111126,0.8029988810523885,966.6666666666666
aquatic,326582,314172,0.13741989403066981,0.46826117898341585,1.4298443510661918,1520
aquatic,326670,311972,0.16451927409598754,0.33722551363658104,1.6787848897236188,1333.3333333333333
aquatic,326859,313131,0.0862446502370321,0.210672717382773,0.6140917602253542,600
aquatic,326910,309781,0.07766481792717086,0.22372361904761873,0.8176643990929692,733.3333333333333
aquatic,327118,312042,0.267848470721622,0.5783603185550077,2.0959561602418697,1500
aquatic,327172,313964,0.17108041754786174,0.3013305374289596,1.2794133735571354,1075
aquatic,327257,311518,0.18257428571428572,0.38351371428571385,1.4717687074829897,1000
aquatic,327323,312241,0.050179433865193905,0.19684110429557236,0.5164441684173506,625
aquatic,327337,311925,0.18654205471731547,0.3711345003700217,1.4052481756521744,1100
aquatic,327351,311537,0.08241023825210356,0.15946499067027717,0.6320557248982421,642.8571428571429
aquatic,327412,314132,0.09525491186017261,0.17937764322716476,0.6693638219106796,600
aquatic,327419,313121,0.0661492443473421,0.1245678077966422,0.464835987437972,416.6666666666667
aquatic,327461,312978,0.11357508723085441,0.21772884603235548,0.7689320114561786,750
aquatic,327510,311622,0.058385371018187034,0.16165732461469792,0.4188969495590652,428.57142857142856
aquatic,327642,311365,0.16703472291188584,0.3456523096119096,1.2635511529330552,904.2857142857143
aquatic,327650,309550,0.029532370448179263,0.1010785824175823,0.5105442176870748,500
aquatic,327678,312603,0.10583879095574733,0.1993084924746275,0.743737579900755,666.6666666666666
aquatic,327736,311907,0.03218099525578816,0.10081991314099217,0.2328415410583452,250
aquatic,327766,309696,0.17066623607395337,0.3412382264988275,1.2936875386670612,1000
aquatic,327942,312338,0.1971988795518207,0.4101714285714287,0.7482993197278912,666.6666666666666
aquatic,327950,313715,0.09460783434076457,0.23399489042338445,0.6677197704216129,666.6666666666667
aquatic,327979,312357,0.04330875889844034,0.12914886912470686,0.44681414854906276,500
aquatic,328058,310390,0.027246506475153948,0.07544008482019238,0.1954852431275638,200
aquatic,328068,312261,0.04548275132716739,0.18217524379599298,0.3356984245698021,400
aquatic,328228,309466,0.006667814012811807,0.011786237131551518,0.04117663344407531,50
aquatic,328229,311602,0.012558591386554616,0.02715900725274726,0.20204081632653062,165
aquatic,328334,312652,0.06915237193206848,0.2904149173823538,0.6002777926170144,750
aquatic,328364,311043,0.10012843835616422,0.28711434775510186,0.9308333333333332,1120
aquatic,328464,311337,0.2696498846924483,0.6282298223536259,2.2866748608991476,2250
aquatic,328525,311690,0.2778268262588368,0.5231847927458972,1.952311147239482,1750
aquatic,328527,312347,0.06220691457811241,0.23471345615592595,0.46868198762835217,533.3333333333334
aquatic,328577,310618,0.15834865204033993,0.3532275836416846,1.3141382189391706,1125
aquatic,328722,312582,0.031261674564706826,0.062060348932399256,0.3231242656191467,275
aquatic,328793,311641,0.06839198802808781,0.13649495335276976,0.4222576530612244,500
aquatic,328849,309908,0.02100840336134454,0.11985714285714262,0.4088435374149659,500
aquatic,329124,311083,0.048019622368495926,0.20109251659269106,0.6507105847805726,793.3333333333334
aquatic,329132,313586,0.1660753992818273,0.41713011807572126,1.2481887093474107,1100
aquatic,329151,313698,0.07890085836004246,0.20071225317790728,0.5389848083442818,535
aquatic,329203,310205,0.0893797734649304,0.24324242841806334,0.6862766944964498,755
aquatic,329292,311973,0.11600322787067208,0.24999441861705435,0.7582000103223918,750
aquatic,329302,310731,0.034112063495375544,0.13663143284699472,0.2517738184273515,300
aquatic,329377,312051,0.12171619047619048,0.25567580952380925,0.9811791383219931,666.6666666666666
aquatic,329379,309578,0.12524542718704706,0.36421400809776094,0.8418806837734769,1000
aquatic,329478,312839,0.0663148537815126,0.13814930241758222,0.5576462585034004,490
aquatic,329490,313385,0.09432082513435044,0.18198409878241567,0.6297415661825903,633.3333333333333
aquatic,329499,310225,0.10497458309685781,0.2215049526276337,0.7756556154930556,800
aquatic,329686,310732,0.03790229277263949,0.15181270316332748,0.2797486871415017,333.3333333333333
aquatic,329728,312524,0.007499008403361344,0.015368670329670294,0.06814058956916097,83.33333333333333
aquatic,329773,309697,0.1137774907159689,0.22749215099921838,0.862458359111374,666.6666666666666
aquatic,329777,309688,0.2502610508964963,0.6600449031418152,1.881159781664215,1700
aquatic,329893,310480,0.06866161712904331,0.13824010450213048,0.48944568452380943,587.5
aquatic,329926,314142,0.12121542967053556,0.4293588810269756,0.8853061128289429,1000
aquatic,330000,312146,0.11211106381211695,0.21054180590111843,0.6418845392763486,532
aquatic,330099,313448,0.08529563382503222,0.2694118455198363,0.7397750480267099,800
aquatic,330101,312968,0.1285100877767109,0.2521255631245081,0.9259362502678377,1000
aquatic,330414,313509,0.10928946812268148,0.32129536316466784,0.7649749173121785,846.6666666666667
aquatic,330607,311190,0.08533311803697669,0.17061911324941376,0.6468437693335306,500
aquatic,330874,312592,0.16199120078588197,0.34235253585291914,1.094764859269592,1050
aquatic,331124,311815,0.09525491186017261,0.17937764322716476,0.6693638219106796,600
aquatic,331327,309762,0.13614666605272235,0.3105443055393584,1.0900510204081617,1000
aquatic,331356,312128,0.12178454445714788,0.2326008543793894,0.8302115028032492,733.3333333333334
aquatic,331412,310499,0.06999804018873422,0.15837760241225257,0.5997399118776501,687.5
aquatic,331417,313101,0.14381327183597242,0.33505590525526713,1.2195599258128789,1200
aquatic,331421,311898,0.07385783976255109,0.2062180753131299,0.6134329263399139,800
aquatic,331593,311934,0.018079486715038444,0.05314291015547736,0.14262045382547564,150
aquatic,331728,310987,0.0904144374946804,0.17649759788566521,0.7125717377961823,750
aquatic,331763,313188,0.08626411459764857,0.17338009939073973,0.6810124304328108,600
aquatic,331798,314356,0.12246388870028982,0.3712395300371312,1.131833982902613,1210
aquatic,331836,313102,0.08004402467803445,0.1966166839377706,0.711741894173323,714.2857142857142
aquatic,331958,311935,0.047627455930086306,0.08968882161358238,0.3346819109553398,300
aquatic,332027,309839,0.14388336974789914,0.26428391428571396,1.0595912434741315,775
aquatic,332068,313518,0.09024821946058968,0.2603107045712144,0.7374702440540839,772
aquatic,332236,311908,0.022705422062628287,0.06286673735016031,0.1629043692729698,166.66666666666666
aquatic,332311,311603,0.07363908990395299,0.13367836044167125,0.48768837505891616,561.6666666666666
aquatic,332369,314365,0.17528224579921176,0.5276561465053339,1.2854210297331181,1314
aquatic,332376,309358,0.12082730116132942,0.2393517478580628,0.7462556993854406,800
aquatic,332558,309579,0.03114473700812151,0.13903047904085353,0.33138662725088736,400
aquatic,332722,309187,0.03405813309394244,0.09430010602524046,0.2443565539094547,250
aquatic,332844,310667,0.045410844125256575,0.12573347470032062,0.3258087385459396,333.3333333333333
aquatic,332865,312774,0.07818748939575831,0.19961403724137927,0.4494018878869378,500
aquatic,332883,313249,0.08445753685410373,0.25149120612893505,0.7080308412774523,750
aquatic,333126,313894,0.057913208599006775,0.22450341112096736,0.42342642620580007,505
aquatic,333234,311219,0.05303852941176471,0.11125985714285704,0.39600340136054335,275
aquatic,333570,313112,0.25805697478991596,0.5380093333333333,1.2388888888888878,1000
aquatic,333714,312661,0.10175157501635573,0.23367164525209208,0.6390645571461449,666.6666666666666
aquatic,333751,314366,0.08685694378420414,0.17104038008138084,0.607375641630189,498.75
aquatic,333800,310887,0.06813391928739748,0.1316137224277899,0.4945161822406266,416.66666666666663
aquatic,333855,310500,0.12790947951148712,0.25334094953401665,1.0532746856419872,1166.6666666666667
aquatic,333892,313784,0.15656380699809816,0.30707466578347997,1.1278753470528733,1235
aquatic,333946,311160,0.04201680672268908,0.23971428571428524,0.8176870748299317,1000
aquatic,334046,313566,0.07091311697831103,0.2007201196364244,0.5941405602415086,646.6666666666666
aquatic,334092,309918,0.02842671957947962,0.1138595273724956,0.20981151535612624,250
aquatic,334093,314182,0.014565826330532213,0.08310095238095222,0.28346485260770965,346.6666666666667
aquatic,334097,312495,0.033462498859385015,0.08977950407103774,0.32221557411351065,333.3333333333333
aquatic,334208,309626,0.18731201330078295,0.5948952594314464,1.604696227073192,1766.6666666666667
nonaquatic,5,312698,0.4706810086566927,0.48844297557997557,0.5543034761247487,3535.6111111111113
nonaquatic,8,313529,0.6812389097087637,0.6158729695460097,0.8706944230988792,14302.907222222222
nonaquatic,108,311181,0.5777340358042444,0.5844326467651396,1.0532086104949216,9101.668333333333
nonaquatic,398,311833,1.555702698423916,1.78799919755237,1.9450131214372757,17947.672372812372
nonaquatic,569,314143,0.8699426159143043,0.8064933289942806,1.159796147904187,7948.618119658119
nonaquatic,664,309112,0.7738262354978477,0.7788014583092348,0.8477347666876561,6698.002136752137
nonaquatic,771,313626,0.8400480308863174,0.7137872271888515,1.1176555620291992,6394.97094017094
nonaquatic,837,310590,0.908445924157169,0.7432022795450166,3.5365657820115843,13488.572364672364
nonaquatic,955,310245,0.990866353972962,0.9410176943833947,3.644349942353564,13521.47222222222
nonaquatic,968,313597,0.9473724142484173,0.7489594134199137,1.2733589588526912,12977.85
nonaquatic,970,312486,0.45799763905562235,0.4695772018140591,0.6072382086167797,10867.111111111111
nonaquatic,995,313766,0.8592311858076563,0.6463244051948053,0.7345045928674493,20440.606666666667
nonaquatic,1060,312321,0.9982045487801448,0.9617302415988357,1.0036192813647729,8537.772364672364
nonaquatic,1070,309974,0.7633006842949048,0.7291179202686203,0.766884202957536,6786.515555555557
nonaquatic,1108,312322,0.7234092790850954,0.678515188730067,0.948328539018521,6007.435042735043
nonaquatic,1116,312302,0.5994778804855277,0.7165772307692307,0.7983851602762315,13937.45
nonaquatic,1166,312583,0.696246490933355,0.7600725430816052,0.8547839691716805,15193.477136752137
nonaquatic,1170,310600,1.1757242345877872,1.1857465193688879,11.009121542793896,28813.618855311353
nonaquatic,1209,313955,0.433840573829532,0.5221831581979925,0.48759682993197234,3321.792
nonaquatic,1308,314034,0.3815726949524909,0.3834264024420025,0.4659682139176015,3758.0711111111104
nonaquatic,1309,309706,0.5962269049736149,0.6208985861638365,0.4318699972876212,18174.583333333332
nonaquatic,1320,313875,0.6568542711287664,0.7786789295939023,2.0263052321844612,4849.937553418804
nonaquatic,1325,313699,0.8243044859681357,0.761381780147572,1.1481467718171434,6450.054294871795
nonaquatic,1336,311210,0.3623002645502645,0.3223376764346765,2.4138978904693182,3908.4444444444443
nonaquatic,1341,309122,0.48679130318794206,0.5530725714285715,0.7582888548752825,3758.173333333333
nonaquatic,1382,314308,0.7529075443510741,0.7188469470085469,0.9300456916099762,9766.164444444445
nonaquatic,1443,310648,0.4441287726749602,0.5824249670329672,2.4135901760276752,5165.158333333334
nonaquatic,1501,309880,0.41195957184530113,0.44753295229940127,0.4958135077876983,4053.6614285714286
nonaquatic,1505,309477,0.43727631844465276,0.4462486995533706,0.6100908026936649,3282.050356125355
nonaquatic,1633,309830,0.7417995377423335,0.5914332035583465,1.2604713390473408,21736.766666666666
nonaquatic,1685,312004,0.5801119829265039,0.4498377499833501,2.4106013182848893,3945.3466666666664
nonaquatic,1803,312775,0.6155715627203263,0.6588062204081632,0.968654297052153,4826.461904761905
nonaquatic,1895,309245,0.42357287655227704,0.4626898678226535,0.6707795327027462,11306.346428571429
nonaquatic,1937,313925,0.9759598006589411,0.7748157481135532,1.060255071079916,7549.59452991453
nonaquatic,2085,311396,0.43342073763130445,0.401607171842193,1.2450455725750265,5305.735042735042
nonaquatic,2115,312821,0.4783819094304391,0.4359935531135531,2.152196541950113,8053.033333333333
nonaquatic,2146,312879,0.4098391970121384,0.38534099633699626,0.6340753117913822,3057.516666666667
nonaquatic,2151,313530,0.7686171516774793,0.5077004697550069,0.7581423894442892,4398.19761904762
nonaquatic,2162,312052,0.46945502439070874,0.6749954703595725,0.5603724721180985,5049.404761904762
nonaquatic,2176,310996,0.35298491013071903,0.3565313464590965,0.5371010345804981,3195.747222222222
nonaquatic,2308,311182,0.5941178778214435,0.6603671528765722,0.9908692755518085,8919.773803418804
nonaquatic,2333,313995,0.6164483726858002,0.46851762026347926,0.6204059870580847,8015.188789173789
nonaquatic,2334,313885,1.066021715924227,0.7223309869414795,1.0723380266893956,8476.425982905983
nonaquatic,2337,311770,0.640316215375039,0.6180692063492065,0.8752826908541188,5516.833333333333
nonaquatic,2600,310461,0.5382640579565161,0.6126501741391943,2.4382866791383213,11552.696666666667
nonaquatic,2620,309235,0.47099949313058576,0.4459450994034537,0.5636673189033182,3451.9240000000004
nonaquatic,2651,313985,0.7841641252898132,0.7461119819380622,0.9725748925816375,7234.03202991453
nonaquatic,2783,310471,0.45297000077808913,0.2881056746031746,2.4467054327286464,3092.9833333333336
nonaquatic,2821,310315,0.9227546254316764,0.7959824123876126,5.551261401683195,10736.646666666667
nonaquatic,2839,309666,0.8458807749766575,0.4072621831501833,0.7634419037311894,30619.3
nonaquatic,2840,314203,0.6545241281512605,0.5531742254578755,0.8602847619047608,14835.349999999999
nonaquatic,2849,313785,0.7491031085767642,0.5892887484737487,0.8636479875283437,11580.155555555555
nonaquatic,2944,313083,0.4096774548732703,0.41767921701690114,2.5390396374564443,3571.584757834757
nonaquatic,2961,309399,0.700788630952381,0.8311055086080587,0.9175034098639446,6865.608333333334
nonaquatic,2970,313093,0.6424417320261439,0.6460027010989012,9.98139036621315,6006.2633333333315
nonaquatic,3024,311652,0.7291815359477127,0.6692818681318682,0.9623751417233548,15966.983333333334
nonaquatic,3231,311926,0.37040616246498614,0.36638857142857145,0.49513945578231233,3561
nonaquatic,3266,314015,0.5382225072986072,0.4998515504979088,0.7428725686509104,9237.95007020757
nonaquatic,3401,312005,0.48212742763772176,0.5059229061224488,2.79203046201814,4079.2999999999997
nonaquatic,3493,314243,0.747376584800587,0.8333318298011514,1.3220467545351462,12952.958333333334
nonaquatic,3498,313006,0.6388732801120449,0.5383301372627373,3.3329399999999985,10424.904444444444
nonaquatic,3576,313905,0.5973782170197727,0.6384968865934066,0.6466339601772935,5032.719999999999
nonaquatic,3793,314367,0.8845085217420302,0.6935499516626228,1.4504803792664247,26031.168333333335
nonaquatic,3909,313926,0.8973261174054565,0.8493918830769233,0.9849964089134591,13622.112222222222
nonaquatic,4264,310341,0.3640539549152995,0.3935145238095238,0.6179739937641717,3420.75
nonaquatic,4423,312466,0.31973087651727367,0.3602461125541126,0.4451013038548749,5042.3625
nonaquatic,4426,312312,1.8093302754435112,1.3133075714285716,1.5438136621315186,32067.166666666664
nonaquatic,4514,310951,0.4158870448179274,0.45006565620094197,3.097384305150631,4287.290476190477
nonaquatic,4551,313825,0.5182720962298651,0.5134032769470531,0.6410359955894427,4714.503000000001
nonaquatic,4571,313449,0.687825413975114,0.5488572339225402,1.10167671340645,5479.647619047618
nonaquatic,4683,314213,0.46903608776844075,0.4072086871794872,0.702498640486497,13575.88
nonaquatic,4777,312553,0.5263386196145126,0.3798062346938776,0.5217233856421352,5967.383333333333
nonaquatic,4850,312339,0.8288100431894145,0.6282455867312512,0.7733158495264356,8899.086538461539
nonaquatic,4936,313493,0.6893289879212975,0.6232852289742673,0.7986866444649311,5555.19396011396
nonaquatic,5001,311366,1.0535877509373566,1.1600918281893546,1.2420732742118774,8545.752136752137
nonaquatic,5094,312197,0.3703112233233221,0.29863849439532897,0.39168428068260036,2722.646901709402
nonaquatic,5168,312147,0.5886335789871505,0.6871523015873017,0.9382239040060462,5518.466666666667
nonaquatic,5233,309561,0.3381378431372549,0.3435265494505494,0.42548034013605385,2288.0199999999995
nonaquatic,5325,309486,0.6502035947761082,0.7228809334233018,0.9269344714359432,5001.780626780627
nonaquatic,5519,311730,0.5056637210488393,0.5443747795771481,0.6573480012923307,4405.758404558404
nonaquatic,5648,310305,0.738388697145525,0.6746511819466252,3.863329501133786,6605.8
nonaquatic,5665,309773,0.6225696726287416,0.49709883621140777,0.7079568724064063,14707.983333333334
nonaquatic,5851,310285,0.2664309056956117,0.28510488095238096,0.6141960388321989,2132.25
nonaquatic,5860,314309,0.6054169701213822,0.597259706959707,1.034935856009069,19130.933333333334
nonaquatic,5872,313367,0.4935805929648575,0.42388741496598653,0.5605551404747275,4350.625
nonaquatic,5912,309349,0.6616114950203417,0.7317354783989731,0.7449839127024439,6264.379452293739
nonaquatic,5923,313293,0.47665783107081877,0.44908799914300856,0.6242898859035123,4180.9908994709
nonaquatic,5967,311280,0.7703792320142492,0.5570376731560621,7.2500588497996095,11760.655246913579
nonaquatic,5971,309379,0.3551624085634255,0.3318804460952381,1.7055649918367342,3029.329333333333
nonaquatic,6200,312959,0.5935785122938065,0.5837069816849818,5.891035344946058,5162.688888888889
nonaquatic,6212,314214,0.68439634079085,0.5592778489167975,7.298255926896231,11427.359
nonaquatic,6590,310826,0.5295520559907657,0.5684279784741575,0.5630808343284921,10210.556552706552
nonaquatic,6629,309870,0.5758310279013569,0.6303591575091577,0.6942318492873332,9141.041666666666
nonaquatic,6667,310235,0.9241300578008984,0.8139268837828838,7.341437065381707,7467.805555555555
nonaquatic,6684,313229,0.6804498618113913,0.5776335223443224,4.330328582766439,4466.066666666667
nonaquatic,6693,313756,0.6691244633332574,0.601664034469916,0.7858423347348323,5405.628397435898
nonaquatic,6738,310021,0.4486553427886565,0.4291674886745907,0.6760969296447922,9935.849206349209
nonaquatic,6748,309551,0.4584631543276267,0.5312279253259022,0.6770348533684168,4293.014700854701
nonaquatic,6751,311347,0.3136061057756437,0.26306853479853476,0.4390541383219951,2768.5416666666665
nonaquatic,6759,312996,0.4561261824738235,0.42390680009914905,2.3155651999623905,3081.395726495727
nonaquatic,6873,312986,0.6940496568627456,0.7550946758241757,5.54363201530612,5397.316666666667
nonaquatic,6911,313786,0.8612933403361348,0.8114368350221208,0.9919329700061836,5928.516666666666
nonaquatic,6914,313386,0.6118485524727457,0.6107493144542533,0.6753076485479603,5158.080952380953
nonaquatic,7254,310351,0.5317896202925616,0.46363374945054947,0.7556199338624329,10744.56111111111
nonaquatic,7318,311994,0.7475569518887608,0.7156469841269842,0.7596964939822077,19170.333333333332
nonaquatic,7373,313450,0.6716649830843842,0.7641991567187917,0.7845126579436285,12851.664285714285
nonaquatic,7392,313376,0.44500686087768443,0.4249801578474859,0.540990595464852,11104.070666666667
nonaquatic,7424,309273,0.8738708948023655,0.8586037194139196,1.1494193839758118,7443.744444444445
nonaquatic,7430,314357,0.7236040852419401,0.48424386578754586,1.242783994816974,5143.74
nonaquatic,7526,310686,0.6743605396603087,0.7195764457875458,2.3313672694633407,18025.705555555553
nonaquatic,7533,313935,0.5665234509803924,0.49918874440607014,0.7731774460641392,4027.394285714285
nonaquatic,7599,311788,0.46827287248232635,0.5134812662337664,0.5803195719954645,4646.191666666667
nonaquatic,7602,311074,0.2257545510426393,0.23430597643467646,0.23225307634164763,2547.933333333334
nonaquatic,7713,311614,0.7108012780112046,0.6401873107725609,0.8040154336734687,5623
nonaquatic,7725,314244,0.5123133168561541,0.39015495437895437,0.4371630174927111,8124.459999999999
nonaquatic,7746,313341,0.753718263911855,0.6379193511758082,0.8638701847113577,13893.053333333331
nonaquatic,7761,310030,1.6409816514656586,1.584971361254619,1.5007923757241142,10512.941515151517
nonaquatic,7792,311329,1.0135340676177296,0.5769038961038964,0.7545004796790508,26040
nonaquatic,7889,312505,0.4033183034229909,0.4213854299436392,0.432793224778137,4586.7269841269845
nonaquatic,7897,312348,0.32247644766661476,0.34982910990078925,0.4012343783977215,3465.1493197278915
nonaquatic,8180,314133,0.4538067810457516,0.42679904120879136,1.6752735260770966,3945.3375
nonaquatic,8242,313162,0.6308429920664118,0.5763508667939079,6.820556752022563,5534.278376068376
nonaquatic,8254,314358,0.9372692220025264,0.7068044043734045,0.9909445092322641,20546.144444444442
nonaquatic,8295,310772,0.2979919292717087,0.27197504670329664,0.3970891581632646,2328.4916666666663
nonaquatic,8320,311132,0.756297916072353,1.1846264809208642,2.4085041799723865,6757.911684303353
nonaquatic,8328,312388,0.5099226722700756,0.5269415095893579,0.6065440146412249,4739.80335042735
nonaquatic,8385,312765,0.3967551781823841,0.3548936391941391,2.8140160985707405,3783.994444444445
nonaquatic,8474,311927,0.29625676353874897,0.30267213095238105,0.4421762046485255,2924.375
nonaquatic,8505,311201,0.5145521591994452,0.48684269076537506,0.6022029783483571,4602.612535612535
nonaquatic,8522,311426,0.5633953626883901,0.47263165023248355,0.6510735206388748,3531.8078703703704
nonaquatic,8551,312869,0.4966196178500587,0.571761434046655,0.6660283019091847,4163.801709401709
nonaquatic,8656,314193,0.7456246898759508,0.7431532485292486,1.4577697845804982,5762.5999999999995
nonaquatic,8935,310521,0.5032436977149001,0.33251471491035295,3.3745454126318783,4259.111452991451
nonaquatic,9032,314252,0.46971611618296233,0.5164395753597152,0.6051505255096472,3785.4100859788355
nonaquatic,9136,311731,0.8902413448737148,0.8229451177828022,1.0827560679175177,6765.279202279203
nonaquatic,9150,310676,0.468380168067227,0.5139934212454212,0.49083346938775474,3650.2999999999993
nonaquatic,9262,312766,0.3995337943510738,0.35942761446886445,5.260210094954648,3892.2208333333338
nonaquatic,9266,310835,0.646437317149082,0.6223990231990232,0.886182556861127,5347.777777777779
nonaquatic,9397,311300,0.8684383738887259,0.9939841407730117,1.3102472047254,6802.776752136753
nonaquatic,9471,312198,0.34467442310257435,0.38048181684981686,0.2697729952587097,4590.577777777778
nonaquatic,9476,311054,0.41169158396105127,0.3595817908017908,0.5594461762957788,2952.5592592592598
nonaquatic,9485,311974,0.8780159547152193,0.7841851666666668,1.1185347505668934,7583.75
nonaquatic,9488,312071,0.7379976590119085,0.785952997108155,1.0295294445498484,5968.4393162393135
nonaquatic,9492,309919,0.31554253034547153,0.4758428205128206,0.3057044861884145,2891.2499999999995
nonaquatic,9595,313230,0.5958498692810458,0.6628810608058608,3.746487051123479,4643.013333333333
nonaquatic,9603,312487,0.6391607321254072,0.684159261904762,0.8288656082839112,10262.441666666666
nonaquatic,9607,311701,0.5215202511237055,0.532322023809524,2.1863888457556926,11251.5
nonaquatic,9868,311880,0.2555765483971367,0.23944365079365082,0.3654781934996217,3050.999999999999
nonaquatic,9892,310897,0.4766690320572674,0.5782488644688646,0.5522683295540433,4097.499999999999
nonaquatic,9915,311133,0.3928195611577965,0.5242640586080587,0.6297034580498859,3721.18
nonaquatic,9916,310196,0.39932706913876675,0.44779326579452305,0.6120718386243381,3110.2066666666674
nonaquatic,10079,312034,0.7887145331514582,0.784837878589247,0.9218924646332224,8385.113960113958
nonaquatic,10107,311348,0.7586468160597575,0.6956632087912088,0.7909086167800445,5403.7444444444445
nonaquatic,10136,313670,0.4180543048670461,0.371627457875458,0.5736203603145686,12718.958333333334
nonaquatic,10168,310816,0.35744187308292813,0.36089717257245674,0.47094528826947646,3752.60698005698
nonaquatic,10189,311103,0.41765795284780594,0.4461129466644466,0.6026905328798178,10670.622222222222
nonaquatic,10197,311567,0.5748596405228761,0.46309163003663006,0.6761950963718815,13426.691666666666
nonaquatic,10240,311044,0.5237173436041083,0.3932183150183151,0.45677222222222186,4040.5
nonaquatic,10265,313303,0.6642373077055211,0.7852399480519484,4.221009149880156,27684.6
nonaquatic,10313,312707,0.8406979022768861,0.6900433554013237,0.9132240821691258,7875.1961823361835
nonaquatic,10483,311386,0.4843069638966699,0.44775785103785104,0.549735308012093,3232.638888888888
nonaquatic,10498,314223,0.6440580682272911,0.6805679743589741,0.8608088435374142,6006.416666666666
nonaquatic,10734,311489,0.7599300595238094,0.7027283763736268,0.42526903022572693,3902.0208333333335
nonaquatic,11113,309103,0.44836355431061325,0.3335994041514041,0.41481364323507114,3093.611111111111
nonaquatic,11159,309800,0.6939883216462047,0.6549303990541773,0.6933590102130751,14813.802976190476
nonaquatic,11449,311191,0.3178405298027873,0.3147223697382239,0.45046540741492247,2680.0109138724524
nonaquatic,11776,311161,0.5834554054955317,0.5285032000000002,3.9971865022675725,5835.316666666667
nonaquatic,11836,310979,0.8339172264199801,0.8834481216117217,7.190762637644667,13334.404444444443
nonaquatic,11885,313726,0.5751716347674504,0.4741692072488914,0.7428956559749631,6314.856980056979
nonaquatic,11943,310851,0.6551736244946694,0.833640252607475,0.828575096524908,6364.407687991022
nonaquatic,12055,313502,0.9334559903372064,0.8519909855144856,1.1935063606611345,7831.483333333334
nonaquatic,12105,313642,0.7919817554734313,0.553254024857682,0.5444625973535154,5679.324444444443
nonaquatic,12256,313231,0.6071539065626251,0.628155032967033,3.878215157312924,5068.754166666667
nonaquatic,12300,311462,0.6535530967942733,0.7312714041514041,0.6246979969765677,4596.444444444443
nonaquatic,12445,311816,0.45762614379084987,0.4364504029304028,0.5665890022675728,3516.3333333333335
nonaquatic,12512,313034,0.42549112511671355,0.4531306043956043,1.3596089143990921,3324.3999999999996
nonaquatic,12530,311104,0.334733781829116,0.3618543896350564,0.4373752225825726,9133.396296296298
nonaquatic,12734,314094,0.6916126265613196,0.5635155154090353,0.8403696860243015,5438.863575498574
nonaquatic,13324,310324,0.7086818904207602,0.7257983738615297,0.8798481477161145,11507.464320987654
nonaquatic,13417,314114,0.5943123209291522,0.5984701376341954,0.7038365540397524,4877.942881562881
nonaquatic,13551,310022,2.616921321469764,0.41442857142857165,1.207968901846453,28268
nonaquatic,13810,313616,0.7964232399720682,0.642396699119547,0.8389770966622914,12512.949333333334
nonaquatic,14004,312323,0.7778483793604999,0.9429475057458834,0.8357910652822873,7266.305128205129
nonaquatic,14065,313342,0.9386939875083641,0.779102984780299,5.056810463981938,19567.83777777778
nonaquatic,14361,311702,0.40957702781112454,0.2886066372627373,0.9973791326530608,9001.276666666667
nonaquatic,14921,312099,0.6723729225023344,0.6124178874458874,0.7036970851370847,16831.940000000002
nonaquatic,15049,313519,0.7224838080984335,0.5272916049766025,2.8936336230112487,12288.228846153845
nonaquatic,15150,310988,0.759415377817794,0.6338523419199849,0.7101714066687276,6290.825
nonaquatic,15358,313627,0.5502674057414711,0.4727380427467271,0.6707041078846055,3736.3847578347577
nonaquatic,15482,311014,0.6902521734297221,0.7748401447909886,2.4046595064331835,5291.822871794871
nonaquatic,15555,310997,0.5604006042453464,0.5432716451224215,0.7098102923524675,4995.21047008547
nonaquatic,15597,309198,0.5610661777716199,0.34310027938612164,0.43518880600460375,3596.0947089947085
nonaquatic,15610,310989,0.4272265884131432,0.34682028561914285,2.505235222978079,10648.533333333333
nonaquatic,15643,310451,0.42620571241830074,0.4145418168498169,1.8242809673263238,4240.603333333333
nonaquatic,15661,310295,0.45771608643457407,0.47559989115646256,0.7282207482993183,3627.3333333333335
nonaquatic,15714,310197,0.38106908059223704,0.3719394970591314,0.6771395136054413,2855.238666666666
nonaquatic,15715,311005,0.5769917923805131,0.6037330575091576,0.8334314268998188,6619.675
nonaquatic,15834,310817,0.5412854380069365,0.5666487129072684,0.6431324391612305,5169.90876068376
nonaquatic,15860,310411,0.9289509617180208,0.6519083223443224,0.9262947845804984,8440.5
nonaquatic,15887,311843,0.6605487861811394,0.7098407619047621,0.7029530045351466,14073.5
nonaquatic,15959,312014,0.292440502867814,0.2642440680272109,0.35708354389374747,2768.571428571428
nonaquatic,16073,313906,0.717195358810191,0.6401912945054945,0.869624195011337,15560.536666666667
nonaquatic,16128,312672,0.6132986948639924,0.6187373109366823,1.0148348847839521,12868.613333333335
nonaquatic,16136,310031,0.6252514985618769,0.6709549142746979,0.8369792693773245,5899.657167277167
nonaquatic,16185,313387,0.5435044042777856,0.4818703729603731,0.6524019735510302,4059.2833333333333
nonaquatic,16300,310531,0.7472269585154971,0.7154773680795395,3.868860585499157,13599.493333333334
nonaquatic,16364,312100,0.48598407362945195,0.47979371428571427,0.7295309369202219,4312.6
nonaquatic,16400,314025,0.47354484710550904,0.43422902179487166,2.9585610487528338,4045.9016666666666
nonaquatic,16450,313043,0.4251835838779958,0.44970545965145964,5.273668938964473,3203.669444444445
nonaquatic,16461,312378,0.608279233499818,0.7332085073633849,0.9327841153629591,6035.089285714285
nonaquatic,16467,314291,1.1846017546358267,0.8761671375802143,1.4260209887434034,23529.47188034188
nonaquatic,16482,311889,0.60152861811391245,0.6785968864468863,0.7953314909297041,4980.749999999999
nonaquatic,16530,310629,0.5609527300222482,0.5334718698738605,2.8901424759694856,4693.497405372406
nonaquatic,16548,311584,0.8843101937441644,0.9587200256410257,1.0895744331065755,7347.283333333333
nonaquatic,16734,309400,0.5941795242541462,0.4779660445839876,0.6698256496942205,4786.422222222222
nonaquatic,16740,312389,0.5145602882838043,0.5189825998505881,0.6164067549940033,4847.694401709403
nonaquatic,16769,313660,0.9678948900028383,0.9453750464225832,1.1636827447162579,19841.478062678063
nonaquatic,16789,311499,0.40885497805876586,0.42078163754000397,0.4924800900367832,3566.640512820513
nonaquatic,17072,313598,0.7674069564817746,0.791362279020979,1.2058816346109134,12995.861666666668
nonaquatic,17220,311500,0.4923694514555824,0.4987327640018315,0.7325209816403828,3903.0754166666666
nonaquatic,17418,312735,0.938697565692944,0.8498408644688648,3.973414780457637,16200.711111111112
nonaquatic,17862,313689,0.9956589315525575,0.7131117823129253,1.2115884137355295,25051.9
nonaquatic,17866,312379,0.7871093771750118,0.8853654292442256,0.6098140603904972,7886.240476190476
nonaquatic,17893,312262,0.5348177861377111,0.45488383349031913,0.6639668003011474,4426.495
nonaquatic,17905,313132,0.36824437389770737,0.36213127879527895,1.7569312345679005,3007.6444444444446
nonaquatic,17909,311084,0.36210140589569173,0.40036365881737307,0.45779573696145054,2591.666666666667
nonaquatic,17914,309282,0.6252186531315675,0.6556325235106999,0.6972449125338734,6034.793803418804
nonaquatic,17940,310275,0.5872428388911122,0.6749599144078141,1.2995375037792884,4114.123333333333
nonaquatic,17946,311113,0.430581279178338,0.5748547252747255,0.6211603174603166,13712.05
nonaquatic,18062,314134,0.5445078742608156,0.42995745054945067,4.609881878306877,4653.422222222223
nonaquatic,18191,312313,0.7783463747279431,0.8337213620268623,0.9798927650111224,10745.93611111111
nonaquatic,18424,311919,0.36170449699879953,0.31997371282051285,0.36033326530612225,10473.873333333333
nonaquatic,18470,310868,0.6738396965778549,0.5275444205128206,0.9234577292383533,19658.5025
nonaquatic,18516,310990,1.1186763634213375,0.8296750691261122,3.980112590826185,10037
nonaquatic,18568,309142,0.3229245059353032,0.3188325195874302,0.4647217015389288,18148.950854700855
nonaquatic,18615,311105,0.2632525863678806,0.25028468131868126,0.3748025226757364,2256.566666666667
nonaquatic,18632,309447,0.7616373766173139,0.839181221873365,0.9791670815295807,5309.466666666667
nonaquatic,18701,313477,0.9330724419201215,0.761466190228819,6.032100293208604,17161.46222222222
nonaquatic,18708,309667,1.1193545914836525,0.8217715591836737,1.1369216273522398,28185.68
nonaquatic,18767,309590,0.6679623641509337,0.45015128121014797,2.5650040683532054,22710.465185185185
nonaquatic,18853,311134,0.3863603925495568,0.3497100449392713,0.43186677005466023,3626.3632478632476
nonaquatic,18887,310117,0.3307803770066145,0.34214193197278914,0.5036308508385032,2829.633333333333
nonaquatic,18891,309161,0.6331965541094096,0.7337914292374289,4.484260319079784,4165.496212121212
nonaquatic,18904,311416,0.8170279820297934,0.7643021694813961,0.904328915059126,5633.022136752137
nonaquatic,18975,313357,1.0437559116917987,1.0211650930022356,1.4973037752591305,28364.583333333332
nonaquatic,18997,314224,0.7101847589869282,0.6446739660256411,0.9211274442125327,6118.679166666666
nonaquatic,19004,309610,0.4957027621640785,0.6882796366300368,0.6554950209314487,15813.006666666666
nonaquatic,19070,310361,0.4480869785247435,0.4879027314285715,0.7490254036281169,3612.9066666666668
nonaquatic,19130,310952,0.3821038118580766,0.3603547234432234,0.5203782369614506,3406.1099999999997
nonaquatic,19153,310381,0.3818212479158332,0.4177557396520147,0.6066124050453505,3076.8041666666663
nonaquatic,19214,312673,0.5128135360769567,0.4936301343101343,0.7664511958059569,23269.033333333333
nonaquatic,19217,309673,0.5338384299553156,0.7076350160256412,0.6805452947845801,14332.358333333334
nonaquatic,19310,310371,0.7304093858520186,0.7736966398901509,1.4354009082599435,5777.204197530864
nonaquatic,19385,313996,0.44031001354790295,0.4630495311355312,3.574868276545827,10398.133333333333
nonaquatic,19520,314310,0.6763065646245189,0.6282757718472005,0.7663634310134302,8867.62380952381
nonaquatic,19670,312177,0.7486588335334132,0.8892286596736599,0.9721436765615329,5582.1500000000005
nonaquatic,19770,312633,0.6256151191587748,0.5968353282051282,0.5540028363567647,4906.168888888889
nonaquatic,19838,312594,0.6846766685340806,0.5502923985347985,4.2722708956916104,7253.293333333333
nonaquatic,19962,313746,0.7441286207902744,0.6336103885280255,1.0125534321670422,18485.937936507933
nonaquatic,20203,313567,0.3450258049886622,0.33680102564102565,0.3250642970521539,2752.62
nonaquatic,20218,309311,0.997362313146446,1.0557150587190587,1.4064992029575343,6927.544444444444
nonaquatic,20269,309957,0.5463004295051356,0.4977096945720945,0.560157845804988,14944.973333333333
nonaquatic,20314,310619,0.4355337498347265,0.48809604962406017,0.5531624389364517,4466.434188034188
nonaquatic,20316,313520,0.5389369638662819,0.6550879835014484,0.8342821370209732,10523.110345441595
nonaquatic,20348,313304,0.7645035200311973,0.9151168831168834,1.32071879179022,38990
nonaquatic,20430,313975,0.6736551473922904,0.6508856818419676,0.9625681932296716,4992.459523809522
nonaquatic,20501,309217,0.6418600811157799,0.6172179583333334,0.9576781816893412,5319.045833333333
nonaquatic,20532,313402,0.7869102871148461,0.6221972314352315,1.023726998299319,5516.708333333333
nonaquatic,20540,314104,0.7884232080429072,0.7967356124542124,2.4896425120940986,10626.518333333333
nonaquatic,20594,311436,0.6110024813326762,0.5393483357303517,0.6874840820057864,5469.32621082621
nonaquatic,20650,311509,0.39525464606720817,0.38804666393506243,0.5473105369273441,3331.679995929996
nonaquatic,20728,310049,0.39871381886087764,0.3166787701187701,0.45010119047619,16724.055555555555
nonaquatic,20779,310167,0.5516548506069097,0.5284316095238096,3.6830812358276632,4026.1066666666666
nonaquatic,20940,311604,0.4279985936114076,0.437959581270484,0.5720900305666142,3683.63094017094
nonaquatic,20941,309132,2.104708540104597,2.1858329183535763,17.70508031214408,13824.846153846154
nonaquatic,20949,309478,0.4930674911227261,0.5351388183294776,2.5501594395218787,3757.0465811965814
nonaquatic,21002,311789,0.9068781582764937,0.9471525966872637,1.1144620210170029,7758.707407407408
nonaquatic,21033,312368,0.5909964874838827,0.6688959757544042,0.8421343374218363,5585.249999999999
nonaquatic,21235,310352,0.6000680809034059,0.7688859459417777,0.7341695390315782,14686.969230769231
nonaquatic,21267,311135,0.8668181530700139,0.7214385230769234,6.917635214597916,7706.5999999999995
nonaquatic,21285,313915,0.6012033926199557,0.6601699276600893,0.8680411888519812,5825.660886446887
nonaquatic,21328,314054,0.7107145938375351,0.5580794592074592,0.7801850695732833,13493.519999999999
nonaquatic,21337,309791,0.39538458605664495,0.38742722832722837,0.3761139112210539,3656.666666666666
nonaquatic,21341,309909,0.26983220510426403,0.2583434847374848,0.31295792405345946,2380.452777777778
nonaquatic,21362,310039,0.4211317180205416,0.3483380805860806,0.4997700226757364,12521.82
nonaquatic,21365,310941,0.609569708223919,0.6463098173510703,0.6637786260881567,7384.312606837607
nonaquatic,21371,310781,0.3277761203147928,0.3131121549764521,1.9334789399092964,2937.3646666666664
nonaquatic,21375,310226,0.8964509103641458,1.646558,0.9210364710884347,7396.65
nonaquatic,21428,311844,0.4457111733582323,0.33428444444444444,0.5036874527588807,3424.3333333333326
nonaquatic,21449,309552,0.4824434812565347,0.556352201050178,0.6922257841836332,4412.381367521367
nonaquatic,21458,311577,0.5206928727046375,0.7465037606837609,0.60328790627362,9614.31111111111
nonaquatic,21539,311615,0.46439585601053024,0.5012334161242267,0.5805072420698264,3997.2008547008545
nonaquatic,21540,311387,0.3715395731625986,0.3302898335949765,0.4779691528992543,2565.109523809524
nonaquatic,21581,311954,0.24319954365079371,0.2264006164668665,0.2954868339002266,2476.766666666667
nonaquatic,21600,310206,0.5655100531045752,0.5181842293956045,1.0951153415532873,4635.645833333333
nonaquatic,21604,313855,0.7961384758701866,0.7931568454363931,4.660239938559434,11356.623327228328
nonaquatic,21616,309151,0.6029322706022018,0.7862240216450216,1.8163546037870564,5418.457070707072
nonaquatic,21630,309600,0.40863839708948096,0.4597141829663116,1.0915943907126315,3500.4550468050465
nonaquatic,21657,311711,0.49784535091814514,0.44247745526695526,0.627809967876039,3890.294444444444
nonaquatic,21658,312545,0.3523761970009626,0.36827371245421237,0.5366179473814328,5242.058333333333
nonaquatic,21682,310550,0.43613735877806054,0.39684458591992805,2.0501528355460605,4209.156267806267
nonaquatic,21693,310942,0.5083049804632297,0.4873311918159035,0.5542345186234153,4845.10923076923
nonaquatic,21767,311006,0.3598376640674511,0.35672913318392147,0.42376748035990724,3122.655235042735
nonaquatic,21770,311024,0.6783506380329913,0.610047277167277,1.0105693499622057,5541.444444444443
nonaquatic,21777,310265,0.3695568943577432,0.3491925270329671,0.49226347619047567,3212.606666666667
nonaquatic,21825,310601,0.455440395356072,0.4672161864294436,7.750886816723841,10784.012222222222
nonaquatic,21827,309975,0.3758032216658029,0.4234855516271873,0.48309623469987406,2837.8271490414345
nonaquatic,21977,313171,0.532851322751323,0.5178470803418804,6.790201084999657,5207.611111111111
nonaquatic,21987,310969,0.3425370610904818,0.41453815517815523,0.45002729955229903,2659.7333333333327
nonaquatic,22039,312456,0.438972609710551,0.3816327904761905,0.6002898072562357,4998.033333333332
nonaquatic,22084,310790,0.35793975219678,0.3187711081517122,0.5116503376514373,3563.4619047619035
nonaquatic,22093,311850,1.176191890481683,1.0703319047619053,1.0841412941367015,12223.6
nonaquatic,22098,310186,0.6817937711750901,0.591270393571842,0.6752815642755351,19116.925427350427
nonaquatic,22203,309860,0.31859438775510207,0.27061597924297925,0.3697289012574722,3029.5555555555557
nonaquatic,22242,311114,0.366731724689876,0.30922630915750915,3.1612006122448975,10707.953333333333
nonaquatic,22271,309820,0.35616736131682125,0.40286518110213854,0.4459602772069636,3599.3809523809523
nonaquatic,22274,312369,0.43506513748356507,0.4286781100396202,0.5602420553935852,3481.4095238095238
nonaquatic,22310,312282,0.6301533366555722,0.4241162722832723,3.24279173934531,12032.166666666668
nonaquatic,22317,312157,0.6372710632824562,0.73702039739852,0.7317538713036225,4419.452380952381
nonaquatic,22391,312969,0.7113679492749482,0.670525752913753,12.53493157596372,5386.995238095238
nonaquatic,22395,313035,0.31022992063492066,0.32206360439560433,1.1913930130385482,2656.45
nonaquatic,22399,312263,0.6911350997259308,0.754452163267685,0.8226692020330136,5759.820000000001
nonaquatic,22405,311945,0.652180596329853,0.5565886784332628,0.579625005937171,6934.7192022792005
nonaquatic,22408,313997,0.6871725156729358,0.6561513675562533,0.9154611337868471,14386.768333333333
nonaquatic,22414,311510,0.3524805205439831,0.32186905828674245,0.4513550810076027,2531.418091168091
nonaquatic,22425,309123,0.40407302170868364,0.4127361602564103,0.5819134701607909,3465.9
nonaquatic,22474,310658,0.5993719772437456,0.574557435008604,0.5968001190514874,5287.744763532764
nonaquatic,22551,309255,0.6792161131119115,0.5382741506112935,0.763445351473922,4802.5999999999995
nonaquatic,22596,311681,1.2213894609829534,0.8831061638847064,1.1071551395766734,21582.012244897956
nonaquatic,22617,311909,0.2876699722269861,0.35565389615260035,0.3173455140219351,3346.9944444444436
nonaquatic,22653,309301,0.4909657108193373,0.5541841726128508,0.49220738462541097,3763.4350427350423
nonaquatic,22659,312398,0.5408077941176472,0.6074888868131869,0.7576174025974015,4632.206666666667
nonaquatic,22699,313690,0.7969537489866861,0.9265907934351365,0.9374415227990979,15261.945
nonaquatic,22704,311703,0.5711055182072831,0.5101695384615386,0.512978996598639,16955.505555555552
nonaquatic,22720,310236,0.44147089569098863,0.3949423116525379,2.0705293095296238,3790.4366666666665
nonaquatic,22721,309984,1.1986280722711855,1.3560193563552094,1.189877172700329,8193.700865800867
nonaquatic,22722,312546,0.2962024320022156,0.2950262804814234,0.4941634059399987,7214.758333333333
nonaquatic,22723,309850,0.3797006242496999,0.4047052307692307,0.4787181292517002,3130.7533333333336
nonaquatic,22751,313945,0.5360010260104043,0.4761929900956186,0.6872364681067225,4037.6985714285715
nonaquatic,22874,314272,0.45865404972446494,0.35797287130647126,0.48910834359140415,4042.58888888889
nonaquatic,22904,312745,1.2419283820066043,1.403763514028399,7.53962848048653,9707.770695970696
nonaquatic,22996,310481,0.8598824687208219,0.9430004161172162,4.3652101927437625,25730.31333333333
nonaquatic,23072,314337,0.6178923930521344,0.3234200357417771,0.3865854827560548,3382.8244017094016
nonaquatic,23143,312717,0.7055323006970216,0.8174565030525032,4.801728719208481,5400.544444444444
nonaquatic,23236,312802,0.35274346988795524,0.3536545741758242,5.072350676406925,3206.4666666666662
nonaquatic,23253,312593,0.6638673929590077,0.8840948927077311,0.7752120339313354,4819.516068376069
nonaquatic,23254,313787,0.5838007694878965,0.5524986979690681,0.8378307607209066,4756.186851851852
nonaquatic,23368,312148,0.9968259064943784,1.06134337975358,1.245411312939705,22110.135
nonaquatic,23452,313956,0.37010994231025757,0.3242149349269778,0.45826945173307376,3251.583333333332
nonaquatic,23478,312437,0.32347809990662946,0.29408350068027206,0.4188171056041461,3514.671428571428
nonaquatic,23487,310696,0.6245610130748152,0.6586714193946404,0.8832634338407452,6443.535042735042
nonaquatic,23585,312708,0.8440849719936616,0.7860153761583446,1.012439544616731,7345.929515669516
nonaquatic,23722,313250,0.6331622536528343,0.43698619641691644,0.5314879865294552,3646.775333333333
nonaquatic,23756,314026,0.52602781392849,0.5541630067855354,0.5976657195962597,11936.08970940171
nonaquatic,23774,312303,0.5295219374445631,0.4740367556583767,0.6680554808413642,4722.435042735043
nonaquatic,23879,309339,0.33699263085234105,0.30063635428571434,0.6852362670068023,7402.203666666666
nonaquatic,23895,309964,0.4126804776211146,0.5084150337440339,0.5092281749138969,3340.96388888889
nonaquatic,23977,310762,0.45922166025878797,0.3838982934514465,2.7938204358128655,8842.607142857143
nonaquatic,23990,311817,0.3432940942457036,0.35562840262515266,0.467547273460666,6635.652777777777
nonaquatic,24134,312109,0.7020356925684523,0.7660661551781552,0.7004456185636301,4461.92297979798
nonaquatic,24246,312919,0.575361731092437,0.7040017667399269,3.8881097748299314,5296.399333333334
nonaquatic,24271,311547,0.43420094304388435,0.6538476234432234,0.5829786167800449,3956.3866666666668
nonaquatic,24273,312242,0.5773630131076756,0.47020905627195947,0.6343461722012191,4966.265476190475
nonaquatic,24282,312380,0.4133700095245136,0.4537149060993429,0.6011121434415376,3974.3557142857144
nonaquatic,24287,309401,0.4051494379084969,0.4402801764102566,0.6402425532879811,3611.6666666666665
nonaquatic,24321,313916,0.6906449313564512,0.5965737993281718,0.8374764724417366,5832.715416666666
nonaquatic,24414,311220,1.0927922385693907,0.983745782252835,1.043715170872737,6626.737606837606
nonaquatic,24434,313036,0.41894635815657094,0.42189757870935657,1.0722371639508506,2949.493827160492
nonaquatic,24569,312417,1.0178406724550288,0.6918651907901625,1.0971129645613198,9521.023333333334
nonaquatic,24633,312149,0.9504196953781515,1.0522406071428576,1.0999399234693867,7268.125
nonaquatic,24712,313946,0.6163257628968256,0.5521844945329671,0.8335927629225924,5729.958749999999
nonaquatic,24860,311616,1.254781950298422,1.1383782769756239,1.6814688569970664,24494.896438746437
nonaquatic,24932,309330,0.4364109781913377,0.5519403651590712,0.5761681593621681,4062.902701465201
nonaquatic,24936,312614,0.3290973389355743,0.30921476190476194,0.5107261904761898,12549.916666666666
nonaquatic,25015,309840,0.3610941585523099,0.3599901025641025,0.4445730820105814,2858.483333333333
nonaquatic,25076,311790,0.9926968534116792,0.9058215810198578,1.150197782045315,8764.943803418802
nonaquatic,25162,309409,1.0083772898096768,0.8598010854564537,1.010570204618105,10814.125071225071
nonaquatic,25222,314225,0.5703583113245301,0.587444041025641,0.8160168027210875,5876.179999999999
nonaquatic,25228,312216,0.41542569970019494,0.38198774631289756,0.5354464852766073,3996.5729700854704
nonaquatic,25245,313865,0.6322690174403095,0.5417972656510157,0.7289827097505664,9947.133333333333
nonaquatic,25254,312199,0.4732023837859934,0.4447200480688902,0.6967879572585632,5041.0284900284905
nonaquatic,25370,310806,0.6679015489565641,0.7827937723999059,1.0531834570350065,5794.57297008547
nonaquatic,25381,312370,0.6908435515873019,0.7642183473312402,0.8204987103174598,6176.541666666666
nonaquatic,25393,309467,0.679862860491274,0.9061233558441559,0.7105240707187737,4621.523636363636
nonaquatic,25527,310998,0.4400775128840355,0.418665872984725,0.5963176703612132,6961.724206349206
nonaquatic,25529,310970,0.30323313142582853,0.31995561524894855,0.4591784362969987,2561.814814814815
nonaquatic,25750,312207,0.65789510270775,0.6223755201465203,0.7883550801381151,14964.116666666667
nonaquatic,25797,311975,0.7176995573229292,0.6582385595238098,0.7518340561224489,5299.833333333333
nonaquatic,25842,309437,0.4351618566760039,0.5674993487912089,0.5721954240362805,4019.9099999999994
nonaquatic,25891,309810,0.6436473663243076,0.6821114422466423,0.9081215154950867,11844.664444444443
nonaquatic,25925,311798,0.5635417484215174,0.5569498123899492,0.7825826986140612,5361.6345868945855
nonaquatic,25926,309171,1.0389423513849987,0.9828890073260075,21.504341005291,21489.3
nonaquatic,26256,310227,0.7478717999634774,0.7476768112874781,6.989849249769371,7270.474074074074
nonaquatic,26282,312746,0.5346213034547153,0.5081552043956045,1.8174653287981857,4105.2
nonaquatic,26672,311183,0.5300476733382994,0.509850171638587,0.8649977789506619,7700.623042735042
nonaquatic,26775,311834,0.6917985533546753,0.6932219849816851,0.8235045928674495,10972.986666666666
nonaquatic,26815,311585,0.7004015448233626,0.6473245610061977,3.4153059274461612,5324.034310134308
nonaquatic,26834,309920,0.337999124094082,0.29243599511599516,0.3155857744107741,2684.622222222222
nonaquatic,26851,313451,0.8637130754849007,0.7067633094796361,1.2111813968414922,15881.42857142857
nonaquatic,26912,314262,0.3970541135889182,0.38383721828472284,0.4664348547822886,13642.207985347985
nonaquatic,26978,314027,0.5626832567929155,0.4749085478965479,0.6503436442531323,9343.672222222223
nonaquatic,27034,312755,0.4947301540616248,0.4969117576423576,3.5309838945578216,3936.341666666667
nonaquatic,27252,313478,0.9118088441501488,0.6611005565862711,1.0585266967110287,25759
nonaquatic,27283,311025,1.2764467411944609,0.9187051925153459,1.7373386397304598,56465.34603174603
nonaquatic,27339,313805,0.4229709344802522,0.3520950476114362,0.48456310247625556,3990.109444444444
nonaquatic,27341,313587,0.6109615022610351,0.5055642463980466,2.09601809948366,14029.36
nonaquatic,27424,313103,0.45417879018857915,0.3715203186427608,8.982040424680047,4497.156752136752
nonaquatic,27577,311920,0.5712518865879687,0.6050695119047621,0.8566354733560086,19621.958333333332
nonaquatic,27615,309929,0.7078353042905718,0.7872140222549385,0.6987081425316619,5294.951282051283
nonaquatic,27628,309457,0.3779773295985061,0.4124074139194139,0.42613337868480683,3327.0133333333333
nonaquatic,27709,311899,0.382677213468721,0.4295560856227107,0.5539293721655324,3691.204166666667
nonaquatic,27768,311230,0.41834837379396206,0.30089106227106227,0.4759575585789867,2827.4944444444445
nonaquatic,27798,313395,0.6988945115269514,0.6674554085353244,0.8513899764340901,5935.356837606838
nonaquatic,27847,311162,1.509852246742975,1.8065025516676312,1.5531426259236176,10140.839743589742
nonaquatic,28068,314135,1.0016019983660134,1.0819034995970698,0.879879036848072,9006.675000000001
nonaquatic,28076,314124,0.9291242296918767,0.7898648834498834,0.9484028061224485,25242.05
nonaquatic,28079,314115,0.6063106401427237,0.7001300862051282,0.7768895129148624,5550.562333333333
nonaquatic,28088,311712,0.6534990507314039,0.7372345079365081,0.6659811413454265,6196.466666666666
nonaquatic,28095,310246,0.5432813125250102,0.5756431713048854,0.7830372448979579,3996.1333333333328
nonaquatic,28096,313094,1.695573786656656,1.5785145666666673,7.396187867404039,17197.525
nonaquatic,28313,309881,0.47429375226430537,0.4401958466422467,0.8193059029596605,4361.544444444445
nonaquatic,28341,313767,0.6440141575106235,0.502369368996174,0.7669391381957845,5022.463428571428
nonaquatic,28346,313331,0.5208246887692607,0.5804770958164645,0.7220720375735095,4282.502849002849
nonaquatic,28350,311995,1.007946560846561,1.3442500743700745,1.1594770786092206,21870.17777777778
nonaquatic,28361,313986,0.8283874761950991,0.8115373903663005,1.1025186617478813,7444.30215099715
nonaquatic,28364,312709,0.5271687774367616,0.42636180264121853,0.6181737269129167,4774.332008547008
nonaquatic,28466,310040,0.5203709412931842,0.4477356753663004,0.6506105087868473,4201.104166666666
nonaquatic,28472,312024,0.9839749455337692,0.9056749206349209,1.20960865457294,9667.366666666669
nonaquatic,28510,313679,0.9132896826547036,0.7186297798555188,1.1639344865128487,18513.770476190475
nonaquatic,28607,310098,0.49083689589373375,0.41917616573742034,1.1218414292502612,3340.8778632478634
nonaquatic,28610,310570,0.5309483977591037,0.5179571516483517,1.949853367346938,4115.986666666667
nonaquatic,28631,311568,0.9668905112044818,0.8234498831057834,0.8067754983508557,20409.472222222223
nonaquatic,28643,310932,0.362091304466231,0.3697747108058609,0.515216342592592,2735.252777777779
nonaquatic,28671,311045,0.7701275863135192,0.5466423240151663,3.90653097235634,21595.084045584048
nonaquatic,28720,314215,1.0079035387488329,0.8258558219780219,1.5522649809317655,17302.946666666663
nonaquatic,28893,310953,0.6444751838235294,0.6812895407509157,1.154459374999999,6086.695833333334
nonaquatic,28940,310088,0.40512526937675725,0.3802971213554439,1.232992401936066,3186.380227920228
nonaquatic,28950,310954,0.464386932106176,0.4334857287284144,0.6673978652413338,3648.333333333333
nonaquatic,28955,312535,0.5144339114139784,0.6046397079016221,0.8778237660912744,11386.036666666667
nonaquatic,29062,312129,0.6226496491930107,0.7308196117216119,2.4981354988662123,4880.713333333333
nonaquatic,29136,312035,1.02974824151883,0.753441534021534,0.8859812169312166,19566.31111111111
nonaquatic,29397,312476,0.4403342267650062,0.45844553224210455,0.5729992552781746,4555.955112942613
nonaquatic,29467,311094,0.3068396202925616,0.28125428669108665,0.4398632955404378,2493.491111111111
nonaquatic,29699,314084,0.4214350648456603,0.3470770221997302,0.47972345659138965,4051.7006410256404
nonaquatic,29869,309541,0.8971607197347707,0.999927568665253,1.0317195788774576,7082.523646723645
nonaquatic,29991,309418,1.1222637830380535,1.181630791941392,1.597109548521943,12207.726666666666
nonaquatic,30155,310878,0.3924986883772785,0.3893631310902502,0.45062530526941125,4633.023148148148
nonaquatic,30163,313747,0.5209289628620681,0.5118733184080749,0.6295988208262123,3844.945712250712
nonaquatic,30189,310147,1.0293893611933165,1.0097329938045496,6.608380680887339,14783.754320987655
nonaquatic,30323,310733,0.98832463741052,1.129678560683761,3.4652676738473147,8893.055555555555
nonaquatic,30714,312767,0.4353123342670403,0.4215162168498169,4.216506759688723,3929.3083333333334
nonaquatic,30829,310382,0.41464658290274636,0.38706933074995176,0.5453476329749446,3563.288376068376
nonaquatic,30911,309236,0.7128764530848823,0.9092286000841264,1.0090318909919227,14951.652136752136
nonaquatic,30941,310551,0.7125390388673711,0.5275080834253466,0.7282593978769136,4108.759401709402
nonaquatic,31106,313927,0.8789010784313728,0.875169795897436,1.0706069656771788,11399.418333333333
nonaquatic,31235,310677,0.4694336859188121,0.5372284144078145,0.5835164276266057,3690.7416666666663
nonaquatic,31236,313458,0.6167269325840234,0.6195497793040292,1.0366960650992019,9770.058333333334
nonaquatic,31241,313133,0.6296444211017743,0.7162371062271062,3.9322620464852593,4549.066666666667
nonaquatic,31252,309188,0.6206688538748834,0.5288764912087913,0.7807078689960827,5951.4
nonaquatic,31263,313419,0.7246677193437239,0.6775551833247141,0.8784950714125951,14868.409116809116
nonaquatic,31265,313024,0.6207296832542541,0.6459835656724229,3.5433112953514736,5401.297619047619
nonaquatic,31351,310511,1.180069628295763,1.0849749915227633,1.472626546416546,15748.45111111111
nonaquatic,31354,313599,0.6945637052781897,0.5883003405661005,0.8040561036605108,6046.976000000001
nonaquatic,31517,311309,1.046317265795207,1.0720029331779335,2.1231981155088295,9734.066666666666
nonaquatic,31535,314074,0.7686978480392157,0.6257958232600734,0.7710216639610383,7807.657499999999
nonaquatic,31687,312272,0.7720534473243611,0.8269030193208299,1.1819615829018086,7535.2297435897435
nonaquatic,31688,309627,0.3252343596262043,0.4181364896145521,0.5364015976584685,3950.6124999999997
nonaquatic,31734,311240,0.4915826838268266,0.5156048589065256,1.1542906920714013,3726.549074074074
nonaquatic,31789,310372,0.5808461796718688,0.6361011474525472,0.8223361324984527,18714.431666666667
nonaquatic,31889,312399,0.4035010457516341,0.4869131677655678,0.49192993764172266,3460.996666666667
nonaquatic,32018,312756,0.9755616757528581,0.9173735486596739,6.028162589576427,7756.1875
nonaquatic,32055,313632,0.8562177709541356,0.7941039070136214,0.9172104528149407,5310.422222222222
nonaquatic,32084,311406,0.5543701400560225,0.5186800175380175,3.8232581916099764,4419.638888888889
nonaquatic,32192,309302,0.8755385748792605,0.8338031703847533,1.1053363327360182,6390.208404558402
nonaquatic,32221,313617,0.7728984493797522,0.5666519122781981,0.8109332289734068,25619.283333333333
nonaquatic,32239,311417,0.7334508380047868,0.6746596824715636,0.8152634412618959,5519.794376068376
nonaquatic,32418,311642,0.49059256613756635,0.505884518947719,0.6783155677523528,3631.1499999999996
nonaquatic,32624,312187,0.990275381256144,0.9980323737160801,0.9467612250682584,13745.077619047617
nonaquatic,32734,312006,0.8245674778442456,0.7051503778813782,0.87251217255312985,8335.84027777778
nonaquatic,32739,310168,1.2096982040319404,0.9313459536019537,5.2676459176350825,14983.088888888886
nonaquatic,32785,309152,0.5016089635854344,0.4709031501831501,2.818096773861058,4512.2444444444445
nonaquatic,32796,310869,0.5682844226579524,0.5242309442557443,0.8170080820105812,5477.238888888888
nonaquatic,32876,309133,0.63771265581342,0.692313708097166,4.670857449950638,5963.183974358974
nonaquatic,32980,311463,0.6464652794451112,0.5233084578754581,0.598141422466422,4628.674999999999
nonaquatic,33025,310041,0.5187139900404608,0.42922681318681327,0.5127012093726375,14622.877777777778
nonaquatic,33026,312200,0.49708171490818576,0.5270574041514041,0.7674262282690848,4589.944444444443
nonaquatic,33033,311338,0.5431106715402167,0.4630578225371771,1.2869576480066711,4617.347635327635
nonaquatic,33094,312390,0.5524934640552073,0.5347276073799885,0.6769501604950443,5692.657709401709
nonaquatic,33247,313510,0.7894100995953939,0.6472598286158285,0.8741275759293612,5979.688888888889
nonaquatic,33264,311653,0.6799747082166201,0.6194550946275947,4.886222853535352,12380.261111111111
nonaquatic,33376,313209,0.8918756049733015,0.7962555476874003,6.7603426516855745,7179.984273504273
nonaquatic,33524,310501,0.5285772447868037,0.5505727569652569,0.6591285808767944,4409.927777777778
nonaquatic,33629,312899,1.0316096645382256,0.9382840979371507,7.255300730617224,9417.27094017094
nonaquatic,33636,312358,0.5538597883597883,0.5062707936507937,2.207546674225245,10964.5
nonaquatic,33656,309646,0.49221699194580054,0.423205181929182,0.6129192185598719,4925.077777777778
nonaquatic,33703,314016,0.42134571950158706,0.32006578975644234,0.4217989269081293,2867.8465669515676
nonaquatic,33841,311163,0.5665720021341869,0.5140806857142858,0.92032260770975,8462.466666666667
nonaquatic,33907,312150,0.7700770590903028,0.8580542776556779,1.0333346541950106,6223.453333333333
nonaquatic,34060,312831,0.51131016573296,0.4821047904761904,1.3205631150793642,3605.6249999999995
nonaquatic,34068,310773,0.3877600746965454,0.3047843239427239,0.32301909297052117,3379.453333333333
nonaquatic,34109,312563,1.4566903240181623,1.2052044269250053,1.3801071259968964,13099.496153846154
nonaquatic,34165,314292,0.8616968933729787,0.7709116842519076,2.47643567660609,9254.647190170941
nonaquatic,34185,311586,0.7718769601980208,0.7627316052836054,1.4482710186849412,6142.977777777778
nonaquatic,34186,309949,0.643795288237991,0.6169502369030898,0.8395593885045337,19638.56404151404
nonaquatic,34214,313895,0.5064013465394913,0.4548383465043728,0.5188741890885249,3500.8505128205124
nonaquatic,34310,313557,0.7634255555555556,0.5027768460428461,0.6085730828695111,10836.216666666667
nonaquatic,34372,312167,0.8063153908259156,0.9152610677462889,0.8885306045272016,12887.56170940171
nonaquatic,34460,311519,0.5495271695403199,0.48668278417722627,0.6494000659911182,3671.363418803418
nonaquatic,34602,313907,1.0110425312132698,0.8724018162064503,1.0344377289768198,7584.528034188034
nonaquatic,34616,313856,1.0321458673176134,0.9014576441021973,6.247615410200897,7764.681900691904
nonaquatic,34630,311936,0.4356406465963663,0.4582945029620585,0.4270123059818236,3240.576543209876
nonaquatic,34642,310059,0.44622152614278754,0.3942602413726625,0.5512862420982477,3378.7017094017087
nonaquatic,34645,309369,0.6874309990662932,0.6528380219780219,0.8659501133786839,5246.666666666667
nonaquatic,34655,313568,0.9706033470594505,0.839245301659288,1.4472823189175292,25907.760846560846
nonaquatic,34821,310412,0.7424229740785206,0.7292183931623933,0.9080049130763408,5381.288888888888
nonaquatic,34939,312324,0.4339832358570425,0.45311415422897916,0.6409141527919541,3757.967521367521
nonaquatic,35245,313294,0.4552796955951323,0.43517673895571096,0.5492076196745048,4013.1526666666664
nonaquatic,35387,312736,0.8272641015906362,0.728213350101565,5.468874286873838,6663.8155
nonaquatic,35658,313606,0.9548579225023344,0.7170853210256412,1.046369941043083,12045.676666666666
nonaquatic,35670,312488,0.4290852103501856,0.3716181210884355,0.6161296124774691,7816.366666666667
nonaquatic,35678,310638,0.29137194522253357,0.29345089621489606,0.4655520880574445,2480.255555555556
nonaquatic,35703,310753,0.7204659663865549,0.7323392981684981,1.2049526530612233,7421.866666666666
nonaquatic,35712,309745,0.46515505368814203,0.3553135146520147,0.45424199263038534,5902.108333333334
nonaquatic,35811,311046,0.3933833177715532,0.4614958485958485,0.5300021730914583,4027.7777777777783
nonaquatic,35971,312201,0.2928030645620766,0.27441065309427426,0.23150053546927615,2789.0150427350422
nonaquatic,36010,312427,0.4716005175775737,0.39351716523476526,3.505436631667159,4735.286666666667
nonaquatic,36134,311164,0.5614535416684916,0.6575633159128592,0.7011129574007232,4749.457735042735
nonaquatic,36331,310971,0.3853387370493401,0.3942002686202685,0.528153057832819,3388.3333333333335
nonaquatic,36491,313073,0.546248708372238,0.5647466422466422,2.9096729402872246,4388.211111111111
nonaquatic,36495,312080,0.5670057584920274,0.5153510369963369,0.7247200010381837,4295.761111111111
nonaquatic,36497,314317,0.5088719021365621,0.5139277250305252,0.6950873429899016,8822.827222222222
nonaquatic,36501,312757,0.5903343960733407,0.5640363042149831,3.5265917147522505,4941.908937728939
nonaquatic,36587,311047,0.5911520736096538,0.7003534050510892,0.6913142500792714,4730.034757834757
nonaquatic,36603,311594,0.7864369931342354,0.7843158257703453,0.9002621355291321,9709.795470085472
nonaquatic,36609,310763,0.3471328342957318,0.2970315054736396,1.3708541074521903,9119.032696377697
nonaquatic,36648,309882,0.43053642623716165,0.36321419413919426,0.3711639024170271,3566.3125
nonaquatic,36787,311791,0.47711360210750986,0.4729918163265307,0.5505505506964686,5404.004761904763
nonaquatic,36790,313987,0.7101485946378555,0.7254197548229551,1.187975790043289,5942.712222222223
nonaquatic,36827,309900,0.3245824907740875,0.3427470573870574,0.4233297473029612,2442.5277777777787
nonaquatic,36913,314293,0.7281907593991086,0.7337602738165008,1.0741401425367239,6756.7683333333325
nonaquatic,37022,311339,0.7047336723881756,0.609721673455492,1.3021740751373478,4646.151495726495
nonaquatic,37023,311595,0.383502186293008,0.34544915826241424,0.5126783818492907,3110.261068376068
nonaquatic,37040,311501,0.44779632819794596,0.6206562538461537,0.5833373752834463,3746.97
nonaquatic,37057,312785,0.5973514207997838,0.40657648070818075,2.59357250064137,3558.7109686609674
nonaquatic,37063,310602,0.3347965998058126,0.31003718963893256,0.4563743894630496,7555.0975
nonaquatic,37076,311471,0.3441405549443267,0.378711857097635,0.5363389598885994,3185.1716049382717
nonaquatic,37127,309792,0.8913322471210707,0.891692678876679,1.0464088246409666,6027.500000000001
nonaquatic,37153,311713,0.9668339434335902,0.988129523809524,1.0823246002693245,5987.066666666667
nonaquatic,37173,311192,0.3646252148105786,0.39070992555835965,0.5353534271389843,3001.470868945869
nonaquatic,37293,313433,0.5251703539056298,0.42975157985072593,0.5855775101805126,7074.682564102564
nonaquatic,37689,312428,0.559715262104842,0.5941194073888019,0.4835323537414965,5260.168000000001
nonaquatic,37721,314282,0.42447155929184266,0.5088292452284559,0.5076626359319167,3883.6883547008542
nonaquatic,37859,312909,0.4960630662931841,0.43586261525141523,2.164022800453514,3419.363333333333
nonaquatic,37904,310089,0.4207155545228307,0.45051470704453445,0.6769208988654929,3137.2505982905986
nonaquatic,37952,313866,0.47432228981502067,0.4043611254831814,0.5752390921441152,9214.210744810745
nonaquatic,38130,312960,0.4276947076608423,0.43802906249306256,2.6462626322751324,3570.255555555555
nonaquatic,38133,310472,0.8129588958916903,0.8165834128205127,7.28491912131519,6953.916666666667
nonaquatic,38295,310023,0.6876310408587173,0.7048350866910867,0.7908686723549807,7238.427777777779
nonaquatic,38425,313163,0.4101428834051863,0.4257450080007711,0.6076190279789543,2909.5219017094014
nonaquatic,38428,312447,0.8290037062444024,0.8488285943987985,0.9722812254153359,8100.142857142858
nonaquatic,38429,313284,0.34817866633257577,0.33276200536539485,0.9972055674629359,2832.9029629629626
nonaquatic,38439,314204,0.6292071153186313,0.6912405025988049,0.9989306389657623,4828.980085470084
nonaquatic,38443,313680,0.8815324850892072,0.7359956189966325,0.9502640137959756,14283.121897435896
nonaquatic,38446,311740,0.5120329813287833,0.46438337983420086,0.5600552061557322,3761.3650427350426
nonaquatic,38462,312573,0.3110442226890757,0.3081785476190476,0.5325553571428566,12884.416666666666
nonaquatic,38469,309883,0.4320935511211032,0.3295991115551116,0.641090610434819,3632.3611111111113
nonaquatic,38613,313957,0.47222625450180084,0.40171852600732605,0.595978809523809,4570.126666666667
nonaquatic,38615,309831,0.9574890452874191,0.8896216790465177,0.9328437811513468,17283.67094017094
nonaquatic,38641,313936,0.557950124037332,0.5305095279958136,0.7543260461344147,4334.977826617826
nonaquatic,38675,311732,0.4493718217867023,0.4415647523426866,0.5421880501548577,4088.8597578347567
nonaquatic,38706,313757,0.4843105985082184,0.4641549122192882,0.6542119893694273,4136.839902319902
nonaquatic,38716,313251,0.5422301780712284,0.5117072091242092,2.766853698979591,4090.7166666666667
nonaquatic,38719,310591,1.2467516973650694,0.899607598162072,2.4625771663044853,7971.811396011395
nonaquatic,38820,309726,0.5740935371745598,0.36347587362637374,0.4551086426599624,5001.516666666667
nonaquatic,38823,310609,0.29830370386249755,0.2798640026164312,0.39045594428247443,2690.5809523809526
nonaquatic,38836,310473,0.5189044990662934,0.5398629739926738,2.025215674603173,4303.043333333331
nonaquatic,38847,309735,0.7179451752605807,0.9009010733722062,0.8237750245846628,6143.439285714286
nonaquatic,38851,312889,0.3498854853052333,0.4020968066748067,3.8482110355253205,3400.407407407407
nonaquatic,38904,310697,0.5882083846930477,0.7064605017929438,0.9119488033648556,5168.936752136751
nonaquatic,38994,313661,0.7887159906629322,0.6888148595404594,0.9876154195011327,24862.78
nonaquatic,39017,312359,0.4120114379084968,0.37557523809523813,0.5613966893424029,10866.56
nonaquatic,39027,314173,0.5774573842506453,0.3906008175300891,3.5463616987676883,14499.445
nonaquatic,39037,313965,0.5010823209283716,0.49848760879120885,0.6337748237476803,4120.3133333333335
nonaquatic,39043,310943,0.6263859967417584,0.681471841083478,0.8613125766587362,6841.733475783476
nonaquatic,39046,312178,0.7970455817861997,0.6435442978354979,0.8825291968172913,5362.928888888892
nonaquatic,39094,309506,0.5609488655462186,0.5107700598290598,0.719659240362811,4454.077777777778
nonaquatic,39183,312208,0.6249753266627563,0.7627042783882785,0.810911562617276,4800.7
nonaquatic,39184,312418,1.14682905724403,0.7598148472525686,0.952181948281866,12293.68407814408
nonaquatic,39210,310187,0.3349103360455295,0.38853604102564115,0.5532021050642474,9417.297777777776
nonaquatic,39368,310659,0.5997654411764706,0.7285288199023198,0.7527403911564617,4738.75
nonaquatic,39389,313238,0.4263316304299497,0.30782489167974886,0.5014175359032498,16011.855555555554
nonaquatic,39436,310148,0.7300932259603466,0.8500370008229426,5.471084005821145,8718.582407407408
nonaquatic,39451,312438,0.44772436462035903,0.46448062698412695,0.7432051225363797,3574.1388888888887
nonaquatic,39468,310198,0.6702506563740847,0.6873987430607823,4.006893647322422,5516.023076923078
nonaquatic,39471,312910,0.3325304668534082,0.3082927798867799,1.9832747732426297,3441.016666666667
nonaquatic,39475,313452,0.6984418756384062,0.5222569876971102,0.8073622043552698,12926.152380952382
nonaquatic,39502,313007,0.5764267854808591,0.5071069103063602,2.2147471626984117,8633.428333333333
nonaquatic,39654,309331,0.3644476142960067,0.4100951298476963,0.4861103382966844,3257.6671794871795
nonaquatic,39695,309359,0.3401235294117648,0.29772691575091564,0.46881865079365,2319.566666666667
nonaquatic,40023,310923,0.47327750715268946,0.7149976086095817,0.7476835089610862,15123.343915343916
nonaquatic,40052,310078,0.5350244411793904,0.5773116960979371,1.7144260434057828,4132.878376068376
nonaquatic,40055,313768,0.8144700152136933,0.8217795426773231,3.0511774926214215,21607.888106060607
nonaquatic,40061,310237,0.851413354210783,0.8299452571037987,1.2082676824299887,6820.145868945867
nonaquatic,40071,312554,0.6668544957889981,0.5816707482993198,0.8570865341008193,26898.13333333333
nonaquatic,40117,313716,0.630933711739038,0.5573990948480091,0.7246837616410129,3980.027142857143
nonaquatic,40138,310743,0.5194967200182348,0.42105675457875463,0.52671864061864,4941.583333333334
nonaquatic,40161,312340,0.9898714005602244,0.9304359340659342,3.308232199546485,10173.477777777778
nonaquatic,40172,311490,0.5788646045063988,0.5369223443223443,0.9090139817413618,5002.28888888889
nonaquatic,40188,311357,0.43748335278799183,0.4125030138866982,0.4537310739300239,6299.101424501424
nonaquatic,40226,309727,0.39151699696870895,0.3581399875457877,0.3555730355278491,3577.2466666666664
nonaquatic,40235,310724,0.39433323996265185,0.3864956043956044,0.5977179612451038,4023.7999999999997
nonaquatic,40262,309861,0.2889725923702815,0.25642744479330193,0.3077116124804898,2571.090476190476
nonaquatic,40298,310774,0.3505779878618115,0.39009721978021983,0.45480704365079305,3016.6666666666665
nonaquatic,40311,313588,0.5205858854652974,0.41161991941391946,0.6307057445200296,11271.144444444442
nonaquatic,40324,310860,0.6429413149704327,0.7333956793650797,0.7074335336356758,5404.833333333333
nonaquatic,40342,311427,0.39737044370635904,0.4393407787264177,0.5446013096776174,3228.888580246913
nonaquatic,40364,313886,0.8673746844914053,0.891816144611623,0.9501018921781885,7282.013425925927
nonaquatic,40476,313806,0.4269819139665595,0.3550194189349498,0.5137942023164606,8453.983347578347
nonaquatic,40671,312223,0.4994292561469032,0.22924238095238098,0.43086050642479196,10074.266666666666
nonaquatic,40714,311456,0.7220020616689451,0.8905902531328322,0.9445403725222579,6243.073076923077
nonaquatic,40723,311358,0.3889148459383756,0.3805593626373626,0.6469885204081627,13003.533333333333
nonaquatic,40727,311231,0.839414050241336,0.6457509157509159,7.022631406896202,6514.066666666667
nonaquatic,40817,310011,0.676692670401494,0.5192227106227107,0.45623308467326285,18552.275
nonaquatic,40896,311792,0.6722630718983447,0.713897196750618,0.6976065105259653,5998.835042735042
nonaquatic,40905,309283,0.6002649687787529,0.4612440103238867,0.7003478280392618,4919.609636752137
nonaquatic,40911,310228,0.670474929971989,0.9369641212121214,3.9375712585034006,5533.199999999999
nonaquatic,40948,311290,0.5085429821105586,0.6089045601985734,0.6806417585057029,4312.534401709401
nonaquatic,41004,312381,0.2809844722079898,0.2700732761563025,0.3364868426190633,3464.125510204081
nonaquatic,41019,312314,0.645558787325143,0.6372804597069598,0.8351161296807845,10573.8375
nonaquatic,41120,309237,0.5443007378382676,0.6625807895437896,0.885420683549254,18619.13333333333
nonaquatic,41150,310580,0.37994264705882363,0.3572006593406593,0.4828609887136666,2726.625
nonaquatic,41178,310714,0.3810897086677809,0.3324789458922031,0.4640414907088372,2990.3066666666664
nonaquatic,41257,312110,0.6479677625250739,0.7581707876193983,0.7534931125313175,4251.600854700854
nonaquatic,41462,312489,0.3532528631444814,0.30233836564625854,0.510088319451712,8015.541666666666
nonaquatic,41481,309601,0.5669057774310821,0.6431827446755001,1.5446145181101458,4755.849594017094
nonaquatic,41493,313377,0.7674970024629554,0.7284143687225056,0.8211962103948478,15196.719658119659
nonaquatic,41499,313053,0.562583915231724,0.46157278817848824,3.2177082184526222,10564.972222222223
nonaquatic,41514,310512,0.9252285611595482,0.9329097717833045,6.49581994754419,11323.074358974358
nonaquatic,41517,310079,0.31961645541549966,0.3435783974358974,1.241971058158111,2472.541666666667
nonaquatic,41570,310698,0.5053408543417369,0.5054539611721611,0.8027461564625842,5055.766666666666
nonaquatic,41571,312564,0.690983652357939,0.7801580223721697,2.461782894570111,6266.158081671415
nonaquatic,41600,313008,0.568225148225957,0.4812411139693641,5.250383234126983,4166.2
nonaquatic,41640,311528,0.41249560824538295,0.4048299037253474,0.5718887530643836,3395.2155067155068
nonaquatic,41656,313210,0.725991884487596,0.8663229702635086,3.6582359161928224,5582.737053224553
nonaquatic,41701,313199,0.5433464295051356,0.5797092073260074,3.7131126417233546,4573.566666666667
nonaquatic,41708,312081,0.4600732974254225,0.42311969230769236,0.606466783679283,7361.833333333332
nonaquatic,42027,310325,0.4647750748190751,0.43710461432757713,0.616681694357057,4131.606666666666
nonaquatic,42034,311171,0.6532653361344538,0.708893534798535,0.8315364370748292,4866.5999999999995
nonaquatic,42044,312130,0.5390999925895246,0.5385193152111047,0.5980088582196661,4031.445394112062
nonaquatic,42062,311291,0.4831511906405938,0.4765668079539509,0.6197905510164432,4847.775
nonaquatic,42088,312979,0.6443907563025213,0.609693361038961,3.4332035034013595,4871.780000000001
nonaquatic,42177,310306,0.49118832989862615,0.6207978460439563,2.998472240929705,4753.898333333333
nonaquatic,42194,310888,0.6540832845644703,0.7981227822353086,0.6840638043569114,14208.665015540017
nonaquatic,42203,312840,0.4914987210613125,0.3427590406235369,0.5367532542322672,3480.45894993895
nonaquatic,42226,312737,0.7739327050753118,0.7621285182528585,3.9426776347846992,6438.372444444445
nonaquatic,42240,312137,1.026193630791504,1.1187833865648389,1.010372728839117,7221.499620132955
nonaquatic,42316,312689,0.9310486636204683,1.009856695970696,2.56902966705913,12532.708333333332
nonaquatic,42367,313976,0.5993562210746817,0.5696292725831188,0.692053575435262,4982.939209401709
nonaquatic,42402,312264,0.5072701323836987,0.4769446908424908,0.6425748697246312,4674.263333333334
nonaquatic,42731,314245,0.4935685124049621,0.4911045195043053,0.5314157506184288,10077.866666666667
nonaquatic,42786,309292,0.6223168365720715,0.5756771521396084,0.7838324475371352,5102.202279202279
nonaquatic,42822,313857,0.7186277460522966,0.53005970669457525,5.764578227016554,12022.87492063492
nonaquatic,42954,309370,0.5012447223198131,0.5571914205725139,0.6896797638559292,5296.622814814815
nonaquatic,42964,313275,0.7314312386272313,0.5515228823043623,0.690632812321276,13907.331666666667
nonaquatic,42989,311632,0.674435601573963,0.6791762343275773,0.7379420975056683,4684.566666666667
nonaquatic,43009,311184,0.5099596058892584,0.4973260730390269,0.8226272617455307,6451.834554334554
nonaquatic,43025,309542,0.3546298474945535,0.4491563174603176,0.41766049697656804,3341.722222222222
nonaquatic,43098,311538,0.3285363106916731,0.3244854647387701,0.5059170060328514,2963.621260683761
nonaquatic,43116,311910,0.23134464452447648,0.2761897312053027,0.28521797254616105,2625.8472222222217
nonaquatic,43155,313727,0.6022531362979529,0.4848012625795259,2.984407352699253,6342.4677350427355
nonaquatic,43180,309939,0.28549501834842467,0.19773456410256418,0.2348962905452034,2455.633333333333
nonaquatic,43274,310176,0.9147125023342674,0.8406713304029304,2.569553934240361,10350.986666666668
nonaquatic,43293,310513,0.7138328024564006,0.7205522662865959,2.8990630080044553,8576.072649572652
nonaquatic,43318,311741,0.6420811881419238,0.7242245457875458,0.7523425878684801,4008.825
nonaquatic,43404,310687,0.6129555220024744,0.49741954352445816,1.3985632432510826,13428.551175213675
nonaquatic,43448,310080,0.364266407772138,0.3785512939545834,1.001827419725767,24090.735023741687
nonaquatic,43474,309591,0.582404724389756,0.8713492182460397,0.5887474914965981,5648.225
nonaquatic,43679,312929,0.43609298253733136,0.39972770913217126,0.6087451781654767,4131.991711843712
nonaquatic,43716,312341,0.7796866946851704,0.618452279255832,0.8644847428682019,7914.462606837607
nonaquatic,43907,314055,1.0616410240662737,0.9358621102597376,0.918164382688453,7419.764699498031
nonaquatic,43950,312525,0.8853762276553997,0.6569416952380954,0.890140547151261,11506.346666666666
nonaquatic,44057,313494,0.8364190761060074,0.7667838445600014,0.9439316852166353,6036.98527065527
nonaquatic,44085,311034,0.5484812049533176,0.5941765637054175,3.238702897051811,4546.412735042735
nonaquatic,44141,313633,0.8929825657893232,0.7630033927900671,0.972661449006468,7199.789333333333
nonaquatic,44172,313788,0.6954842299439707,0.5785878468539283,0.8849893500595338,4909.204404761906
nonaquatic,44186,309487,0.5876044212573922,0.614243702930403,0.9058755593348439,4542.669999999999
nonaquatic,44189,311845,0.3511629047774092,0.29836680272108845,0.42038356465907445,3145.2857142857147
nonaquatic,44207,312439,0.7157423065127198,0.6343434741554741,3.158764653907676,11035.68888888889
nonaquatic,44258,312822,0.4838086507936509,0.429150832967033,3.6892459503195205,7901.753333333334
nonaquatic,44268,309124,0.4901092342765387,0.44918526166377487,0.5045901016969035,4107.359401709402
nonaquatic,44337,312939,0.6861725186799759,0.5922031043570465,4.503696223999777,6368.986752136752
nonaquatic,44370,310207,0.7294767530345472,0.6771002326007327,1.0357909580498854,6602.083333333333
nonaquatic,44378,311742,1.159643592450163,1.2009604063220736,1.2301899536597585,10288.187962962964
nonaquatic,44469,313025,0.43353399137432763,0.2349688888888888,0.3931141345427055,2305.6666666666665
nonaquatic,44554,313441,0.5645823862626287,0.5072499969071746,0.6748072712775547,4153.439047619047
nonaquatic,44577,313351,0.6878105820105822,0.5307210940170939,0.8500461073318203,5196.355555555555
nonaquatic,44581,313009,0.6246334383777832,0.5550812373299214,5.868005019164682,4717.184757834757
nonaquatic,44596,313063,0.5163113211980643,0.4072089007133219,2.886847122770863,3924.588376068376
nonaquatic,44600,313835,1.0640492460390454,0.8389930436580963,1.0243038896935983,6944.337606837606
nonaquatic,44606,310818,0.4007238443695282,0.3569752554945056,0.43713647450433124,3708.5416666666665
nonaquatic,44607,312747,0.4964057535014006,0.6213971135531137,2.4952543027210883,4590.716666666667
nonaquatic,44612,312224,0.5326407079498467,0.41019936394557827,0.6572014739229016,7821.25
nonaquatic,44754,313189,0.42646861811391235,0.4161541172161171,0.6506933956916091,3660.4249999999997
nonaquatic,44780,311136,0.6372092396566471,0.5218697376242805,0.8655856284418525,5208.7
nonaquatic,44783,312823,0.6089080765639591,0.5228613919413919,3.7625675736961433,13584.366666666667
nonaquatic,44819,312849,0.4232617553688144,0.34364118974358976,1.8190642290249428,3246.1799999999994
nonaquatic,44891,313539,0.7801342684237094,0.6694858960626675,0.9452517696154932,19497.41111111111
nonaquatic,44906,311881,0.25121446311858087,0.23569331428571433,0.3236030158730155,2908.8666666666663
nonaquatic,44944,313104,0.5845901582855365,0.4973848766788767,2.6149275321239593,4937.38888888889
nonaquatic,44996,309350,0.8309824696555017,0.9763470679145416,1.3297734702509074,6624.400569800571
nonaquatic,45007,313789,0.6990137162315909,0.5901755084915086,0.8900609443560965,12454.058333333332
nonaquatic,45014,309958,0.9878980625583568,0.9815314981684984,1.039427855081426,16805.666666666664
nonaquatic,45023,310560,0.5047327693744166,0.44937442637362657,2.104075181405895,4674.986666666666
nonaquatic,45083,310861,0.5964994170186317,0.5669083823597455,0.8148834369925599,6800.309401709401
nonaquatic,45187,313681,0.840327715376349,0.6954311544189146,0.897803082719428,17515.562666666665
nonaquatic,45210,313190,0.8984291946851707,0.8667842371312896,1.3664313840246627,7036.27094017094
nonaquatic,45260,309736,0.6131118907563026,0.6279976153846155,0.6723181953463196,4980.529166666667
nonaquatic,45315,313313,0.392988557463802,0.3909181724601928,0.5798407920310975,3063.5789115646253
nonaquatic,45408,313105,0.458491444918597,0.49332016020821295,2.043197937312646,3189.1626068376063
nonaquatic,45409,310668,0.44034323062558367,0.3996046886446886,0.5234345804988656,3623.9333333333334
nonaquatic,45462,311806,1.0673451929791529,1.0644051700680275,1.6419141561386452,26691
nonaquatic,45489,310610,0.5386736636357691,0.4924482980528243,0.7301973104930571,3915.6688034188032
nonaquatic,45498,310502,0.41991593837535024,0.4144650901098902,0.5781423995052561,3357.9466666666667
nonaquatic,45549,311292,0.6007528227957852,1.4302078333333337,1.4647684382086161,9314.25
nonaquatic,45554,310933,0.43027985527544366,0.35942945054945047,0.5874975907029472,2877.7500000000005
nonaquatic,45573,314075,0.6288606176616967,0.6169511420233276,0.5907566330657352,5023.6175213675215
nonaquatic,45574,311900,0.439053941020853,0.45321273088023084,0.6304544690098255,4177.850000000001
nonaquatic,45596,313332,0.3351775287892936,0.35155161416361413,0.46750767195767134,2575.5333333333338
nonaquatic,45619,314246,0.4993744434375058,0.5390303213453215,0.5550414529159424,12228.622222222222
nonaquatic,45622,313896,0.7434541954877191,0.6637222022875086,0.801430199801008,6608.130952380951
nonaquatic,45628,312604,0.7196024304702305,0.7211842576312577,1.00407020669881,11821.58888888889
nonaquatic,45675,312111,0.7044366251127657,0.8234250446995068,0.7457967165077236,4496.818231459897
nonaquatic,45726,312490,0.5624019374416434,0.5861177301587303,0.7202703308596161,11875.922222222222
nonaquatic,45772,314064,0.5325438069227691,0.45425603333333325,0.6097394940476185,13337.275833333333
nonaquatic,45897,313333,0.6123403244655516,0.5713728092024936,0.7669206937678579,4433.612535612536
nonaquatic,45898,312870,0.8627137877519154,0.7998672032003085,5.136987975910251,6667.0641025641025
nonaquatic,45904,310836,0.7064869514472458,0.5894392673992674,0.8292819083694075,7687.983333333333
nonaquatic,45931,311557,0.7741830732292919,1.2073707035821326,0.9651144314868794,14050.738095238095
nonaquatic,46013,314263,0.4331919693432929,0.36193520155770154,0.4780345332577471,11718.52777777778
nonaquatic,46090,311662,0.4605722129709905,0.43216546039638837,0.6479470639518969,6320.593598465027
nonaquatic,46101,313815,0.5397826914098975,0.48585781501831504,0.8952679138321987,4349.283333333333
nonaquatic,46159,310827,0.48418298695446815,0.4325036229342086,0.5655688872899582,4114.164285714285
nonaquatic,46171,309901,0.33507479827589953,0.3776837564102564,0.37610654700285867,2949.258333333333
nonaquatic,46175,313700,0.9024911133888773,0.7306830320699709,1.4029832816146537,26396.457142857143
nonaquatic,46193,314233,0.7155423296763148,0.6772734015018317,0.8510843068783065,6280.303888888887
nonaquatic,46544,312072,0.3908420220117231,0.30173831609793716,0.4224412610928588,4560.908376068376
nonaquatic,46673,311901,0.31304280851472693,0.2900272985187327,0.3994502525358099,3039.015313390313
nonaquatic,46851,314017,0.5602222705892748,0.3577820068541843,0.4589278451583147,9974.582057387059
nonaquatic,46898,310955,0.430166153127918,0.36441494505494504,0.5954080215419496,3850.083333333333
nonaquatic,46906,310462,0.4115425012671737,0.3686219120879121,0.5034810861678,6984.366666666667
nonaquatic,47015,311472,0.4063323399344208,0.4192425824175825,1.2341869280190698,3596.625
nonaquatic,47052,313243,0.6373589668534081,0.5442965023976024,0.7263823072562349,23386.336666666666
nonaquatic,47069,309448,0.48370151727357613,0.5167741025641027,0.6992231627499479,9993.277777777777
nonaquatic,47228,311250,0.46244468739876937,0.5116780016935446,0.7080209100480009,9584.932857142858
nonaquatic,47325,312419,0.94461164181517,0.682692071938087,0.9712003084712783,9797.475327635328
nonaquatic,47375,311376,0.62763450422391,0.5164615718669895,1.2891276275837196,4955.883874643874
nonaquatic,47379,311319,0.6644704365103695,0.836619143756828,0.9445796506839577,5270.112535612536
nonaquatic,47540,311221,0.6994047619047622,0.9356571428571433,1.0498701298701292,14810
nonaquatic,47671,313577,0.7322589757236228,0.6175821147252749,1.19200521809936,17069.932
nonaquatic,47723,312920,0.47519584945089144,0.46812734676434686,2.131227003023431,4063.1500000000005
nonaquatic,47766,310603,1.166979220422812,1.612683740513455,7.792944367128138,27820.649999999998
nonaquatic,47807,310024,0.8638205289132215,0.7775855065460616,1.9120282507347948,9723.256190476191
nonaquatic,47910,311055,0.647459390422836,0.6035784578754579,0.8044777919501127,5863
nonaquatic,47936,311397,0.4330859539371306,0.4256661784881784,0.7029533257747533,3961.911111111111
nonaquatic,48002,313037,0.3651936406799536,0.3759259559325664,0.8744672272962397,2782.900854700854
nonaquatic,48122,313540,0.6615861016406565,0.6601759960039961,0.8884253211966594,4919.994166666667
nonaquatic,48166,310421,0.4645696148459384,0.40358355677655683,1.2459663265306113,2822.1749999999997
nonaquatic,48252,309801,0.7398093629853033,0.7355042664431352,0.7733925967012274,15334.257285307285
nonaquatic,48478,311760,0.2576301879084968,0.2772449880952381,0.4504904053287976,2657.125
nonaquatic,48531,310401,0.5053590009337069,0.5123302780153182,2.1534771755514326,12210.494666666666
nonaquatic,48616,313343,0.7121791026774544,0.6754001856175573,0.8739516921618892,14899.718518518515
nonaquatic,48799,313600,0.6794792829131655,0.6722445779553776,2.004319146567717,12715.399999999998
nonaquatic,48958,313876,0.7594593127162614,0.8087711277321512,2.934540126555997,5081.689116809117
nonaquatic,49041,310050,0.6734123015873019,0.7156594688644689,0.7484368055555549,14638.066666666666
nonaquatic,49161,312890,0.7217182014508952,0.6771864207634473,3.9481626591325125,6543.877136752138
nonaquatic,49294,310463,0.6915314616849302,0.7393262280902774,0.8506912430778694,10280.37476190476
nonaquatic,49302,312880,0.388204821039527,0.35434099633699634,0.5901007842025693,9553.33888888889
nonaquatic,49304,313966,0.42320134220354827,0.4206273003663003,0.6097136260564824,3251.0166666666664
nonaquatic,49504,310764,0.3659406310143107,0.3708657853031322,0.5584782107570911,3726.5345238095233
nonaquatic,49686,311793,0.736743837535014,0.5937148600288601,0.6419736961451242,5209.588888888888
nonaquatic,49750,311211,0.8200793145108782,0.7790794530265054,3.904580524236304,6139.415384615384
nonaquatic,49838,313074,0.6760985034013608,0.7375792087912089,2.844716966604823,5283.373333333333
nonaquatic,49939,313652,0.9337344358865297,0.7294969758241758,1.1640624447542989,27313.566666666666
nonaquatic,49949,313152,0.5674097105508872,0.5958765333333332,4.897837494331065,5410.4000000000005
nonaquatic,49951,314273,0.4621274145213642,0.46219197655677663,0.6161281783824635,5175.9000000000005
nonaquatic,49969,312786,0.4374734235931188,0.4434705796606903,2.1613732363665346,3521.9564102564095
nonaquatic,50086,314116,0.747724784080299,0.762420726923077,0.8944817970521537,5755.576666666666
nonaquatic,50142,310199,0.5475711770257546,0.5131905711691819,2.7689753545746054,4068.367521367521
nonaquatic,50155,310843,0.3578598112188904,0.4330979263784462,0.4879634874049406,4009.043269230769
nonaquatic,50268,310844,0.5765350372360815,0.6406493449328451,0.8339053537511869,6490.872222222222
nonaquatic,50347,313044,0.9895597886619314,0.7656791009241388,10.128732168682033,7564.787692307692
nonaquatic,50349,313569,0.41383083889353034,0.3758935059829061,0.4950843635409368,5530.823809523808
nonaquatic,50350,309668,1.030038847698548,0.8868182896015548,1.472241376479605,18655.35238095238
nonaquatic,50389,310060,0.5073137688408699,0.4171868058608059,0.5498141220882287,4424.608333333334
nonaquatic,50515,313142,0.38999679213352034,0.42477541364468874,0.6166091652494323,3140.0874999999996
nonaquatic,50571,313045,1.1390126859632745,0.9883314474414476,16.611535145502643,22113.738888888893
nonaquatic,50610,310118,0.31160129676094034,0.3107780413716507,0.47163133536138463,2587.6707482993197
nonaquatic,50719,314234,0.7131485657541693,0.6635044893580105,1.194055533694311,6710.602849002848
nonaquatic,50794,309698,0.7375452654550193,0.7186073669663672,1.0316603539834897,8639.511111111111
nonaquatic,51354,313113,0.38477252567693754,0.4179189047619048,0.5777783871882078,3515.05
nonaquatic,51534,312911,0.42955669156551524,0.3204148154068154,1.4743369425547996,2630.1777777777775
nonaquatic,51538,313775,0.7806245209194789,0.6536266242646241,0.798995133305847,7457.788888888888
nonaquatic,51599,313219,0.5144151867413633,0.45229475790875784,0.6717511763038541,3468.245833333333
nonaquatic,51747,310592,0.7656784340548812,0.6096533980721034,2.686958935849782,5411.108547008546
nonaquatic,51756,312811,0.25139357076163815,0.3640771428571429,2.214038526077098,7045.416666666667
nonaquatic,51936,310734,0.5639160775421281,0.4764524595848596,5.736316620370369,4805.861111111111
nonaquatic,51980,313191,0.6880537675070029,0.5864371758241759,5.544182334183671,5206.1375
nonaquatic,52179,312623,0.5243968253968256,0.5168938095238095,1.4519178004535138,13437.666666666666
nonaquatic,52338,309428,0.9329355777159692,0.762020467040864,1.0480236419406828,20488.359457671955
nonaquatic,52371,312812,0.3908324207803377,0.37901629564019945,1.5989338085039533,5850.753846153845
nonaquatic,52573,311502,0.4815084842464118,0.4177465457875458,0.6198943828255934,4909.999999999999
nonaquatic,52642,312881,0.4139707920946157,0.3986325110445111,3.6698408249158234,6418.033333333333
nonaquatic,52805,309410,0.7966800508024933,0.771526446019002,0.853058498347659,6381.637654320989
nonaquatic,53039,309902,0.4859757352941178,0.5616768626373627,0.6097132653061218,3993.6333333333337
nonaquatic,53054,312467,0.6353783068783068,0.6650544184704186,0.8046136999244137,11601.099999999999
nonaquatic,53172,310898,0.3527582870389024,0.4222058539254119,0.42874422123109485,2875.595536562202
nonaquatic,53210,310959,0.8918747347387154,0.8831173938596494,1.1148390175115062,7709.18188034188
nonaquatic,53258,310532,0.7025072406740477,0.646768116169545,4.038748828420257,6090.266666666666
nonaquatic,53261,314085,1.3306069094304387,1.3312664029304033,1.3421545351473916,10399.199999999999
nonaquatic,53262,314117,1.400752380966979,1.3018388368999423,1.5132675299540908,33351.04188034188
nonaquatic,53365,311260,0.3875688328664801,0.34757345720945715,0.4832631488352909,3143
nonaquatic,53369,312824,0.7279156395891693,0.5467569297369296,3.8224924886621303,4979.316666666667
nonaquatic,53489,310068,0.7308146640138594,0.6746802695740896,3.0031667654089005,15994.706216931218
nonaquatic,53780,312825,0.4339153205726737,0.3690163658563659,5.636158522297808,3173.100000000001
nonaquatic,53875,309199,0.43894315546422874,0.46680782874108356,0.48302608344527315,3971.5078632478635
nonaquatic,53896,310725,0.31007071662363095,0.30404900409678043,0.4308317080399552,3349.7521367521363
nonaquatic,53970,312202,0.42852779431648436,0.577990252014652,0.6148921954764808,4549.066666666666
nonaquatic,54059,309511,0.7966017267216342,0.7876043748964485,0.9408004955161102,6232.556125356126
nonaquatic,54115,310383,0.3628740266121043,0.35852576220037263,0.5624838561700115,2658.3675213675215
nonaquatic,54139,314028,1.1904427570664124,1.3137392077894898,1.2007222670530788,12712.83380952381
nonaquatic,54253,313143,0.34189326768207295,0.33805964638278396,0.4482749085884347,2707.0437499999994
nonaquatic,54265,310157,0.3102628758169937,0.33079579047619034,0.5027998582766432,2196.213333333333
nonaquatic,54297,310025,0.5351570214920149,0.6093893330262812,0.7903923628920371,6097.95670995671
nonaquatic,54313,312624,0.49449028944911316,0.5894478095238097,0.6947746485260766,4045.98
nonaquatic,54357,310649,0.3267195591501907,0.39679018632727836,1.5236012269193386,3006.1479591836737
nonaquatic,54471,309189,0.4479835473078121,0.48850202747252763,0.6317178794750219,3752.850000000001
nonaquatic,54472,313026,0.4171149557600819,0.4165691355311354,0.6381835789871495,3373.2833333333333
nonaquatic,54607,314174,0.8918335275110045,0.7833130707059609,1.9733808308596157,11743.919999999998
nonaquatic,54707,314153,0.7707901604492537,0.6652628808431338,0.9064730433045378,6408.822051282051
nonaquatic,54729,312151,0.9814214804747251,0.9586629422513994,1.1878215653070374,19598.77111111111
nonaquatic,54736,312584,0.8878711366672593,0.9911351209342036,1.1857286656896622,8097.069515669514
nonaquatic,54903,312900,0.6129940182739766,0.6893622615384618,4.494348514739229,5626.54
nonaquatic,55058,311048,0.6892826204540645,0.4431868864468866,0.8920751216641898,8949.3
nonaquatic,55171,310169,0.7388850202303145,0.7509130427350428,6.19696455026455,7000.5777777777785
nonaquatic,55253,312400,0.432245455960162,0.5122899145299148,0.5146504131450557,3552.894444444445
nonaquatic,55306,314065,0.501843487394958,0.8584285714285718,0.9611549165120581,4380
nonaquatic,55310,312043,0.4437728398397056,0.5458147554605889,0.6551338673523468,4202.337037037038
nonaquatic,55460,309438,1.34162058356676,1.621427234432235,1.42600073696145,10786.866666666667
nonaquatic,55619,309580,0.600624506667273,0.6070992132510348,0.709151933062541,5042.625
nonaquatic,55756,311771,0.36156498132586373,0.38809186926406936,0.44824223356009013,3666.3
nonaquatic,55782,312970,0.7135382521008404,0.47085650256410255,5.268008962585033,5470.376666666666
nonaquatic,55929,312679,0.5861760854341738,0.5309213571428574,0.7950514455782307,15657.05
nonaquatic,56025,312787,0.45774901867588835,0.44906641940235204,1.2911727475854198,3440.5410256410255
nonaquatic,56220,312496,0.7095739507582941,0.6434838315569144,0.8483372853634472,6873.2361823361825
nonaquatic,56328,311142,0.6413600823662801,0.5279543674658673,0.7974556944444433,3982.6916666666666
nonaquatic,56378,310782,0.4700717561600915,0.4613462048568716,2.3461297063739752,4517.82962962963
nonaquatic,56382,313220,0.4868401867413635,0.4324787059607059,1.4177964569160992,3174.7458333333334
nonaquatic,56502,309429,1.1488749547388395,1.1000960190339424,2.0673539614646868,12590.099544159544
nonaquatic,56527,309521,0.5703721872106496,0.6286676748923591,0.5394863864085508,4275.890313390313
nonaquatic,56562,310012,0.5977714994803303,0.4148107882593598,0.4183145190336627,17067.739393939395
nonaquatic,56589,312089,0.9114029451780715,0.808882070995671,1.2066833945578221,22822.86666666667
nonaquatic,56663,311152,0.5697433450046688,0.5199224688644689,0.6226103174603168,4006.1
nonaquatic,56874,312748,0.5848923342670402,0.6017214523809524,2.284674759070294,5026.091666666666
nonaquatic,56923,309351,0.5048024390113189,0.5181485346855526,0.6874123724489789,4438.4232142857145
nonaquatic,56925,314338,0.4074378162783354,0.3606657896358028,0.5127935007680703,3643.406901709401
nonaquatic,57019,309669,1.3627527943065896,0.6882458202291069,1.0073399040467013,32760.80760493827
nonaquatic,57157,311026,0.6478437535014007,0.6815891252747253,0.8129111564625845,7531.966666666667
nonaquatic,57445,309728,0.8189166791478497,0.5871449678552741,0.7343675580776524,6822.580952380952
nonaquatic,57446,309841,0.2661625164351456,0.31202379905808475,0.38777699222546114,2161.6095238095236
nonaquatic,57448,310960,0.6778514909234913,0.6582522150183151,1.0345599456363732,6887.799999999999
nonaquatic,57714,309992,0.6055837878674578,0.7903132273440846,0.7125839340594573,5330.761904761905
nonaquatic,57760,311270,0.4700524101343686,0.3656825251590516,3.6342257968876153,4079.21047008547
nonaquatic,57771,309153,0.4419531687675072,0.44026374999999995,0.6972185760667898,4264.875
nonaquatic,57779,309562,0.5865090331557462,0.5787723321123321,0.6948070159809949,4373.155555555556
nonaquatic,57787,312273,0.7598302203458787,0.8393650892080552,1.1685282483439792,7353.599794871794
nonaquatic,57796,311446,0.5436508169934642,0.48116431501831497,0.6612407596371875,3874.875
nonaquatic,57805,311447,0.44733642857142863,0.41032899400599393,0.568458435374149,3349.6466666666665
nonaquatic,57875,311049,0.5704126647558249,0.510390815018315,0.5560021394064868,10017.525
nonaquatic,57916,311569,0.8733136970177983,0.8742386170020455,0.9710032393840718,13796.233333333334
nonaquatic,57919,310754,0.4717345564951018,0.4279782253582674,0.5813818192378715,3513.4700854700855
nonaquatic,58060,311349,0.5767749766573296,0.30753333333333327,0.38713718820861626,4203.5
nonaquatic,58083,312391,0.8810970603943058,0.7258127350684404,1.0221442601815354,8272.001880341879
nonaquatic,58361,310452,0.543369761904762,0.5501879267399268,2.3743396529066163,4941.325
nonaquatic,58364,310907,0.3532264999022866,0.2719285714285715,0.46058488612836446,3020
nonaquatic,58372,313643,0.6634040665313905,0.6659828765900767,0.8256326593647246,6829.111666666667
nonaquatic,58380,309143,0.4831648459383755,0.44549996336996345,0.5554454931972784,4318.8499999999995
nonaquatic,58458,310715,0.48036125116713363,0.47334498168498185,0.5526568310657591,3285.7333333333336
nonaquatic,58664,309821,0.44781467306798495,0.3398258315018315,0.2830406648642361,2603.2400000000002
nonaquatic,58760,311570,0.9858516028633679,1.0835421272061274,1.0312885865457289,20976.266666666663
nonaquatic,58771,313807,0.47553065475492523,0.41737659595642457,0.5660989672064474,15445.4025
nonaquatic,59028,311587,0.8699263568496735,1.1437558441558444,1.382609635734634,8605.5
nonaquatic,59035,311056,0.4509418022712878,0.2831849816849817,0.6707007105548768,3707.5833333333335
nonaquatic,59092,312727,0.8060748772298858,0.8555121159343583,2.533762387013112,24543.15626780627
nonaquatic,59212,313244,1.0001736574629854,0.8301589382617384,0.8841493205009269,20338.325
nonaquatic,59218,309940,0.46671601315978606,0.3433803345194489,0.544528064346511,9343.688888888888
nonaquatic,59223,309862,0.26470305322128856,0.26351068131868133,0.3318811054421764,2355.283333333333
nonaquatic,59242,311015,0.5966448879551821,0.45434996336996336,0.6917899659863939,4548
nonaquatic,59414,311720,0.8649619888021123,0.9459228920554756,0.9246155252992666,15878.689814814814
nonaquatic,59448,311520,0.4563124787433215,0.4106312769698973,1.9880869701558253,3093.876068376068
nonaquatic,59626,313054,0.4138090748521632,0.3700161705738705,0.5375275377928943,3076.9500000000003
nonaquatic,59665,309389,0.525638765641779,0.5882504709562367,1.3136119718967412,4217.869615384616
nonaquatic,59677,310474,0.43094313305322157,0.4422389301831502,1.8780985748299308,3415.3966666666665
nonaquatic,59684,311293,0.3828049353074564,0.36067329670329673,0.42781333359101165,7714.883333333333
nonaquatic,59697,313095,1.036292203879999,1.1403761868131872,7.079581489707381,8109.783333333333
nonaquatic,59815,310744,0.4086126562219089,0.3453542351050311,0.403442830260658,4413.6809523809525
nonaquatic,60073,309512,0.7970528837567118,0.903259613980917,0.9236163685194513,5840.130476190475
nonaquatic,60077,309993,0.6769313923944296,0.6208882490842492,1.0967526171541295,5442.266666666666
nonaquatic,60236,312912,0.3932621257391847,0.3592107421467422,1.5220542328042324,3209.6611111111115
nonaquatic,60252,312595,1.1047530564721055,0.7522144109668112,0.7680749466716854,12041.23707070707
nonaquatic,60304,309689,0.5811798875301776,0.5786270913530915,0.6480084545749926,5178.222222222221
nonaquatic,60338,309822,0.5682141366964402,0.6724879680813016,0.682123586413048,5443.1620370370365
nonaquatic,60413,312515,0.3966718458406476,0.2998932973137973,0.4105740452448784,4191.916666666667
nonaquatic,60436,311241,0.7879395208156222,0.5550140979371508,0.910999766832333,14252.57094017094
nonaquatic,60465,312653,0.7485316993464055,0.5576179047619048,0.5607722902494326,8781.186666666665
nonaquatic,60517,313808,0.7452103183317105,0.7039755850138169,0.7848067215712607,12469.248119658121
nonaquatic,60563,313578,0.8346583786207517,0.7312598841362096,3.3931290466276427,7263.0299259259245
nonaquatic,60663,314347,0.9202124014099287,0.68312250612633,1.0747264218916868,6004.035256410257
nonaquatic,60817,312516,1.1375281121879386,0.967339481498094,3.410462891752723,10482.245238095238
nonaquatic,60926,312209,0.36151774467362713,0.4215342703962705,0.5912084003298285,10190.321212121211
nonaquatic,60940,309871,0.6604696691283233,0.5742856166570272,0.6698284916139329,11472.72752136752
nonaquatic,61006,311320,0.8738218249818167,0.7381276178908812,0.729238761667885,19665.709401709402
nonaquatic,61077,309468,0.5921935574229693,0.597927868131868,8.13163282312925,3912.516666666667
nonaquatic,61081,309154,0.5286581232493,0.4695571666666666,0.6555945578231289,4459.333333333333
nonaquatic,61133,310051,0.4301377553688144,0.4233402627594627,0.6443533560090694,16393.03111111111
nonaquatic,61351,311750,1.692071981325864,1.4915802520146524,1.26800554988662,30979.056666666667
nonaquatic,61464,312243,0.4651684524355912,0.43299740397398523,0.446464795500957,4116.9848571428565
nonaquatic,61467,311321,0.43766851034156584,0.38038321753516136,0.6699156728656823,8749.013447293448
nonaquatic,61474,312349,0.9616056106816325,0.9700250868919024,3.1619423066636676,15644.623721340387
nonaquatic,61758,313790,0.8257479444438841,0.6647943298497422,0.8881177319635328,15327.10857142857
nonaquatic,61895,312690,0.47454129795966027,0.6561722406798983,1.251651346863575,4610.9101190476185
nonaquatic,61910,309563,0.6792362153838313,0.7199263331524444,0.914138311888062,5785.553086419753
nonaquatic,61911,309332,0.5034007656395892,0.4493159468864469,0.5134466823850747,3574.975
nonaquatic,61984,309985,0.9220999172909321,0.9190411062271063,1.12501255708577,18523.016666666666
nonaquatic,62030,312252,0.4288742348129729,0.5239291100956867,0.5010399337370997,3856.949404761905
nonaquatic,62031,311807,0.6382385638432987,0.7384229937781517,0.756816390632971,9091.508974358974
nonaquatic,62042,313420,0.7535356440361527,0.640937089501142,0.9269735077644919,5777.493162393162
nonaquatic,62261,310316,0.5821229249032948,0.5311572853812855,0.777854605236033,9188.266666666666
nonaquatic,62339,312691,0.4359423724072392,0.39738972527472527,0.8892796351459834,4337.666666666666
nonaquatic,62343,311682,0.8769109056956118,0.6964038201798202,0.7829756287363423,5325.133333333333
nonaquatic,62360,313153,0.45688281979458456,0.4570893333333333,5.888567290249432,4234
nonaquatic,62383,313055,0.3970856311668042,0.35951226126373625,2.3822034858494674,8014.204166666666
nonaquatic,62400,313836,0.9185451611693672,0.7794422373182375,1.1833058942380366,6967.2
nonaquatic,62404,309207,0.4508334821532811,0.42412249138597413,0.5437843051472059,4382.265071225071
nonaquatic,62580,313618,1.1072428689397937,0.9721001705132964,1.3818381696957274,9974.220000000001
nonaquatic,62611,309774,0.7298846047466607,0.661020493751147,0.5955554060229531,20014.365476190476
nonaquatic,62721,311799,0.5356219381054698,0.6366071391941395,0.5664982015339153,6025.25
nonaquatic,62823,312634,1.1465191848522356,1.490136266453547,1.3307849131420684,22966.574666666667
nonaquatic,62875,309226,0.7360830070124036,0.8392134423882369,0.8664105442253345,6310.126613756613
nonaquatic,62916,312090,1.4708639449376746,1.915137567222902,7.288991120471443,13153.30925925926
nonaquatic,62927,310255,1.1260728638121915,0.7473551522762952,7.087976984126983,26458.4
nonaquatic,63011,311825,0.5840872566537562,0.6325821747971327,0.6826236064132228,4792.833974358974
nonaquatic,63012,313172,0.5138796156240274,0.3970237614163614,2.569831617535902,4024.7222222222217
nonaquatic,63202,309458,1.0724350975994548,1.0447396766075026,8.818380474612606,9757.87382987383
nonaquatic,63398,311955,0.3151041888422037,0.33039935023310024,0.41092458191609926,3034.1833333333334
nonaquatic,63420,309419,0.7269649728349394,0.7154594756398366,0.9360844584268924,5571.005833333333
nonaquatic,63440,309360,0.4929588352007473,0.46479453333333337,1.1561351883632232,8613.305
nonaquatic,63549,310317,0.5194064923747279,0.41431691819291816,0.6905714474678754,10021.488888888889
nonaquatic,63645,310514,0.8858847929773758,0.7589181147564339,1.842139888056097,12055.600807217474
nonaquatic,63694,313644,0.6250745269922999,0.5667038082983683,0.6229582282237788,5138.465333333334
nonaquatic,63797,314183,0.9131779030345027,0.5822612020003389,0.9003204576401883,7466.6845868945875
nonaquatic,63933,311882,0.34540041549953326,0.2856406205128206,0.37699226757369575,3205.066666666666
nonaquatic,63971,313845,0.48835894732893165,0.41782310668498185,0.5660716624149654,4500.7125
nonaquatic,63976,310879,0.4425284611658565,0.5258408447519559,0.7440184158669749,4210.586419753086
nonaquatic,63977,310862,0.4678994690289889,0.44619688558208703,0.6529796055863775,4375.821489621489
nonaquatic,64016,309592,0.7583414392569522,0.564468505091254,0.8321236921039319,6627.239423076923
nonaquatic,64052,309699,1.3089623916233162,2.1126786551543706,1.083176558956916,18146
nonaquatic,64075,310706,0.5527659960363274,0.5359318341044921,0.6104029325852872,4532.897863247864
nonaquatic,64275,309775,0.5953873282646391,0.5618578771704488,0.7537951247165527,23257.233333333334
nonaquatic,64370,311437,0.4957640756326852,0.5103936181158022,0.6092358865116222,4799.4292022792015
nonaquatic,64651,310837,0.6711371304077188,0.626776166056166,0.8361045729402863,6317.2444444444445
nonaquatic,64907,313671,0.6426713352007472,0.5903074267066266,0.7249089909297043,18640.5
nonaquatic,65000,312615,0.4064258870214754,0.37587904761904767,0.5619545351473916,3987.05
nonaquatic,65005,312699,0.6008163632119515,0.4702360695970696,0.7365856575963718,6172.633333333333
nonaquatic,65020,311826,0.2570813040771865,0.2087163698079699,0.275313116539545,9677.133333333331
nonaquatic,65050,309700,1.2413861382320355,1.068366737694052,1.3095845942857838,18912.264444444445
nonaquatic,65124,313064,0.5179305833791275,0.4312501850072591,2.265012251652348,3879.1207570207566
nonaquatic,65230,310552,0.518199808006536,0.4489136151098903,4.313626251417233,5186.845833333333
nonaquatic,65260,312497,0.5654189388380073,0.48107169909852054,0.6197859203677302,6704
nonaquatic,65343,313988,0.5675203067972289,0.569460213049173,0.7029501389330616,4922.942777777776
nonaquatic,65412,310639,0.4594772953625895,0.4039937435897435,0.6460177394695245,4190.205555555556
nonaquatic,65466,311035,0.39799291738002784,0.3498522271664739,1.5946990936353056,3279.142361111111
nonaquatic,65566,312119,0.8368967308603292,0.8694748555173224,0.8356574616358162,10652.136296296296
nonaquatic,65672,309479,0.45832210084228253,0.4131675640897114,0.5566075548081433,3949.456695156695
nonaquatic,65894,314235,1.0467608708244358,0.8694752163369964,1.1051117287535317,8398.494957264957
nonaquatic,65917,310318,0.7028010311721589,0.5956059628181343,3.909387805616054,25293.043333333335
nonaquatic,65983,310553,0.49944744397905094,0.3734837646423752,0.8125292189818032,3645.4875213675214
nonaquatic,66031,311473,0.6329065146050655,0.5419318496336998,2.4112076994764484,4619.728333333333
nonaquatic,66120,312997,0.30070735760971057,0.2805545299145299,2.890240306122448,2323.4055555555556
nonaquatic,66246,312803,0.48768523045408657,0.44392819863265987,2.5051953488655814,4153.89619047619
nonaquatic,66290,312025,0.7845017117958296,0.647653217893218,0.9587842592592591,7631.466666666668
nonaquatic,66492,310353,0.6471681797533829,0.6392883368742371,0.8932518222474171,15168.075925925928
nonaquatic,66556,314125,0.658671705116155,0.5290838899196042,0.7518077402238885,3333.3333333333335
nonaquatic,66639,309593,0.6980578739829264,0.46139300905808506,0.5757260692125336,5881.783333333334
nonaquatic,66828,310838,0.33706996527777794,0.3279724623560961,0.4437374539399089,3004.7354166666664
nonaquatic,67053,310431,1.0834299509803926,1.0766085556776557,1.6742054591836713,9920.283333333333
nonaquatic,67155,309994,0.6967495689115514,0.7099681665001667,0.682601374882292,5820.143333333333
nonaquatic,67308,313634,0.846534973818979,0.6996358090480947,0.8445303405589111,6238.158333333333
nonaquatic,67346,309564,0.3912685714285715,0.38349120879120874,0.48008051020408116,2814.8533333333335
nonaquatic,67828,313134,0.6402677497665735,0.6708237948717947,3.9791870113378667,4653.986666666666
nonaquatic,67963,312158,0.5266659769463342,0.44099765262515267,0.5535914777021913,7031.783333333333
nonaquatic,67981,311172,0.6881418845315908,0.709970697191697,0.8893853363567642,7862.200000000001
nonaquatic,68221,313495,0.6581226147736523,0.6895788001012321,0.8329975172858879,5654.822666666666
nonaquatic,68222,310735,0.6322571874583168,0.5839898426989677,7.316753718949701,6334.5375
nonaquatic,68223,309851,0.2863939735894359,0.31622351648351643,0.3935427891156457,2431.5133333333333
nonaquatic,68265,310726,0.3655113881266793,0.4048911396052927,0.5532709994572966,4487.190476190476
nonaquatic,68271,312506,0.5782733973964972,0.6280732978452803,0.7430361719562116,11419.275473137974
nonaquatic,68279,309390,0.5116974461051123,0.5234252183577824,1.7533386939966,3494.597493395494
nonaquatic,68285,313877,0.7518040369757243,0.7715595575349564,1.9715489879034553,4624.761880341881
nonaquatic,68340,311242,0.5743799544854425,0.6276921465376729,0.6632752428781323,9191.418803418803
nonaquatic,68344,309420,0.8385518169974545,0.8734287145646168,1.055673245035523,8019.187891737891
nonaquatic,68380,309113,0.6561555732230777,0.5467940185766613,0.9270170147973712,6907.166666666666
nonaquatic,68386,312635,0.7153507748575623,0.6964056475555059,0.860050373918274,5518.190238095238
nonaquatic,68399,311212,0.5555755835667601,0.5299378150183152,2.813899376417233,4622.208333333334
nonaquatic,68402,312616,0.3134068627450981,0.35115857142857154,0.4303877551020403,13464.25
nonaquatic,68418,312244,0.5024716390231041,0.6085972451689468,0.6481469297833817,4963.574404761905
nonaquatic,68484,309402,0.5561104489646599,0.5866890163742691,0.7490572872748532,5414.826495726496
nonaquatic,68516,314253,0.5050182495769736,0.46889533188203636,0.5633607321879768,3909.5260476190474
nonaquatic,68522,311928,0.3096992763772176,0.30000354761904763,0.42905734126984074,3064.625
nonaquatic,68563,312233,0.47185399031613906,0.39915412587276666,0.5295758994260331,5382.271428571428
nonaquatic,68566,312949,0.5936800142279137,0.6053691819291819,3.0382868858654564,4539.4000000000015
nonaquatic,68593,311359,0.35319075863824806,0.37423192581453635,0.49591947975277806,2568.050854700854
nonaquatic,68603,312526,1.0982483251131094,0.8676876190476194,1.4116338661175547,14591.33333333333
nonaquatic,68614,309218,0.4559230233426705,0.41830187252747253,0.6368394189342401,4125.251666666667
nonaquatic,68625,310475,0.4981935072362279,0.5430157434065934,1.8077564654194993,4015.952777777778
nonaquatic,68630,312859,0.4177380913476503,0.3848250525585526,1.5308838199168546,4103.719444444445
nonaquatic,68674,313459,0.36026036747228624,0.34785124558365604,0.45097590385741654,2935.0882621082624
nonaquatic,68686,311232,0.48395056085741794,0.46761443528693525,0.6399119190276016,4168.888888888888
nonaquatic,68761,312860,0.7645344070961717,0.6859890354090356,3.7945937074829925,5839.666666666667
nonaquatic,68846,311095,0.3393433364456895,0.2756306349206349,0.3823370370370366,3175.0499999999997
nonaquatic,68959,311243,0.3694200902583257,0.36169574314574315,0.5424234221466356,2813.966666666667
nonaquatic,68981,313075,0.6326793650793652,0.6245544322344324,4.166839795918366,5335.288888888889
nonaquatic,68985,313200,0.6427189162331605,0.6340233663003663,4.4990669075963705,4512.516666666666
nonaquatic,69064,311330,1.0694562574952335,1.3573240326340332,1.3802935454756877,9529.533333333333
nonaquatic,69820,311418,0.6135625933706818,0.5176744205860806,0.7440796482168617,4113.946
nonaquatic,69878,309628,0.2731961863900581,0.3033016117216117,0.3895319122841439,4852.791666666666
nonaquatic,69931,309104,0.6541609643857546,0.6701284415584418,0.6423346088435368,4432.375
nonaquatic,69956,312980,0.5062433053221291,0.5246645362637362,1.1900866666666656,3958.5733333333333
nonaquatic,69978,313305,1.0512102046906628,0.7909574747483809,3.5978378724231694,9410.357619047618
nonaquatic,70024,309656,0.4474038815526211,0.4443403252747252,0.5520423469387749,4063.0066666666667
nonaquatic,70281,309219,0.6743768545792511,0.6652205437459031,1.0318353188179834,5336.3240598290595
nonaquatic,70363,310149,0.6193871101803241,0.5496456522284734,2.5247426239046495,4569.348376068376
nonaquatic,70384,312850,1.2933565443458444,1.1244167500850628,3.3596304556903283,14421.237301587302
nonaquatic,70455,313691,0.6469176138302943,0.6111029006612435,0.7680303780311679,5106.611666666666
nonaquatic,70468,311419,0.8429100167590978,0.688184808193561,0.9182478571377191,5974.807606837606
nonaquatic,70469,310533,0.5848597007484252,0.42986738002699054,1.211418298346882,4335.840854700855
nonaquatic,70596,309162,0.6989520697167757,0.8475690549450553,5.931620502645502,5717.855555555555
nonaquatic,70676,310727,0.3663376727372208,0.35879492874493935,0.558545006448305,4719.040854700854
nonaquatic,70725,311491,0.39877599784306417,0.41020831990231993,0.4828408172074837,3704.527777777778
nonaquatic,70730,313897,0.3704285242430307,0.31070097305472305,0.438364070552463,3448.6750000000006
nonaquatic,70746,312120,0.9649406008625676,0.8199689240537245,1.0170871497285772,7290.935555555556
nonaquatic,70782,313378,0.5237669321718655,0.343612439907461,0.5082933375424861,3200.5150427350427
nonaquatic,70822,311870,0.44675548620892197,0.5116021785601229,0.6795754493399419,2908.29012345679
nonaquatic,70828,310541,0.49797128184607203,0.4333689858712717,0.701665605766115,8929.433333333334
nonaquatic,70883,311521,0.5250658730195227,0.5523172385290149,0.667766783282173,3870.4604700854698
nonaquatic,70912,313460,0.3652294784831904,0.3134646790037951,0.4728627213605832,7099.706938775511
nonaquatic,70955,314368,1.190028201121719,1.2423893126809697,2.3794510259228403,22594.380952380954
nonaquatic,71009,311558,1.0774484477197175,1.3606843610074142,1.4495590767684277,17665.854273504272
nonaquatic,71017,309256,1.1307634742656756,1.2523059443889448,5.342764010894211,13634.041666666668
nonaquatic,71292,309802,0.7788020124549935,0.8184816588105187,0.7644828927456879,18552.024955908288
nonaquatic,71376,313173,0.44448437208216646,0.4454607417582417,3.6689721397649957,3727.2055555555567
nonaquatic,71420,314274,0.4810762546685343,0.49885027564102563,0.7508515589569152,4178.3
nonaquatic,71450,311946,0.7860250073881127,1.1017208145941781,0.9040946926614944,7565.161068376068
nonaquatic,71484,311947,0.6561709459734142,0.6649739003705847,0.7106410515405969,5105.36809116809
nonaquatic,71617,313179,0.6091198506069097,0.645467224908425,2.6502963718820864,5048.82
nonaquatic,71750,310924,0.40386554621848747,0.7302857142857146,0.7520408163265294,7650
nonaquatic,71897,311331,1.092684454439125,0.7936219675562532,1.0691164093842658,26940.833333333332
nonaquatic,71953,309105,0.3937854808590105,0.5175733333333334,0.5400959467120173,3470.25
nonaquatic,71956,312477,0.34163676541941834,0.36187197419700484,0.4859124059386871,3670.1630952380947
nonaquatic,71966,313239,0.5048198135881804,0.3338058803634462,0.5073715850045641,12573.3
nonaquatic,71967,311350,0.3479743530745632,0.31136853479853477,0.48919444444444404,3091.0416666666665
nonaquatic,72162,313967,0.4645303563647682,0.4344403308913309,0.563406046863189,4322.166666666667
nonaquatic,72171,314154,0.6262268199812758,0.5254527898592636,0.637644530974364,4954.303589743589
nonaquatic,72295,311911,0.30881354832409164,0.38287136147865736,0.3149855688023507,3768.973809523809
nonaquatic,72309,309246,0.6667436784574066,0.7983116883116886,0.9363850732600721,5285
nonaquatic,72681,312795,0.3268653874883287,0.2989967521367521,3.467930527210884,2712.516666666666
nonaquatic,72699,309594,0.8715288156929439,0.8800162076138148,2.5428456916099766,22297.866666666665
nonaquatic,72700,313682,0.8598375183642085,0.5871808546691406,0.7894297571929199,17821.766666666666
nonaquatic,72705,313769,0.4718138509570497,0.43425825736763235,0.6229183319160988,4380.520833333334
nonaquatic,72801,309832,0.9678550958455328,1.0724778225125218,1.1347458384282538,17122.847619047618
nonaquatic,72897,313770,0.9810582713085237,0.7478042132343848,5.407136631622345,20049.44222222222
nonaquatic,72932,313589,0.5767769607843138,0.49507823826173836,0.6263334077380944,5573.554166666667
nonaquatic,72938,310925,0.644351141471995,0.581898184626598,0.8864605964239428,15751.422619047618
nonaquatic,72997,312152,0.7487707876311319,0.6490897940155084,0.8170128930754023,17433.526666666665
nonaquatic,73007,312498,0.7263570631192138,0.707141226518678,0.8203627904350679,6829.855698005698
nonaquatic,73009,312265,0.7141082162865148,0.6877857908329766,0.8039814115646253,6011.023333333333
nonaquatic,73028,309449,0.6374045751633989,0.5617275391275391,0.7049599309420734,4067.166666666667
nonaquatic,73231,312091,0.9324037114845941,0.9099685714285718,0.9552602040816311,6900.583333333333
nonaquatic,73232,312159,0.7058180783105729,0.7671282377939522,1.1017953565221579,15208.422222222223
nonaquatic,73308,311360,0.3483053221288517,0.34705124018838307,0.44199390184645226,2444.0238095238105
nonaquatic,73434,313867,0.617368888888889,0.5250469370629371,0.7468199546485254,4906.9333333333325
nonaquatic,73449,310926,0.7663658357101962,0.746472356106613,3.025622675901969,15495.6922008547
nonaquatic,73460,314226,0.767186846349651,0.8037500672161175,1.0366136302652371,6499.297222222221
nonaquatic,73806,309134,0.9938974337333808,1.0345704750712252,1.177752688459104,8761.480555555556
nonaquatic,73816,312234,0.6477903954197269,0.8401371284792307,0.6263539264662196,4959.526984126985
nonaquatic,73828,311912,0.3165002334947586,0.4139733118572392,0.3762155860983848,3581.2040816326526
nonaquatic,73878,313211,1.0363668715722265,0.82909182668209,7.048176581004774,19159.317735042736
nonaquatic,73881,309333,0.4290335288124007,0.5746546913637313,0.5493504122720475,4446.059560439559
nonaquatic,73978,311633,0.5762406197515488,0.5361697354154618,2.3957648223462833,8747.22547008547
nonaquatic,74128,311779,0.8585746962785118,0.8227536879120882,0.713704009353741,5192.325833333333
nonaquatic,74185,309439,0.4670708104575164,0.6008442417582418,0.5935850566893418,4456.053333333332
nonaquatic,74272,311846,0.5038846520295738,0.32803383468286096,0.4399963268701989,12674.21047008547
nonaquatic,74278,311085,0.35609194189945564,0.3376011478042635,0.4613767393479326,2987.746184371184
nonaquatic,74380,311438,0.46682798348597326,0.4760482604106419,0.5689223969646369,3965.179700854701
nonaquatic,74409,311115,0.5811043787515008,0.5404121765767567,0.5790031717687067,13853.351666666667
nonaquatic,74801,311780,0.6451885154061628,0.8023113904761907,0.7167869274376409,5354.266666666666
nonaquatic,74807,310476,0.6527492488328667,0.6974445301831501,1.3770227811791365,5199.103333333332
nonaquatic,74842,309729,0.4760239954780362,0.4494760100732602,0.5767399080646748,3803.633333333333
nonaquatic,74892,310491,0.5622106693471041,0.5273531320425606,2.8604309901738456,4442.668253968255
nonaquatic,74966,309707,0.9341589337241967,1.481956708309235,0.9120946825371133,7609.58547008547
nonaquatic,75004,311605,0.4106632061157798,0.4562699166666666,0.6764457624716547,4219.725
nonaquatic,75133,314301,0.9079950215380269,0.6390000000000002,0.8467346938775505,18140
nonaquatic,75156,313717,0.6834978970204764,0.5452204172360974,0.7331455788819957,4699.924666666666
nonaquatic,75164,313240,0.5496385248216936,0.54250221978022,0.641777747592543,18353.783333333333
nonaquatic,75640,310042,1.3791843253968257,1.1106770824175825,1.3237466269841263,16661.73333333333
nonaquatic,75654,312407,0.8402322712491291,0.7819262078272605,0.9456123505779517,7700.129273504274
nonaquatic,75782,311937,0.6707089117859013,0.5391239002267573,0.6834807789212545,4587.777777777778
nonaquatic,75822,309647,0.6079106847002369,0.69794965855573,0.9489173444740203,5586.999999999999
nonaquatic,75827,311492,0.37571802054155007,0.32183340659340665,0.506281306689342,3602.475
nonaquatic,75947,312950,0.5671992463652131,0.610554835164835,3.1016350546279106,4888.991666666667
nonaquatic,76039,314076,0.570668364975858,0.5340382738461539,0.6770489418863798,9072.760666666667
nonaquatic,76051,313144,0.36961594771241835,0.3660748923076923,2.946934308390022,2900.6666666666665
nonaquatic,76072,309930,0.45815868071163085,0.4099608661493895,0.5723838462668773,3665.9864468864466
nonaquatic,76085,310276,0.3313415372815795,0.35215596570096563,1.30362639275407,2856.858333333333
nonaquatic,76086,310845,0.5354644397794139,0.44838179807210343,4.85069119358354,4426.582051282052
nonaquatic,76087,310630,0.6302414565826331,0.8939437362637366,7.104181972789115,4952.333333333333
nonaquatic,76088,310542,0.7167552299253037,0.7754205265567763,1.1367280753968239,10504.475
nonaquatic,76132,311493,0.3545109119203238,0.4289282832722833,0.5152321806500371,2661.177777777778
nonaquatic,76157,312420,0.9797465367077064,0.7398225718947722,1.091017517376516,11748.744999999999
nonaquatic,76252,310384,0.34658199966916103,0.42024781078850976,0.46807938781803987,2720.334871794872
nonaquatic,76263,312421,1.319937587704667,1.055710419080669,1.4003988234511366,14003.168376068375
nonaquatic,76317,310052,0.2527008198237629,0.29021642367673994,0.37225304627267525,7083.8810416666665
nonaquatic,76430,309763,0.4322227513227514,0.4003104908424909,0.36366721466364305,4453.666666666666
nonaquatic,76441,309543,0.4212143946467477,0.5665598253968254,0.5519032690854113,3684.1666666666665
nonaquatic,76524,310534,0.5553131502601043,0.6085185044479331,3.114521079931971,4309.958333333332
nonaquatic,76558,313276,0.7171043623918846,0.6429285230396271,0.9053602913052147,12369.670666666667
nonaquatic,76573,314264,0.3048841250786029,0.3009719647971077,0.3671221331389694,3024.3809523809523
nonaquatic,76658,309459,0.6088574883286649,0.6668170805860806,0.7005713577097503,5709.6500000000005
nonaquatic,76666,309303,0.3670490366980126,0.332563554356358,0.47569612386621274,3435.104166666666
nonaquatic,76786,313428,0.8871310685204318,0.6274315673469387,3.8948009921755253,24072.693333333333
nonaquatic,76807,310707,0.5394504173859868,0.5524153799808503,0.6652053993975714,5057.3050603717265
nonaquatic,76821,312841,0.4929219458450048,0.38978303150183147,0.6632747902494325,3757.7966666666666
nonaquatic,77026,310839,0.8825863615399573,1.168971428571429,1.3530708180708166,8485
nonaquatic,77035,310216,0.5752479365079366,0.5093026617826618,2.4805709441352293,9887.666666666666
nonaquatic,77260,311654,0.45373897136632435,0.5646084857142859,0.5811722071050639,4295.455555555555
nonaquatic,77325,312718,0.7207715312791786,0.8426080879120881,8.298346712018141,5499.216666666667
nonaquatic,77347,312692,0.44140503201280523,0.45957633000333004,0.580084059987631,3644.944444444444
nonaquatic,77352,311860,0.6651008253192753,0.6262776101652733,0.740891240356646,4530.005128205128
nonaquatic,77356,311606,0.9775154108528963,1.0084216875843455,1.1354406089900926,7462.579487179486
nonaquatic,77372,312448,0.6820910334967322,0.6329429604978358,0.6786908517573692,7401.3125
nonaquatic,77389,312274,0.503875470121382,0.3999065528205129,0.7387645048958973,5301.18
nonaquatic,77417,311244,0.3467193102277391,0.24091204896857535,0.5118342719443051,2917.0854700854698
nonaquatic,77549,314105,0.7772997129308145,0.8524609283430504,3.6687541217311477,6821.46525925926
nonaquatic,77564,314254,0.6310807297781496,0.588726334025173,0.5899854329272015,4259.121361416362
nonaquatic,77689,313511,0.8775148031950518,0.7669142991208794,1.094383450481346,15851.070833333333
nonaquatic,77770,309265,0.8244544667867147,0.9318530564435566,0.7455693027210879,5333.916666666667
nonaquatic,77772,313868,0.864535828780821,0.8461778404052088,0.8955891955478102,6386.780626780627
nonaquatic,78109,309782,0.5877091093088372,1.0262297155067157,0.47357616477437864,4693.344444444444
nonaquatic,78157,313692,0.7003848707871343,0.6439479829268621,0.8670978756102387,14935.71061050061
nonaquatic,78164,310026,0.45101103668009646,0.516978027838828,0.4808610379831803,4766.446666666667
nonaquatic,78345,313512,1.0549235728399888,0.8405239826839828,1.231316183126741,27913
nonaquatic,78347,313388,0.5053836848426162,0.5559451028148995,0.6694461538243671,11725.177333333333
nonaquatic,78369,313368,0.9504309441828762,0.8541544217687076,1.2132244279127526,24580
nonaquatic,78446,313135,0.5565716075319018,0.5400807669219668,1.0081423605098594,4001.8777777777777
nonaquatic,78531,310247,0.6075700868026193,0.5714226354272294,0.6956102963974249,36508.12792022792
nonaquatic,78575,313429,0.4562278867102397,0.42522979043179043,0.6214789472960895,3538.9388888888893
nonaquatic,78869,312555,0.5488872675736963,0.5198191115646259,0.7536627880849301,8452.166666666666
nonaquatic,78996,310699,0.3003248015873017,0.33484663064713066,0.4310547052154192,3959.4166666666665
nonaquatic,79000,313344,1.7347441799715326,1.177448373858047,1.554874853225179,32818.13166666667
nonaquatic,79213,309618,0.8593978214924769,0.7505416148225675,1.024659415885583,43792.20899470899
nonaquatic,79485,312596,0.3398817304699659,0.2850260317460317,0.38772161753590284,5776.1
nonaquatic,79514,309391,0.5902978174603177,0.6048996245421245,2.212747718253967,4594.1416666666655
nonaquatic,79517,309890,0.4963208776844073,0.35608904029304034,0.4780387981859403,2961.3733333333334
nonaquatic,79551,309629,0.3500428015650705,0.39171380708180714,0.4266180177626603,2807.577777777778
nonaquatic,79663,312026,0.5838986928104575,0.40879238095238113,0.7077301587301585,6086.5
nonaquatic,79685,309163,0.43530751633986947,0.47514846007326,0.589744614512471,3577.1133333333337
nonaquatic,79709,312813,0.385142670401494,0.419548424908425,1.0944097505668928,5895.276190476191
nonaquatic,79820,312422,0.7861392963151973,0.5950269950130073,0.7529853777561955,7837.972136752137
nonaquatic,79956,312330,0.46439717392347923,0.50192486443715,0.7133909134422068,7551.514814814816
nonaquatic,80098,311106,0.32578719991700394,0.27899058282458283,0.3787052595112114,11031.25925925926
nonaquatic,80134,310286,0.5595949929986588,0.4540287148255254,0.6627315999341841,5189.227521367521
nonaquatic,80260,313736,0.9517192874935136,0.8730807085431577,1.1062712367230227,13904.314285714285
nonaquatic,80262,312245,0.5930888651992889,0.589561685850714,0.8594565347222959,5767.482142857143
nonaquatic,80371,309440,0.3878402306255837,0.4626278615384615,0.5065450056689336,3924.0499999999993
nonaquatic,80452,313513,0.6413181068348927,0.5109150038015319,0.6956012766888388,11981.814
nonaquatic,80457,311173,0.8024101887360052,0.7769501218623482,2.2853511580797106,11081.65547008547
nonaquatic,80463,313758,0.8608420522552697,0.7659966775054707,0.9709651393007935,7748.322663817664
nonaquatic,80522,309581,0.588329556854111,0.7007196033131449,0.8798789817033713,4767.734757834756
nonaquatic,80525,310307,0.7974474168618442,0.6755574110282575,0.9818851682150013,8214.537499999999
nonaquatic,80805,311122,0.661277621208709,0.7597298804814238,3.2552778266383724,5511.913333333334
nonaquatic,80829,310745,0.37627923717597184,0.3516035305075878,0.4725075718380995,4099.154285714285
nonaquatic,80935,311165,0.5998154095810229,0.5611170917895939,0.9547703086377453,4434.414424094424
nonaquatic,80969,314056,1.1073194949408336,0.9339349438792502,4.241933460726589,21309.88095238095
nonaquatic,80988,311772,0.8704281045751633,0.9194966666666671,5.0244718022057295,8118.25
nonaquatic,81054,312643,0.9446752856411608,1.6539480854321125,1.8221020911075432,7148.043803418803
nonaquatic,81212,310783,0.30541330532212896,0.3002145054945055,3.63953256802721,2899.0333333333333
nonaquatic,81522,312253,0.44308606337905937,0.5628302696297617,0.5291142182406996,4589.805106005106
nonaquatic,81610,312710,0.8350243759774775,0.7857554413598097,0.9278076951698819,7117.191737891738
nonaquatic,81635,311233,0.5434640522875817,0.40035332933732937,0.7917691981034837,4052.153333333333
nonaquatic,81649,311193,0.3034751555394487,0.3039702239715172,1.2557742315694447,2336.1339438339432
nonaquatic,81798,314066,0.5265179617088478,0.5149662911776696,0.7833460656102483,4340.065683760684
nonaquatic,81929,312449,0.7330304104498945,0.7065018742482008,0.9560887503470772,11371.478571428572
nonaquatic,82083,311835,1.1886225112775268,1.2313356596446643,1.043177262143158,9367.48396825397
nonaquatic,82198,311781,0.6869542157729387,0.6769409473418999,0.6584238695090433,4834.849074074074
nonaquatic,82296,311301,0.6818772520119161,0.7015945175300888,0.8749449735449728,4913.333333333332
nonaquatic,82549,309737,0.4529179961240267,0.42008715659340656,0.4351047810382046,4122.620833333333
nonaquatic,82719,309480,0.5546493764172338,0.6804595238095239,0.8445084467120172,18633.841666666667
nonaquatic,82901,310700,0.5866033375376418,0.6272127939386928,0.916903339065205,6340.108205128205
nonaquatic,83279,311761,0.339749528478058,0.30151027619047627,0.43088898474541276,2683.4999999999995
nonaquatic,83458,313434,0.9907723849416653,0.9468147646038174,1.0387678717149782,6617.97094017094
nonaquatic,83505,312913,0.4623350949268597,0.36787739149739157,0.49597889266817796,3216.844444444445
nonaquatic,83559,312217,0.8035703647117761,0.9375640834641549,1.0943451468993388,7272.35
nonaquatic,83640,309179,0.5041590866361139,0.5715200335068442,0.5925525523151364,9684.534188034188
nonaquatic,83672,313728,0.5447959668548679,0.49910572388313457,0.6932498796703208,30692.930854700855
nonaquatic,83864,311194,0.5080165613885449,0.4475000790058491,1.1669583068382743,5911.858363858362
nonaquatic,83887,311522,0.4019587183811055,0.3203573757904584,0.429152031389218,2624.647293447293
nonaquatic,83918,314175,0.989557896688087,0.6204779220779222,0.7471575448361161,42825
nonaquatic,84654,312499,0.48326656851650845,0.40080792093420364,0.618563562763296,4362.0228490028485
nonaquatic,84677,311890,0.4931599802586954,0.522278752506441,1.7871965139725807,3651.6273504273504
nonaquatic,84690,311174,0.5337868228927459,0.45528737008868336,2.1662768045603666,3954.3519017094018
nonaquatic,84836,312036,1.257275723622783,1.1825646819846822,1.6985219954648514,9986.35
nonaquatic,84864,309371,0.6170091269841272,0.7385716559218558,0.7824809410430829,5030.086666666666
nonaquatic,84944,313776,0.883252203191554,0.6388369342607868,0.916283449958238,7299.372
nonaquatic,84979,309496,1.0497435435533697,0.898029775690976,5.674752289419008,10336.506666666666
nonaquatic,85079,311116,0.6302315080733982,0.6162332267101319,1.4391480307717475,4966.104717948718
nonaquatic,85098,309380,0.37954889303657985,0.4209854210039393,0.5683178745738652,3357.8528042328044
nonaquatic,85141,312440,0.2381560690943045,0.2430621904761905,0.4292982993197275,2917.666666666667
nonaquatic,85156,311827,0.49529617958781036,0.40633477103013943,0.570742766976382,4653.891737891739
nonaquatic,85173,311479,0.6207504407367145,0.7613927889249433,0.7031280930259939,4503.452849002849
nonaquatic,85250,313145,0.3117481974789917,0.336357952014652,0.4397487857142852,2830.9433333333327
nonaquatic,85439,313937,0.6342753223723826,0.5673848945980335,0.820202330907889,5213.7636111111115
nonaquatic,85516,312408,1.0854452100986318,1.0843853716984773,1.1797112374370842,11277.908547008547
nonaquatic,85599,310137,0.37726240896358554,0.3543085714285715,2.0677375510204072,3136.8266666666664
nonaquatic,85726,313379,0.4471065546218489,0.4166401758241758,0.5694758503401351,13150.066666666666
nonaquatic,85759,310791,0.37588039555253455,0.36407844221175656,0.4452604522591889,4294.244444444445
nonaquatic,85762,310870,1.0683664332399627,0.8324785384615386,1.1491942885487523,10262.275
nonaquatic,85843,309531,0.6820086084433775,0.6112069542124543,0.8270759353741487,4810.966666666666
nonaquatic,86032,311107,0.3648141122018957,0.34085046150107196,0.4887618418087115,9318.050854700854
nonaquatic,86074,314106,0.5599848272642389,0.40016478095238095,0.469885474129045,26262.96
nonaquatic,86185,311310,0.6320392028478059,0.6519208838661339,0.836058338486909,6044.783333333333
nonaquatic,86353,309421,0.9270800767734022,1.0286651657435046,1.2588971046783501,8471.968504273504
nonaquatic,86366,311108,0.3527083936074431,0.3910605128621379,0.4949340773809518,13060.329166666666
nonaquatic,86448,309200,0.8770062238364749,0.9497890329913103,6.396088986899173,7587.497150997151
nonaquatic,86691,312283,0.2966748183370133,0.26309795192307694,0.2756541083420548,3059.4791666666665
nonaquatic,86692,313295,0.8771574255838495,0.6729858693728495,1.4308570919101051,5925.2988888888885
nonaquatic,86698,313570,0.6617067827022688,0.5801549725001964,0.5985682803851471,5416.640113960114
nonaquatic,86797,311938,0.46792835745652595,0.3631792902769745,2.601498660510111,10811.490313390312
nonaquatic,86814,313653,1.0945225772025415,1.02844210861449,1.1678793382610664,27992.51851851852
nonaquatic,86848,309155,0.39850339419023306,0.4068371870748299,0.608611242560349,3572.9583333333335
nonaquatic,86928,310413,0.39584335067360293,0.4339693714285714,0.5872147845804981,3393.1866666666665
nonaquatic,87048,309156,0.41539633774989615,0.4198192770800628,0.7507416821472175,4131.328205128205
nonaquatic,87066,309392,0.6037068860950676,0.531781876325429,2.23398977404734,4992.604273504273
nonaquatic,87277,313486,0.8023744042378859,0.6479770582125358,0.8637205002545225,16865.69095238095
nonaquatic,87288,312804,0.32502979380641156,0.3309842045177045,3.5349496409674974,3134.277777777778
nonaquatic,87297,313816,0.4568045434840604,0.4472194871794871,0.5847155470521535,3536.558333333333
nonaquatic,87698,314327,0.5830689133986928,0.5306195272893773,0.819610226757369,7768.343333333333
nonaquatic,87844,310099,0.41567373016165,0.42995003184885294,1.4559519527028357,3156.98170940171
nonaquatic,87886,309833,0.6007193279410914,0.7630840790645487,0.6597963695949032,10854.687830687832
nonaquatic,87932,311261,0.5328144993019097,0.44828991069982643,0.6668427176192724,4704.176282051281
nonaquatic,87960,310581,0.29948588780673074,0.25204736977308406,0.37496753853450326,2087.4266666666663
nonaquatic,87994,313323,0.4512657596371883,0.42158463212977493,0.4939671242306441,4948.8133333333335
nonaquatic,88023,314118,0.5387034410112681,0.5960490945641026,0.6807924613048433,4390.267623931624
nonaquatic,88030,312605,0.356925951213819,0.3448192316849817,0.5023040958049881,12661.116666666667
nonaquatic,88058,309701,0.8498386454910577,0.6212802783882784,0.8362093951999219,9192.966666666667
nonaquatic,88061,311891,0.6402830443288428,0.707803943833944,0.6624484754002605,4379.444444444444
nonaquatic,88095,311808,0.631178445963543,0.7156051801952433,0.7414451271080003,14873.1094017094
nonaquatic,88119,311956,0.2839247142857143,0.3092601901431902,0.42872804421768657,2729.4466666666663
nonaquatic,88133,309746,0.6343935425281223,0.5039766141636143,0.4270377739984882,5571.788888888891
nonaquatic,88134,314339,0.41341376310009137,0.3620569358538538,0.45134131828567103,3984.153032893033
nonaquatic,88147,310453,0.4503740541549953,0.4188334652014652,2.449991788291073,4482.0599999999995
nonaquatic,88166,310889,0.6163329285102349,0.6122682701438912,0.7262569316627994,4557.044739704739
nonaquatic,88201,310611,0.40423396525276806,0.41549615384615374,0.5768886763038543,3076.125
nonaquatic,88213,310846,0.5118753994289523,0.4731627069674185,0.5620620975524228,5468.575897435898
nonaquatic,88230,309266,0.5585766728913789,0.5423306935286937,0.7317978269085406,4802.166666666668
nonaquatic,88264,310032,1.0539423354103545,1.0838808566644242,1.0718510259130236,7881.379047619048
nonaquatic,88309,311871,0.597895883449565,0.6098287504402029,0.6545262007291235,5275.910940170939
nonaquatic,88315,313737,0.7272602529915622,0.6660586444208854,0.8214904315093778,13043.66857142857
nonaquatic,88320,310362,0.5329620284780582,0.5684131571428571,1.8462970011337856,4642.8166666666675
nonaquatic,88321,309793,0.6672937000201501,0.6307653724053724,0.6424981369073707,4902.111111111112
nonaquatic,88325,309755,1.0286462633078095,1.3102676928926107,4.072339642062293,7845.061555555555
nonaquatic,88336,311851,0.5212186874749903,0.421842993197279,0.5752329931972785,4325.833333333333
nonaquatic,88403,312565,0.6600231248054779,0.6188745611721612,0.798696999244142,6176.782222222219
nonaquatic,88414,311623,0.32044292752254716,0.3053503194377639,0.4683279777285586,2933.8679012345688
nonaquatic,88420,309352,0.5467425219626465,0.4472055689367276,0.6135904992097876,4019.2289133089134
nonaquatic,88447,311075,0.42414055480525553,0.43804286694139205,0.4668727225056686,4294.804166666667
nonaquatic,88482,313389,0.9184887686609313,0.873943484835165,1.1105864090083188,7869.406666666666
nonaquatic,88505,314205,0.8417889302387623,0.9428997990580849,1.0100880385487516,12516.15
nonaquatic,88526,313672,0.3624234359498474,0.31757636054421773,0.4921374130774083,2557.25
nonaquatic,88596,313673,0.36058634185685223,0.2857411133580705,0.34435799013394136,11622.55
nonaquatic,88630,311836,0.7988500082255123,0.680443537018537,0.713174496667353,6190.061111111111
nonaquatic,88646,313729,0.5725043059084101,0.5008246886446887,0.9219526027802423,23164.666666666664
nonaquatic,88671,313334,0.3889211158908009,0.4148413654456654,0.5507145256991679,3175.8888888888896
nonaquatic,88773,310688,0.7379975224587327,0.5791424384137415,4.201529067526793,11135.544349477683
nonaquatic,88833,314044,1.2757479945139212,1.2935936827379224,1.0565493204929783,9456.622433862434
nonaquatic,88866,312304,0.9937358282096244,0.9909298621939466,1.2476265894136949,8687.246837606837
nonaquatic,88881,310331,0.47951630152425795,0.5542203374301138,0.6330776392912432,3827.427136752137
nonaquatic,88885,310061,0.4417774545929483,0.37279069749694743,0.4954860385315738,3786.808333333333
nonaquatic,88908,311137,0.3817402603947448,0.5404665314758167,0.5084956525279821,3766.9465238095236
nonaquatic,88921,313989,0.7202934462669874,0.7473808655793329,0.9480159493951408,5664.286837606837
nonaquatic,88972,314077,0.7627185680918329,0.7182601614163615,0.7719677634358584,7774.286666666667
nonaquatic,88980,313990,0.7259726203799326,0.7464760428571428,0.9218976622748939,6406.374166666666
nonaquatic,88988,310100,0.49387256361242654,0.4188864955802969,0.594482462137048,3636.3729700854697
nonaquatic,88993,310069,0.6555094976720849,0.6295747563479603,0.9973231944251618,11605.187301587302
nonaquatic,88994,311773,0.507906918767507,0.4204958593406595,0.6357689455782309,9565.913333333334
nonaquatic,88998,310944,0.9874813305429185,1.0230784029818139,1.3646953949822058,10216.717378917378
nonaquatic,89071,310765,0.3882796087588358,0.4825547084412746,0.5542439844525602,23460.829218106996
nonaquatic,89098,313846,0.5154639789249034,0.5312677511377513,0.5946415532879814,4363.527777777777
nonaquatic,89130,310326,0.565149529527994,0.5522862870984747,0.6862170414727683,3930.8083703703705
nonaquatic,89148,311064,0.45564465252767794,0.5196650461538462,1.4233483300939418,4490.8476190476185
nonaquatic,89167,310296,0.5046222211155326,0.5317239773793457,2.5519358697730556,4258.886182336182
nonaquatic,89201,311588,0.4612991863412032,0.46891248879120895,0.6239792376829514,4488.666666666666
nonaquatic,89266,313635,0.5974439528072041,0.5589102138505964,0.7704397457642097,4953.8488400488395
nonaquatic,89269,310043,0.31198400871459714,0.27307339194139196,0.37344100529100477,3163.461111111111
nonaquatic,89357,313403,1.015098689466015,0.5802238536973232,1.6435427720333917,16051.42857142857
nonaquatic,89359,313590,0.6353407880818995,0.33529357048332614,0.40636372848381724,4153.665666666667
nonaquatic,89423,312441,0.5787971248489047,0.5375366810966812,0.9115275098358424,5335.155555555554
nonaquatic,89588,309931,0.636157139522476,0.39259857642357654,0.6174892290249426,18211.270833333332
nonaquatic,89754,314348,0.7619654736020584,0.545973144863908,0.9448338218282222,5743.092735042734
nonaquatic,89795,313396,0.789532784780579,0.5127541475191476,0.7812987315759631,4780.3375
nonaquatic,89912,314255,0.530040925327335,0.5004742543937367,0.5468246478275524,3910.4519951159946
nonaquatic,89930,310256,0.7609972277882115,0.6449253422410028,4.505411598181884,5640.410134310135
nonaquatic,89940,312981,0.43560004201680697,0.45671739999999994,0.6110813605442167,3313.94
nonaquatic,89965,312940,0.47611642624105444,0.4454548698488645,1.8505978095750586,3617.8856125356124
nonaquatic,90056,312188,0.47543705139232545,0.4841848104956269,0.5984084915491125,3918.904761904761
nonaquatic,90058,312305,0.7876240651333498,0.8965183973877001,1.0695632292627593,15617.14594017094
nonaquatic,90086,310631,0.4191214452045412,0.36919510287497576,0.5601944379443881,3145.7196047008547
nonaquatic,90107,310138,0.4698646148459385,0.40802589142857143,1.2332537125850331,8291.69
nonaquatic,90176,313826,0.4991971202857002,0.48494223618437127,0.6777256936453454,4445.331388888889
nonaquatic,90181,310640,0.3477940109377087,0.40861290842490833,0.5683125283446703,2713.588888888889
nonaquatic,90276,313046,0.4817985140722959,0.4728603628181342,0.6932820545837374,11666.130952380952
nonaquatic,90292,310422,0.7989117460317464,0.7802494652014651,4.244425566893422,6524.2
nonaquatic,90321,310266,0.6008684765017117,0.5128496940170942,0.755857569916855,4634.677777777777
nonaquatic,90323,311016,0.6409481297915992,0.5999509811866139,0.8118994801394476,6574.013968253968
nonaquatic,90327,309823,0.40975614417195455,0.4643648403976976,0.4275389115646254,3120.380952380952
nonaquatic,90367,311322,0.42270389142199316,0.49826986080586083,0.5481708802837366,3355.453333333333
nonaquatic,90377,309602,0.5561890864363257,0.5343637234316561,1.9029319199210208,4061.7543589743586
nonaquatic,90469,309304,0.5385235119084114,0.5524113660800353,0.6338140338490664,4037.777136752137
nonaquatic,90492,311340,0.43109228883713546,0.4387453020313021,0.5167246150887266,3681.0566666666664
nonaquatic,90498,310229,0.9106269841269842,0.7574045714285715,0.8829921201814052,6075.583333333333
nonaquatic,90528,312517,0.3780182842464108,0.325159375824176,1.0308654061282632,3727.7999999999997
nonaquatic,90541,312921,0.5977301198257082,0.5468928046398047,2.849213567649281,5364.333333333335
nonaquatic,90543,311213,0.42311017151253183,0.31649568620268625,1.5431540258242638,3714.405555555555
nonaquatic,90546,313154,0.428157405819471,0.40643092711370254,1.3368103845619876,3577.7142857142853
nonaquatic,90560,310746,0.4977060707590489,0.39312274481074494,0.4670879639320113,5235.222222222222
nonaquatic,90564,311222,0.6296511086122067,0.7091648228613492,0.8611088635894316,5107.63547008547
nonaquatic,90600,312662,0.4161952068175197,0.4579993811591917,0.6100982552629822,3431.7475213675207
nonaquatic,90624,312518,1.0713500170021422,0.9065519047619051,3.2191763220906076,25646.11666666667
nonaquatic,90670,309657,0.5379975930764463,0.5439391941391941,0.7227386621315187,4723.32
nonaquatic,90714,311494,0.5688265344631981,0.5730314991674992,0.8772181538463771,4453.513333333333
nonaquatic,90724,311721,0.3366201369436665,0.3024768253968254,0.4387029856386993,3568.5666666666666
nonaquatic,90740,311643,0.4847070205474354,0.4467225567765568,0.6185216069249606,4124.108333333333
nonaquatic,90829,311704,0.4242317598497156,0.3725847110145851,0.5062534761421434,3567.6074236874233
nonaquatic,90857,313521,1.0001617993881802,0.7634946704196388,1.0721932934604799,20121.302849002852
nonaquatic,90862,310620,0.3939990424867968,0.36743363165606324,0.5192653059366308,3283.3425641025633
nonaquatic,90942,310257,0.8636371034730782,1.2232823580324441,1.083583683440519,7607.7380952380945
nonaquatic,90979,312547,0.528474622139054,0.39250642804814234,0.5861404237831264,7894.273333333333
nonaquatic,91020,310230,0.8518357454092749,0.43271576334776335,0.6087408919123201,11012.333333333332
nonaquatic,91046,310492,0.33288771105267523,0.3139397254491541,0.4779639644746783,2663.6460317460323
nonaquatic,91053,311714,0.5322600373482729,0.44327809523809525,0.6736937641723345,3653.8
nonaquatic,91124,310127,0.5893433224400871,0.5418728998778999,3.2508332671957665,4826.98888888889
nonaquatic,91129,309164,0.8884647635540006,0.9026768278388281,11.448798947923477,7447.9222222222215
nonaquatic,91160,312292,0.40325377217553704,0.3741971238095238,3.0836483106575963,4050.6666666666665
nonaquatic,91246,313479,1.019082863836613,0.7390604836945368,1.015377014263157,22780.513809523807
nonaquatic,91278,313708,0.5230836473836598,0.4726855113115456,0.6860083007945551,4322.139999999999
nonaquatic,91287,311464,0.6402460417573325,0.5065424129554656,2.3206565257480194,9499.504273504273
nonaquatic,91299,314035,0.7633903543417367,0.6564350274725277,0.6596438547464434,24155.660833333335
nonaquatic,91356,314126,0.845771948779512,0.8152932600732602,0.9391200680272098,5954.866666666667
nonaquatic,91437,310961,0.32868330553926167,0.31248919302919304,0.44562450461795655,3158.5499999999997
nonaquatic,91519,311847,0.9394306300115426,0.4984293650793652,5.726301265709872,8438
nonaquatic,91567,314247,1.1005091176470587,1.094862126739927,1.390908673469387,22034.493333333332
nonaquatic,91616,310248,0.5039309231688802,0.44467746795860785,0.782933610137495,13752.243162393162
nonaquatic,91726,314216,0.679608766615687,0.7414963184371185,0.8803731389598045,13038.468888888889
nonaquatic,91749,310678,0.405861680672269,0.45212841963369965,0.5023073605442172,3079.04
nonaquatic,91751,312788,0.29280065437529335,0.2720263720840564,0.8506815970180474,2293.668091168091
nonaquatic,91765,314340,0.382538714478295,0.3207679547932769,0.46632030563242954,3127.4387521367516
nonaquatic,91798,314107,0.5803205536881418,0.5097291787412588,0.4951026865079362,9944.725
nonaquatic,91814,312941,0.410340029183095,0.3757943388918911,2.32626658480604,3563.5957621082616
nonaquatic,91878,310716,0.4280268240629587,0.35274216640502365,0.4587917233560085,3432.028571428571
nonaquatic,91890,314256,0.5606994656100227,0.527267135960414,0.6423303260220111,3927.5031339031343
nonaquatic,91902,312073,0.4337736227824463,0.4544305494505496,0.6297104024943305,4718.261111111111
nonaquatic,91910,311457,1.183403823148883,1.1733056981427934,1.3467835956100294,10881.858319088318
nonaquatic,91972,309553,0.443809569825601,0.49810772728937736,0.7152409161473438,4237.306666666666
nonaquatic,91999,310454,0.4461992094615626,0.4247059023199024,2.6349436877276156,3533.2888888888883
nonaquatic,92011,313817,0.4458002402006557,0.3157277264957265,0.47591504427167636,3681.133333333333
nonaquatic,92012,313619,0.7173699408652351,0.6321298654767455,0.8846201534391526,4875.74
nonaquatic,92085,313938,0.6012095828490807,0.629673662997558,0.8568565653422892,5487.65400997151
nonaquatic,92086,312971,0.520455910364146,0.43054052014652017,6.769183928571427,4611.533333333333
nonaquatic,92146,309941,0.4326677070828333,0.4429157582417583,0.5107704567541296,3119.6190476190473
nonaquatic,92168,309125,0.5581371032594299,0.6921815962357819,0.8644439454557254,4761.455021367521
nonaquatic,92169,310128,0.5781283442265798,0.5994140268620269,1.371305933484504,5051.6388888888905
nonaquatic,92320,313324,0.6221889414098973,0.5557602765567768,0.7357069444444442,16451.354166666664
nonaquatic,92332,313325,0.8125454850273446,0.8046400484097536,3.672845695320026,25037.354285714286
nonaquatic,92375,311996,1.038425096341548,1.1446648994789919,0.9695182027463803,27876.19001899335
nonaquatic,92533,312138,0.7690395882162389,0.8295808073559097,0.8774344464532867,5843.026984126985
nonaquatic,92662,312832,0.5869242203548087,0.4799638857142858,2.513754630385488,4254.613333333333
nonaquatic,92673,314005,0.42505118643893736,0.33612760913536593,3.5246084532134954,3864.615374847375
nonaquatic,92678,312711,0.606870021012053,0.6793674524484289,0.752437987930699,19324.55547008547
nonaquatic,92681,310158,0.9568451727386811,0.84169826921149,1.4196397928388893,6964.585042735042
nonaquatic,92709,310297,0.30391344537815135,0.2919503443223443,0.4676974489795912,2615.633333333333
nonaquatic,93029,311428,0.38792855384463915,0.37569046165357267,0.5066895511434544,2901.391975308641
nonaquatic,93034,309747,0.46689884024927797,0.48049447252747257,0.37271768584245263,4646.15
nonaquatic,93110,311809,0.4424072073273756,0.3657058091115235,0.6053852126709266,15590.333333333332
nonaquatic,93117,313010,0.6405927929505137,0.5469654832667332,5.370125524376416,9311.983333333334
nonaquatic,93118,310363,0.4969632026143794,0.5061218857142856,2.618262879818593,4532.466666666666
nonaquatic,93172,310915,0.5175334637986219,0.516541045093503,0.7242706007878957,4929.850641025641
nonaquatic,93197,309942,0.2762986561291184,0.24389162061747774,0.3247816488500157,2344.380952380952
nonaquatic,93204,312826,0.5490526455026455,0.4462160472860473,3.178863454270596,3766.7666666666664
nonaquatic,93248,313777,0.829092332907179,0.6542692092590744,0.9891058867858327,6085.224166666667
nonaquatic,93262,313683,0.7014119975479681,0.63701114856572,0.8256299149832156,13997.973333333335
nonaquatic,93277,314036,0.9117243630785654,1.133873590685505,0.9586407624716552,7049.203333333333
nonaquatic,93285,312350,0.6871416311270884,0.5209987352545415,0.9140199197701927,5714.239285714285
nonaquatic,93286,312121,0.6154999556489263,0.7051098315018316,0.7292589569160991,3861.1749999999997
nonaquatic,93291,314086,0.9771206069094306,0.630620043956044,0.839887188208616,7217.866666666667
nonaquatic,93298,310819,0.39569704355075375,0.3708726112087911,0.46817238866213096,3398.572
nonaquatic,93304,313645,0.8260361912206744,0.5939332096474956,0.9933104111209705,16452
nonaquatic,93310,310188,0.6411080712284917,0.5838851323914181,1.0891988945578222,14277.933333333332
nonaquatic,93312,314311,0.7938456265225489,0.7131051581332246,0.8574611730738799,5344.965185185185
nonaquatic,93323,311153,0.41942163554310635,0.38993718681318684,0.47665256046863125,2913.7277777777767
nonaquatic,93326,313607,0.7905831584967323,0.6768620502930404,0.9317798698464221,24369.620000000003
nonaquatic,93387,311185,0.6681596199300516,1.3663491004956196,0.8505620873063803,9599.87047008547
nonaquatic,93446,310515,0.7362092839357969,0.6985482850165708,3.5999959376073654,5457.238888888887
nonaquatic,93486,309921,0.3584211064425771,0.2811631846153847,0.31979414965986375,3341.2333333333327
nonaquatic,93526,312015,0.46186039526921885,0.4261618730158731,0.5668591458805741,5228.444444444445
nonaquatic,93551,309238,0.6461024382955799,0.6709127073402789,0.858102917169753,5283.511111111111
nonaquatic,93552,313579,0.6675705068321803,0.6340077303648733,0.9456557841456902,23350
nonaquatic,93553,312429,0.5112060843451085,0.5107660446986598,0.3966893401335804,4201.784316239317
nonaquatic,93556,310477,0.5490780759803925,0.5778494722527471,2.3999540433673454,4453.829166666666
nonaquatic,93557,311407,0.5000043755872164,0.47780850318102935,0.680816981694871,4543.418803418804
nonaquatic,93563,313646,0.6340018247298921,0.5383575058845917,0.8015906717687068,4770.296666666667
nonaquatic,93870,312930,0.4762109947880202,0.4905643801812222,0.6824952202777306,3537.0396011396
nonaquatic,93880,313674,0.6192224468972498,0.4721034732022364,0.6023697884664829,13304.464401709401
nonaquatic,93996,310070,0.34355222889155673,0.3182492600732601,0.44941825396825347,9090.844444444443
nonaquatic,93998,309190,0.675547257236228,0.6194265769230772,0.859548313492063,6320.75
nonaquatic,94053,310441,0.5389074714981847,0.5102411943396954,4.408884538664493,3989.306376068376
nonaquatic,94174,310516,1.190424375759092,1.1171430365791766,8.68825124461671,9349.750864197531
nonaquatic,94222,310119,0.3501267957182874,0.3909140714285715,0.5535176506316806,2855.3214285714284
nonaquatic,94228,314359,0.7983632628051223,0.7533202957875459,0.9554217687074822,7825.916666666666
nonaquatic,94229,311036,0.594117725392784,0.5989558586639676,2.05561561967745,4647.596538461538
nonaquatic,94248,309361,0.4403788958916903,0.4358488952380952,1.4271704223355999,3604.3483333333334
nonaquatic,94278,309106,0.8467493308434485,0.5008625152625152,0.7151022297808007,4730.444444444444
nonaquatic,94387,311976,0.9237657586367879,0.9320349981684984,1.0162525651927432,7024.091666666666
nonaquatic,94444,309959,0.626833535636477,0.643128211965812,0.8655905593348443,18412.699999999997
nonaquatic,94541,313314,0.4411526493955237,0.51944558575927,0.6499155633823704,3378.40698005698
nonaquatic,94560,312617,0.5862176041517366,0.5718179797979797,0.5745513382560997,16995.744444444445
nonaquatic,94573,314136,0.5834834030345473,0.5583881251794872,0.7630783563492053,5723.032999999999
nonaquatic,94612,311294,0.40105596021664364,0.362854951144094,0.5910785547124825,3229.5416666666665
nonaquatic,94648,314302,0.6051670305455517,0.5937307494505493,1.0419625949546476,11442.8675
nonaquatic,94680,309824,0.5573892006802723,0.5976836813186814,0.6150478741496591,6351.675
nonaquatic,94717,310208,0.5591184836601308,0.5044276835164836,3.596271814058957,4656.466666666666
nonaquatic,94729,313809,0.4652977508691394,0.3991462788643651,0.5099381764200492,10686.352124542125
nonaquatic,94731,311295,0.7139689231248056,0.8133392581196582,0.957877770219198,5909.6
nonaquatic,94749,309682,0.6624816646530808,0.6152085034013608,0.9375938051071147,24190
nonaquatic,94759,313011,0.5708724229691879,0.4933405992007992,4.36017806122449,7985.953333333333
nonaquatic,94799,309247,0.43408212349357334,0.4974384933218411,0.6340535167867637,4290.128327228327
nonaquatic,94843,309708,0.5116080415499533,0.495175305860806,0.5589821570294781,22759.916666666668
nonaquatic,94863,314265,0.4732366215375039,0.37273587268287267,0.4875565003779282,4331.466666666666
nonaquatic,94868,310807,0.6051515132719757,0.570826876923077,0.839960385487527,5028.633333333333
nonaquatic,94870,312284,0.32911584189231247,0.26163801953601956,0.8530345899470898,3339.3888888888896
nonaquatic,94874,313810,0.5568990336656798,0.4366177448912491,0.5964501594343726,9449.650974358974
nonaquatic,94966,312122,0.7969319018855182,0.792662340882392,0.7524504571713232,6261.317046533712
nonaquatic,95010,309582,0.5643579436198222,0.6605900783977927,0.8545933605635977,5453.966666666667
nonaquatic,95014,311848,0.5008379901960786,0.5202973571428572,0.6976274659863938,18559.25
nonaquatic,95150,311529,0.4133343790849674,0.3484597013653013,0.4432867573696138,3165.5599999999995
nonaquatic,95249,309658,0.5369057799590424,0.46742483621140773,0.5101114451733069,3990.2527777777773
nonaquatic,95371,313548,1.1082893554444986,0.7936282745825604,1.175752927811778,25020.6
nonaquatic,95389,311420,0.6136290227201993,0.46054453846153853,0.6087880960970243,3940.6944444444434
nonaquatic,95392,311571,1.1447848141923438,1.3003173860805861,2.6449514399092964,22153.1
nonaquatic,95419,309891,0.5632294740118271,0.5831445909645909,0.7721231670445949,4841.655555555555
nonaquatic,95433,311964,0.4957302621069275,0.4649481096146961,0.636608359478378,3677.9631257631254
nonaquatic,95456,309450,0.5979583566760039,0.6266986813186814,0.8013888321995456,4792.955555555557
nonaquatic,95590,312225,0.46420479858610114,0.3543097074829932,0.6394929705215417,14267.516666666666
nonaquatic,95596,309201,0.5461714435810808,0.6878001080064762,0.6822219376738621,4064.567612942613
nonaquatic,95606,309227,0.8409833934084456,0.9488645189165222,1.2643134481832534,8099.32017094017
nonaquatic,95655,310432,0.6386597753267975,0.6683480436813186,2.498120228174602,5162.7125
nonaquatic,95670,309995,0.45262576298888385,0.47896893134643137,0.5833432589350945,3681.275
nonaquatic,95690,312527,0.7653090099326478,0.7935586452380954,1.6755938455393808,7694.014999999999
nonaquatic,95756,310308,0.7719193844204353,0.7585672159602304,0.9168469756235821,14968.983333333334
nonaquatic,96029,309202,0.40435639589169003,0.4040284761904763,0.5101786281179137,5128.833333333333
nonaquatic,96051,309636,0.8771589571750283,0.6189254400044403,0.8541071838482714,6771.033333333333
nonaquatic,96055,310956,0.4186858876884089,0.42225355729984304,0.6769735017816642,3674.8476190476185
nonaquatic,96056,311644,0.4219092890489529,0.4149068424908426,0.507615826633683,3191.733333333333
nonaquatic,96120,312951,0.5260451753320377,0.5600268590304254,2.3784739564533286,4348.661309523809
nonaquatic,96230,312275,0.41018469835752364,0.3835257975645407,0.6112218780961426,3732.0827350427353
nonaquatic,96266,309451,0.6420282364729671,0.6272546598119232,0.6946660262453154,4795.681623931624
nonaquatic,96354,310503,0.47036565640380473,0.4964826436933437,0.6631710278029458,3883.4211111111113
nonaquatic,96370,311367,0.916363013538749,0.7964866062271064,1.240162216553288,18223.541666666664
nonaquatic,96374,312430,0.7515281958116581,0.561937031950906,0.5860939818594104,8447.322666666667
nonaquatic,96418,313155,0.3833607839961382,0.4215094933592485,2.9648810065636226,3849.9761904761913
nonaquatic,96431,314236,0.8384187173777254,0.692304091679198,1.0914665003091928,6902.609487179487
nonaquatic,96534,311202,0.5973163350690371,0.5430230912561124,0.9113839863570121,4632.155042735043
nonaquatic,96559,309659,0.4936793317609437,0.3989090161172162,0.9190323725808093,5068.133333333333
nonaquatic,96566,309381,0.509564673788006,0.5163016966454597,0.6324567553805213,4492.692735042735
nonaquatic,96591,310820,0.3635257922278796,0.4075622531135532,0.5810849569638591,3947.6833333333334
nonaquatic,96742,313847,0.3816927713585435,0.4243217955128205,0.5464144260204076,4241.944166666666
nonaquatic,96745,312306,0.6180626602887698,0.5751113491292333,0.6999642050713697,11596.968091168092
nonaquatic,96786,314119,0.5451611169198527,0.5418261644260504,0.6934482399648723,4017.7371428571428
nonaquatic,96795,312371,0.6482000026677339,0.8583139254840397,0.9735959977324252,9090.266666666666
nonaquatic,96830,311634,0.6037869903516966,0.714176166056166,0.9327198790627351,4336.977777777778
nonaquatic,96850,309239,0.8485211878149733,0.920223844921853,0.8902229682106475,7530.009705603039
nonaquatic,96954,313122,0.7861282341269842,0.7117526492673997,5.547982327097503,7532.283333333333
nonaquatic,96986,312789,0.40873272525895926,0.4080127861577018,2.1012335081779203,3165.2596153846152
nonaquatic,97040,314037,0.7249399565924184,0.7321987630281663,0.6881223828352524,15545.513894993896
nonaquatic,97066,310669,0.441416593137985,0.41981101492192024,0.49340933738205756,2727.6404273504268
nonaquatic,97075,311977,0.5378848922902494,0.48240045238095247,0.5235039257369614,4372.5
nonaquatic,97076,311195,0.5006171093473873,0.5343221778397039,0.6810665423524677,4030.2688034188036
nonaquatic,97173,310044,0.4627034780578899,0.3783023443223444,0.5466054705215413,13248.466666666667
nonaquatic,97197,312254,0.33384288112070243,0.3638535416510928,0.4358782192412107,3438.549603174603
nonaquatic,97245,312952,0.5539389439108978,0.6129375586080587,3.1550557964852595,4466.925
nonaquatic,97251,309544,1.063081676003735,1.3636228095238097,1.1033998866213142,7562
nonaquatic,97379,310309,0.8572683704072224,0.8104393278849467,4.295009432792574,11863.572524565381
nonaquatic,97394,313404,1.093353297543368,0.8025337662337663,1.2688482908691423,16490
nonaquatic,97445,313647,0.44133899821397,0.4199289575897787,0.5449242340130759,3280.7992094017095
nonaquatic,97532,313503,0.6819380449295955,0.5896220793301936,0.7585447896264729,4389.925714285713
nonaquatic,97597,314018,0.37074061811493425,0.38668882413610955,0.7168900047921064,7371.363598290598
nonaquatic,97630,311388,0.4241920401493932,0.424389010989011,0.45517573696145075,2976.958333333333
nonaquatic,97636,312293,0.40268142701646714,0.3306191631482553,1.5274822903835508,3169.0146011396014
nonaquatic,97643,313252,0.6838623382389438,0.5176774106735369,0.7988051392912427,4803.412136752137
nonaquatic,97646,310209,0.42040486383442266,0.376365902930403,2.9719252362055926,4246.372222222221
nonaquatic,97648,311154,0.38769000933706826,0.37487269841269844,0.46509013605442107,2496.9444444444443
nonaquatic,97653,311828,0.5807579808604703,0.6570598032704138,0.814486059324,9640.509188034188
nonaquatic,97660,311271,0.41661508870214775,0.41830986080586074,0.6346171201814049,3406.9999999999995
nonaquatic,97667,310828,0.49451296251834087,0.38942121878121877,0.5221743022057304,3577.5133333333324
nonaquatic,97786,311818,0.31585248565782414,0.2932355677655678,0.39492562758009137,2926.525
nonaquatic,97802,310493,0.47271914118417463,0.4292606948984181,0.6550539830444464,3398.2260887260895
nonaquatic,97827,310062,0.45400028182701657,0.38974420871645366,0.5350809151489904,3726.171428571428
nonaquatic,97831,312851,0.6611581288224039,0.6670208305860809,2.2929986233788635,10225.705952380953
nonaquatic,97909,310045,0.7624084947868037,0.6052533652736154,0.9128823790627352,6672.477777777778
nonaquatic,97912,311624,0.42306979458693367,0.39771821518539935,0.5490399964889466,2772.612535612536
nonaquatic,97945,309965,0.6252279319694145,0.7894649496897663,0.9424312323587107,5002.632142857143
nonaquatic,97950,310934,0.458520846464498,0.4188358602274918,0.5773066759792728,2833.1713675213678
nonaquatic,98005,311017,0.4645121408563427,0.3417910183150183,2.261352530612245,7508.066666666667
nonaquatic,98039,313654,0.7898133531935347,0.7442756586270873,0.9514254291552866,24659.2
nonaquatic,98042,312728,0.5975531283636727,0.39586201192170417,0.48220055620503105,4185.547934472934
nonaquatic,98052,309305,0.6151633686196697,0.7327062347249892,0.6523126696252636,4852.694301994303
nonaquatic,98065,310991,0.6322118487394958,0.47532438534798543,0.7641548299319725,5595.8
nonaquatic,98103,312423,1.0825254052829527,0.7848962309142823,0.9494435257757574,11342.154586894587
nonaquatic,98108,313487,0.4762899695402659,0.429259037470466,0.5486187505616069,9556.522222222224
nonaquatic,98211,309393,0.48454437861811417,0.5424992558441558,1.3761747817460308,4388.498333333333
nonaquatic,98272,313296,0.6408711429899081,0.5243737510489509,0.6223213925228203,20351.986666666664
nonaquatic,98396,309191,0.5547287581757738,0.517194139888182,0.6876407648161033,9684.936752136751
nonaquatic,98446,311978,0.5058740049353075,0.4813285619047621,0.5634265532879815,4426.233333333334
nonaquatic,98463,309776,1.1839801058518649,1.0393030680883741,1.1868544770118918,17164.54761904762
nonaquatic,98546,311262,0.5853179850594482,0.41264276043956055,1.764265597352382,4733.1033333333335
nonaquatic,98671,313335,0.3542147630163178,0.4838707434502007,0.5713789758125466,3290.433333333334
nonaquatic,98737,314237,0.6606150035014007,0.6275934386446884,1.0625306547619038,5662.541666666666
nonaquatic,98743,312536,0.778037181777818,0.849463511250654,1.3818289173063767,15611.841666666667
nonaquatic,98776,309320,0.7415630118874731,0.7671531381723542,0.7507915051717226,5983.592735042735
nonaquatic,98816,314303,0.5564370664265708,0.5548796837606839,0.7718367545351467,8971.111666666666
nonaquatic,98929,309619,0.6969128785561844,0.6873583584697617,4.47278325466241,8220.090476190475
nonaquatic,98930,311143,0.44669986772486797,0.42018490842490847,0.5670100426028993,3201.3944444444437
nonaquatic,98950,310679,0.4090066806722689,0.4252211474969475,0.4485210260770972,3246.811111111111
nonaquatic,98965,310482,0.8051216495487086,0.6342458070818069,1.9023180083144358,5031.1111111111095
nonaquatic,99034,312331,0.37227211328976056,0.4297690354090354,0.6047535336356756,15646.455555555554
nonaquatic,99041,309248,0.5777968505138423,0.635941837162837,0.9125701798642262,5791.055555555555
nonaquatic,99163,309334,0.6620864507520876,0.873320061962242,0.8305570060480891,5568.075142450142
nonaquatic,99185,311214,0.516950787815126,0.40658210714285725,2.067506845238095,9673.5
nonaquatic,99186,312972,0.8297258901338312,0.6219715689865691,5.945411856661856,7733.022222222221
nonaquatic,99269,312790,0.41305442985710045,0.400569671920185,2.0874429069472087,3174.763568376068
nonaquatic,99335,309172,0.8026463468720823,0.8118874340659342,0.9868744189342399,17128.75
nonaquatic,99399,311645,0.5296027030870719,0.5343091149797572,0.7213085596006833,3935.2534188034188
nonaquatic,99401,309469,0.7411779859429267,0.8412313376623375,1.4651751492296516,4819.779545454545
nonaquatic,99424,309097,0.6806677530149361,0.6196073919413921,8.441157750266726,5842.4000000000005
nonaquatic,99523,309335,0.47219921008329097,0.6129195337795036,0.5606847004703127,3950.3379324379316
nonaquatic,99526,311655,0.6015305263772177,0.8042912500000001,0.7275084892290247,15261.058333333332
nonaquatic,99569,311663,0.5200560698449888,0.5099574200457617,0.5299905590248634,3562.311425082853
nonaquatic,99649,312636,1.3571848039215688,1.536574944322345,1.3990890646258494,10116.223333333332
nonaquatic,99903,311965,0.7298228468884721,0.7964619671103429,0.9235829295579686,6512.460455840456
nonaquatic,99908,309452,1.0967861811391226,1.114967619047619,1.3508188208616758,46334.4
nonaquatic,99995,311341,0.33794788198379744,0.33543941208791217,0.44559201334379867,3294.1666666666665
nonaquatic,100113,314318,0.865302148346845,0.909855449227556,0.9782548920404444,7302.851809116807
nonaquatic,100134,311617,0.7884734296573532,0.834976629605062,0.9939684272756715,18069.547733333333
nonaquatic,100189,309545,0.6212181979458453,0.6785371238095237,0.902718684807255,5258.6866666666665
nonaquatic,100237,309284,0.7244176512308073,0.6532076551956817,4.702997310493059,7031.443803418803
nonaquatic,100278,312235,0.44504273441950903,0.37854517704517715,0.9865541197485639,3705.374074074074
nonaquatic,100280,311872,0.49041727311070366,0.4939646181222287,0.6640580625192181,4565.224188034187
nonaquatic,100289,309497,0.5682913165266108,0.7032139360639362,10.70172006802721,4271.927777777779
nonaquatic,100294,312074,0.34379637966784243,0.26848810436347276,0.3849743429401011,3131.5584045584046
nonaquatic,100298,309098,0.8065187934311028,0.7267414327577187,8.622070304379282,6751.2
nonaquatic,100517,312342,1.0628245214825558,1.0993055887796415,1.4728111317570904,9270.929273504273
nonaquatic,100582,311794,0.7795690787426083,0.7523698961038964,0.9773716458805745,8300.872222222222
nonaquatic,100707,311439,0.5920524287556641,0.4197029010989013,0.5729492976678087,4798.238888888889
nonaquatic,100729,309583,0.809965425676014,0.7325861797719824,0.9400678443566601,6095.695940170939
nonaquatic,100780,312053,0.2968847873276296,0.34313793053998165,0.4049494966410598,3778.7996031746025
nonaquatic,100848,313180,0.6948189701243016,0.5728725446693659,2.575026122977006,4589.495042735043
nonaquatic,100857,310604,0.8616853221375347,0.771203224447933,2.927013500330242,21361.244666666666
nonaquatic,100874,312360,0.61068545751634,0.5367680952380954,0.89306859410430794,13642.25
nonaquatic,100922,314163,0.7767619614635068,0.7874818419505496,4.868634538572678,11873.478749999998
nonaquatic,100932,312168,0.8621756783933179,0.7638072562358279,0.7294967672270982,17454.833333333332
nonaquatic,100973,311722,0.5945419000933708,0.5509821904761905,0.6427235028860023,14001.15
nonaquatic,101152,309783,0.9462293183940245,0.7822911648351646,0.9401824263038547,11208.666666666666
nonaquatic,101156,310766,0.8952214869281047,1.267456093406594,4.66464754818594,26710.166666666664
nonaquatic,101158,313580,0.44967652692384086,0.49351079391016706,0.5525100886493365,8615.249052706553
nonaquatic,101238,310063,0.40296116713352004,0.3375767560439561,0.434732760255617,3352.6
nonaquatic,101412,314319,0.8788739589156529,1.0940742695662236,3.446202772392204,13232.53487179487
nonaquatic,101413,309165,0.9622502334267041,1.455059545787546,2.436587573696144,6157.373333333332
nonaquatic,101452,311548,0.45007689310151816,0.3963461009350299,0.5621227364678355,4414.049743589743
nonaquatic,101517,309702,0.7814920468187276,1.0845484479330192,5.841335255617397,15037.694444444443
nonaquatic,101547,310871,0.4835138432150639,0.5696147850915753,0.6802519616402111,4419.422777777778
nonaquatic,101568,311511,0.3715266054509719,0.32780644289545036,0.4200554737305336,2953.319658119658
nonaquatic,101572,313076,0.5417697167755994,0.5066380708180707,2.954304572940286,4177.544444444444
nonaquatic,101645,314369,1.3081268726210293,1.17308354566975,1.4839565442939875,23325.665079365084
nonaquatic,101666,313114,0.30689802587701764,0.31343406802721085,0.5132732426303847,2368.8428571428567
nonaquatic,101676,311215,0.4341711764837553,0.4446761712262471,3.09226246805318,3845.884353741496
nonaquatic,101678,309872,0.48339654569564583,0.41929005610638326,0.6106199046357804,10253.062535612535
nonaquatic,101679,310808,0.4786992497752638,0.5556548464956098,0.6711460657583518,3956.3677350427347
nonaquatic,101704,311302,0.6124177937841805,0.7980484251938539,0.5968559946402797,4154.52
nonaquatic,101833,311323,0.5674848225957051,0.5690906293040294,0.6393443735827656,8507.496666666666
nonaquatic,101835,312054,0.430694781364927,0.49268916504074167,0.4134116528414083,4491.311904761905
nonaquatic,101861,311646,0.35946216278177945,0.39180103742091255,0.6342970649092963,4997.879166666666
nonaquatic,101865,311311,0.616210982726424,0.6384528626373628,0.8599202522675731,5077.825000000001
nonaquatic,101905,312055,0.34579612916595215,0.49208443982208283,0.39377123854643864,4119.560714285714
nonaquatic,101940,309513,0.47166135254774255,0.5006409006802721,0.5141410971682976,3661.1323809523815
nonaquatic,101955,311596,0.9307983701077333,1.7035362228247946,1.4256646800749275,18269.199999999997
nonaquatic,102022,310840,0.4464108854652974,0.38160979731379735,0.5105167267917263,3506.9222222222224
nonaquatic,102064,311342,0.9898970845077661,1.019251508193561,7.995856922573416,9445.870940170938
nonaquatic,102118,309498,0.9421265136035073,1.1739139286269284,1.0225826252767236,6404.583838383838
nonaquatic,102177,314057,0.7142245133347457,1.1148857142857147,1.4376509997938558,19026.666666666668
nonaquatic,102203,309249,0.5807737170123728,0.6526438237964207,0.8575367865546871,17816.862214082215
nonaquatic,102273,311203,0.7268708543446564,0.6091225432041644,0.7669914528059074,4358.235042735043
nonaquatic,102334,310217,0.5405416128673692,0.577074645909646,0.6492525888133025,11165.855555555556
nonaquatic,102434,311664,0.45422299591411064,0.48972466071772847,0.566921123743708,3464.3351404151404
nonaquatic,102612,309842,0.4728740508703483,0.4588108704212455,0.6132303996598633,3746.125
nonaquatic,102671,313601,0.8503256615464245,0.7087115960744018,1.0838101567689178,13391.518333333333
nonaquatic,102736,310522,0.4111805302676626,0.34635936904761927,1.4819343490173842,3943.452777777778
nonaquatic,102776,311512,0.7559960550935685,0.6206794152747838,1.222459017921204,6477.636182336184
nonaquatic,102786,309499,0.4138430127606599,0.43037394383394384,1.841238898337112,3317.9833333333327
nonaquatic,102799,310231,0.5254249523121878,0.6666630445887447,0.6539024289687382,4756.6722222222215
nonaquatic,102810,309507,0.41581746649024426,0.45780553431656057,0.5680341869102908,3664.73547008547
nonaquatic,102914,312160,0.8626614032258867,0.7883666451326452,1.1246212070557302,18840.27777777778
nonaquatic,103016,311144,0.542639297385621,0.47135857142857146,3.886519802618016,4391.833333333333
nonaquatic,103078,312189,0.6965600890330255,0.8374496537589396,0.8603657700544598,5527.261111111111
nonaquatic,103080,312062,0.6217321984617461,0.38337164283453173,0.7977286318814281,3971.7469135802467
nonaquatic,103084,309565,0.6021688920012451,0.5532508522588523,0.6851291675255955,3989.6333333333337
nonaquatic,103335,309648,0.33954790582899846,0.3460295531135532,0.3904169671201809,3246.5833333333335
nonaquatic,103372,311324,0.42107798786181155,0.3794918446886448,0.5801277579365071,3173.9416666666666
nonaquatic,103393,309306,0.5390114679241511,0.6017392973987167,0.55953408705974506,4630.177136752137
nonaquatic,103409,311723,0.5940258636788049,0.6935884908424909,0.9583242488662123,4296.066666666667
nonaquatic,103410,311979,0.8428318834200348,0.8468615047619051,0.8144065759637185,5734.5999999999985
nonaquatic,103421,309340,0.29574569147386864,0.3030257148410384,1.1316814574615068,2579.5755102040816
nonaquatic,103435,311503,0.4236943160612172,0.4329869596606903,0.5662291158071998,3599.3195213675212
nonaquatic,103461,313156,0.5186324978837543,0.5951800198888119,5.916021480977578,4628.805708180708
nonaquatic,103583,312674,0.5051325639700296,0.5565832171637888,0.5958118920503095,10865.433333333334
nonaquatic,103800,311351,0.6030378484727227,0.5722715018315019,2.3574504393424034,5116.283333333333
nonaquatic,103804,309173,1.3078764550264552,1.4484142930402935,1.5241037603930458,11200.533333333336
nonaquatic,103823,312618,0.2782941176470589,0.22706888888888885,0.37912494331065716,2751.344444444444
nonaquatic,103829,312294,0.4771423961251169,0.46721664776889776,0.6628607001133779,4340.566666666667
nonaquatic,103845,311368,0.5585241638321997,0.6403901657509157,3.0407812783446704,4726.741666666667
nonaquatic,103851,309571,0.5352430199134582,0.570263217102427,0.9356554498846724,4286.062741373854
nonaquatic,103867,309892,0.486676446402935,0.6716203422498555,0.6850100155728499,8947.8094017094
nonaquatic,103874,312861,0.4252382457983194,0.43546441849816864,2.0152134353741493,3910.2916666666665
nonaquatic,103938,311523,0.5949656218140096,0.6056775029882397,0.7297270305514043,4065.894586894587
nonaquatic,104085,310755,0.48545432422969187,0.5107717316849818,0.5819685374149653,4388.775
nonaquatic,104169,309554,0.6800049006196677,0.7189427693417694,0.9079206713040036,13021.877777777778
nonaquatic,104321,309228,0.4991561553254361,0.5478282415354289,0.6363223616744491,4856.348108262108
nonaquatic,104407,309649,0.813686549129456,0.7128162881562881,1.2422144557823123,6906.055555555555
nonaquatic,104415,312700,0.36466563125250107,0.37533488461538456,0.4400688492063488,3368.2055555555557
nonaquatic,104421,312680,0.47740288281979476,0.4787333744588745,0.6047957437899397,4270.691666666667
nonaquatic,104508,312016,0.40079328898225963,0.3281475952380953,0.4677563208616775,3784.4166666666665
nonaquatic,104529,311296,0.5910115538993841,0.5265482283207681,3.060962677575378,6619.947530864198
nonaquatic,104530,309546,0.7248413287537241,0.827620142857143,0.8994887025012016,6523.211111111111
nonaquatic,104532,311325,0.3971581974824422,0.41919551298070257,0.49043655450095675,3784.472789115646
nonaquatic,104578,313306,0.898728351489372,0.8048490723562155,1.1000922765984873,47605
nonaquatic,104597,310890,0.6561582963264877,0.7071478153215832,0.7097346068369744,10020.711174242424
nonaquatic,104630,313253,0.4180824878632713,0.35775549584450644,0.47796623712239283,3018.8441880341875
nonaquatic,104752,313467,0.5265989002974378,0.5174988272176801,0.6448279055406304,10879.777142857143
nonaquatic,104754,311751,1.0537004008604058,0.9465608985114422,2.065516746187453,14824.898757020757
nonaquatic,104802,313939,0.49807835217031926,0.4752658920879121,0.7222921314138895,4565.739166666666
nonaquatic,104824,309903,0.3618961406784938,0.42480713064713066,0.4659107520786085,3186.211111111111
nonaquatic,104967,312218,0.771128014173111,0.7556987166262311,1.1244285669920133,6896.66
nonaquatic,104976,312681,0.5439796351874084,0.4642519931972789,0.7235047760770972,14499.75
nonaquatic,105081,309660,0.6208918443298905,0.5468008742368745,0.8840061917847792,4938.8388888888885
nonaquatic,105139,312500,0.45198555774754556,0.44574805796041894,0.5501733752486588,4209.871320037987
nonaquatic,105250,313412,1.0763664144180247,0.7550342040816327,1.0621525472752622,45118
nonaquatic,105280,311117,0.3250180275487306,0.29648480308463465,0.39176352996128383,12393.202564102565
nonaquatic,105450,313212,0.9829420961864005,0.8798388742625797,12.132848164874723,7616.168547008547
nonaquatic,105458,313887,1.1650657493028274,1.0611242582304359,1.3169565257243916,9720.589572649571
nonaquatic,105459,313827,0.48397724985232204,0.4882586885400315,0.4658178885796737,4442.627380952381
nonaquatic,105655,312528,0.8101905070009369,0.9839912380952383,3.0747798238269684,10471.906666666666
nonaquatic,105805,309099,1.6690475187895115,1.014079663889068,1.2217253872613,18464.02279202279
nonaquatic,105809,311752,1.3167556022408966,0.9101132467532469,1.5517906462585025,28197.2
nonaquatic,105821,311204,0.5107581932802308,0.49146813880855994,0.671825614834355,7768.868376068376
nonaquatic,105862,310880,0.33815614635517455,0.3265651768866055,0.519381139997185,3190.1111111111118
nonaquatic,105864,309274,0.759322321995465,0.8368234068864471,1.0624519569160986,7095.133333333333
nonaquatic,105873,313928,0.938275529411765,0.7743016996336998,1.0156480225726643,7280.516666666667
nonaquatic,105877,314127,0.8666435224089638,0.794983928904429,0.9320264455782304,25813.5
nonaquatic,105880,314095,1.7190456058092993,1.2838386205128205,2.311460379609134,12634.586666666666
nonaquatic,105883,313828,0.6473475601307188,0.746868184049284,0.7106971439909289,4882.839333333333
nonaquatic,105934,314045,1.065045791580855,1.037935627890654,1.0563362843490487,10235.705242165242
nonaquatic,105949,313888,0.62232643557423,0.6092280124542124,0.7602165986394549,4926.044999999999
nonaquatic,105950,313390,0.8343211907290604,0.613862337662338,0.7873689594607958,5780
nonaquatic,106008,309748,0.32526043639574526,0.29453694749694764,0.5483391689439305,3438.6222222222223
nonaquatic,106164,310797,0.44829446765540515,0.475527431848853,0.5163122774310178,3718.535042735042
nonaquatic,106246,311027,0.6054368658574543,0.6498921367521371,0.6412513227513222,6068.083333333332
nonaquatic,106355,313684,0.9479839337400563,0.7817960969696974,1.000113589535203,20081.490000000005
nonaquatic,106387,312219,0.5039623106506168,0.5131706603715334,0.5789205584505208,4643.74
nonaquatic,106424,314144,0.5163711229568397,0.5402078870646023,0.6538196844861676,4167.906944444445
nonaquatic,106469,311782,0.9169600287448316,0.8650980260073262,0.9037926544784569,6334.225833333333
nonaquatic,106479,310310,1.308773367616888,1.1854733553935866,5.514962821702377,22946.21031746032
nonaquatic,106531,311743,0.8421958515787271,0.8444748799839618,0.9977910494469889,5818.040476190476
nonaquatic,106542,309403,0.8576506115779646,0.9288930573115775,1.2794594024943304,9798.015555555556
nonaquatic,106544,313558,0.6139229229187794,0.4411986453546455,0.5816975987719287,3933.6875
nonaquatic,106818,310064,0.45235855452586793,0.3083269792429792,0.4435885574868563,3764.944444444443
nonaquatic,106823,310342,0.5859921592043114,0.6432025847836375,0.7270788896935981,3758.72094017094
nonaquatic,106891,312663,0.8398036991784965,1.183991430370799,0.8234505264701666,6132.515475265474
nonaquatic,106940,312491,0.5405584380418835,0.5496740571428572,0.782886218820861,8724.033333333333
nonaquatic,107005,313084,0.47953688920255755,0.4440136535248377,2.031360395203988,3394.2236467236467
nonaquatic,107086,313718,0.7968292094615627,0.7051803818403819,1.424676588160516,5575.677777777779
nonaquatic,107141,309250,0.4817805428796774,0.5607204908424909,0.8077058907142233,6245.033333333334
nonaquatic,107233,312537,0.5156914512955515,0.6165473308913307,0.8255292950172445,10088.81111111111
nonaquatic,107268,310483,0.4903014211017741,0.38173491282051275,1.2957070696763546,3694.066666666666
nonaquatic,107270,313496,0.6416634231261665,0.5957787252957569,0.7851328474863374,5000.461367521368
nonaquatic,107330,312372,0.41376191543283997,0.4047150381998954,0.5773301587301581,4548.422222222223
nonaquatic,107332,311861,0.4452389968487395,0.26761368452380957,0.3612362032312923,2683.520833333333
nonaquatic,107333,311389,0.390061381886088,0.32487758869701727,0.49441375931324844,2404.3952380952383
nonaquatic,107337,314294,0.6365415919701217,0.5840907948717948,0.8996527777777767,6345.999999999999
nonaquatic,107339,310139,0.32945483193277325,0.3610142857142857,0.5857568027210877,7228.25
nonaquatic,107343,313468,0.43359978191276544,0.40990642585985443,0.6094520833333325,3408.275
nonaquatic,107375,311997,0.649674328171191,0.7027919318598067,1.6468289463792751,23967.229166666668
nonaquatic,107376,314283,0.3205234257726439,0.2670275970541739,0.3380752384661235,4301.499700854701
nonaquatic,107378,310632,1.0183927322690596,0.8503683969153653,1.1001303683930606,8363.605555555554
nonaquatic,107379,310593,0.5711676589683494,0.5503384997383571,2.525161000677327,4704.823809523808
nonaquatic,107381,310001,0.48697970354808606,0.4215182783882783,0.6138396541950104,3986.233333333333
nonaquatic,107391,309863,0.4342694771241831,0.38049347985347987,0.39206245310245275,3424.3066666666664
nonaquatic,107427,312457,0.2917921335200748,0.28394633333333336,0.394890646258503,3116.133333333333
nonaquatic,107430,309251,0.5721188521992642,0.6247661863691865,0.8608656569180368,5471.866666666667
nonaquatic,107434,310433,0.5838838667144473,0.636246801229034,2.448455314179662,4812.663141025641
nonaquatic,107445,312953,0.5627046529723002,0.557518039072039,2.8676397581254713,4571.811111111111
nonaquatic,107460,311733,0.7220235722090936,0.7831096329343171,0.8758106219613575,5649.301424501426
nonaquatic,107485,310650,0.7314339365730764,0.755514973626374,11.338153790263968,6905.016666666666
nonaquatic,107511,313559,1.216460144336805,1.0469403243042674,1.6199131651474807,26781.493333333332
nonaquatic,107526,312382,0.6274921644356501,0.6405324887799275,0.684638273023677,6256.065476190476
nonaquatic,107548,309275,0.840470168067227,0.8659857997557997,1.0250529478458041,6950.133333333333
nonaquatic,107564,313285,0.6253139922635725,0.6508224613481758,0.8768875283446701,10323.6
nonaquatic,107565,310108,0.2991044195455962,0.30714698412698416,2.45269331924689,2503.333333333334
nonaquatic,107572,312796,0.3820572263082844,0.3932425267784847,2.001641470642248,3572.2798076923077
nonaquatic,107633,312332,0.5871101873329732,0.5807411418105702,0.8882840594010273,11993.866666666667
nonaquatic,107644,310571,0.44289249299719896,0.38569347985347996,0.5637557823129246,3942.1333333333337
nonaquatic,107833,313273,0.8744808699950569,0.688778021978022,1.0059890670553928,14678.833333333332
nonaquatic,107963,314266,0.50461365935263,0.5089458247863249,0.5872963246409668,3909.6500000000015
nonaquatic,108022,310670,0.41803295985060707,0.3818858075258075,0.5744394493403414,3235.7833333333333
nonaquatic,108114,313811,0.4779560556309383,0.3690293753988068,0.5368665056801583,19744.92721367521
nonaquatic,108115,310708,0.5237641523614125,0.4966034980142665,2.673265106310233,5342.70284900285
nonaquatic,108149,309730,1.1105826754065915,1.2484217703296714,0.8367071091437315,9413.548333333332
nonaquatic,108253,310908,0.3494671335200748,0.3169528205128205,0.5234968820861671,3637.833333333333
nonaquatic,108374,309620,1.457463563060519,1.175984002197803,1.8884133142710429,19112.026666666665
nonaquatic,108388,313908,0.8496390166526624,0.7996924179384359,1.0540919012298713,6677.737578347579
nonaquatic,108398,309650,0.3653121470810547,0.40391604884004895,0.3560541477702189,3190.9555555555553
nonaquatic,108438,313791,0.6436749081029238,0.5754103601885646,0.7967388984037228,4623.133968253967
nonaquatic,108569,310402,0.5692593566959672,0.5131242079444367,2.458119573186182,4260.346666666666
nonaquatic,108789,312468,0.2916837401627319,0.25191366728509584,0.39852057013281456,5115.142857142858
nonaquatic,108958,310523,0.4943449402427639,0.44383051208791224,3.5452388548752833,5045.546666666665
nonaquatic,109087,314067,0.6907132376327639,0.44663223312126477,0.6403863530905353,6250.502564102563
nonaquatic,109104,309144,0.6336163186274515,0.6258898642857144,0.981892270408162,5776.361666666667
nonaquatic,109473,311998,0.7274041649993331,0.5899758674658675,0.584811520820449,10121.541666666668
nonaquatic,109608,311398,0.6828285714285716,0.6600083005883007,2.84949876958359,11005.72222222222
nonaquatic,109663,313201,0.5431974783246635,0.5843299442176871,3.366123773890508,4688.757142857144
nonaquatic,109731,309353,0.5400143207282915,0.6215788772893773,0.8059790391156455,5754.041666666666
nonaquatic,109736,309470,0.5531457182873152,0.5923391816849816,1.4916993452380944,4650.179999999999
nonaquatic,109737,309756,0.49807660760020883,0.4827718198260075,1.7772959664095815,11055.727083333333
nonaquatic,109747,312719,0.5167702021641992,0.579848930860806,4.267022182153164,4823.9124999999995
nonaquatic,109877,312266,1.0142632993135139,0.9938601661576517,1.0819439566650273,8342.52
nonaquatic,109922,314341,0.37574968063382963,0.3454913159076713,0.41664296120040933,3831.3835897435897
nonaquatic,109972,313297,1.0332505904310318,0.4224060429366553,0.5761653541901356,27387.428571428572
nonaquatic,110037,310798,0.3524303409264843,0.34346728823260075,0.5182762739657822,3260.5104166666665
nonaquatic,110051,312797,0.6148188955582233,0.5742773793825223,3.812572619047619,4963.133333333333
nonaquatic,110086,312255,0.5494471366324308,0.5948489621489623,0.5347968211021782,5540.727777777776
nonaquatic,110097,309731,0.45753887059474957,0.5110493315018316,0.37179741553736106,4178.516666666666
nonaquatic,110104,310287,0.35933123249299737,0.38584535714285717,0.5771580569727881,2971
nonaquatic,110208,310535,0.8285988422035482,0.7185143282051284,5.961413752834467,6857.76
nonaquatic,110225,312082,0.3015507780890135,0.28680785103785106,0.40983210506424744,2702.805555555555
nonaquatic,110291,314320,1.0490462976190478,1.072199292930403,1.1858563993506481,14575.888333333332
nonaquatic,110301,311902,0.32928347372511657,0.2920699749979344,0.42344171081332305,2896.7251526251516
nonaquatic,110303,310582,0.46354610566448806,0.49791826656676663,0.5609905990173844,3847.827777777777
nonaquatic,110306,310189,1.0330135383668264,0.8174262794699035,10.54466025476285,27780.437606837608
nonaquatic,110373,311852,0.3667789494452025,0.36311979047619053,0.5161594548044542,7926.8133333333335
nonaquatic,110495,310101,0.6695631999466455,0.49104255154369447,0.8498291099773236,6412.483333333334
nonaquatic,110534,313898,0.39395832944288844,0.3902332525807526,0.5474651832955398,3867.694444444444
nonaquatic,110555,313602,1.0099818469339403,0.598969635126778,1.0507593723071753,12800
nonaquatic,110566,309522,0.7856769894577911,0.892741111721612,0.7285159840159837,7880.266666666666
nonaquatic,110703,313480,0.8433826891834731,0.8586002164502168,0.9631058116777914,25809
nonaquatic,110706,309732,0.783196127050435,0.8698379943698281,0.5694081532200003,6039.739814814815
nonaquatic,110827,309637,0.33930295565088814,0.35451677557997563,0.5071116675388567,4500.377777777778
nonaquatic,110830,314155,0.8548672658618167,1.0035360740522639,0.9271660422701986,6264.393205128205
nonaquatic,110895,313221,0.43422199190787447,0.42155916927516934,1.6607894746787597,3569.1777777777784
nonaquatic,110936,312606,0.3808703711680771,0.39273599572649576,0.6646345608760986,13278.388888888889
nonaquatic,111015,312833,0.2611963381204056,0.23947933950260264,2.0774683406206775,2172.876068376069
nonaquatic,111018,312942,0.38020662325046767,0.3494944342047426,1.901589586069796,3298.417350427351
nonaquatic,111075,313469,0.6596078509499039,0.6363156381849444,0.9128220365357016,7429.730952380952
nonaquatic,111101,311539,0.43218069519656954,0.4250265672748305,0.5982456932283877,3837.626068376068
nonaquatic,111115,310484,0.7534491409897294,0.6943967106227106,4.137837386621314,15722.316666666666
nonaquatic,111256,313164,1.0815336718093533,0.9117600613071141,3.4888839917344137,6903.937606837607
nonaquatic,111364,311715,0.8665617802676628,0.596247492063492,0.7773466364323498,4297.333333333334
nonaquatic,111596,312131,0.5247096004428138,0.7202327369420705,0.6590116012761686,4038.3592592592595
nonaquatic,111677,310423,0.3989386517273579,0.4404529787545787,1.1850962358276638,3059.86
nonaquatic,111718,314217,1.2883615630900698,1.085177156649813,1.2629633932071862,14828.15595238095
nonaquatic,111928,312044,0.7445869371154757,0.7432346675342202,0.9652496592514215,16258.787606837606
nonaquatic,112038,311656,0.6764089408435209,0.7212299603710131,1.3086723165313878,5856.643162393162
nonaquatic,112154,313115,0.20417958294428895,0.2387368888888889,0.3430124338624334,2209.8666666666663
nonaquatic,112162,309603,0.6987672113289762,0.7789654041514044,2.8915521730914575,6083.722222222223
nonaquatic,112192,310572,0.6011602832244011,0.49997518974358973,1.783700143613,4905.622222222222
nonaquatic,112257,311480,0.7018695987685917,0.6106349205861807,2.0670758039057056,7489.985897435897
nonaquatic,112297,311458,0.6085541461028856,0.7544321416361417,0.9647900982615268,13110.42222222222
nonaquatic,112317,310717,0.4853950233426705,0.4810554139194139,0.6029643764172329,3283.2266666666665
nonaquatic,112452,313286,0.41068635895534694,0.4326650176490177,0.5542365737366368,9281.879166666666
nonaquatic,112456,311007,0.703466184640523,0.7816957950549451,1.088039594671201,7925.408333333333
nonaquatic,112483,309220,0.31620183239962657,0.28975022161172154,0.3780020691609974,2901.0611111111116
nonaquatic,112534,309174,0.739596156240274,0.7190182930402932,0.8546979780801206,7135.333333333334
nonaquatic,112720,311578,0.8480991329865284,0.6672520355834641,1.0500311791383217,25276.333333333332
nonaquatic,112925,310747,0.44820399691160473,0.38611449261890995,0.4619775207436933,4355.742796092796
nonaquatic,113040,311421,1.0805996537576883,0.964018671319324,1.1348854410919353,9085.586495726497
nonaquatic,113186,313719,0.886387520899833,0.9607375757575758,1.3032862663906126,6798.8
nonaquatic,113226,309843,0.8446684897292254,0.9813271648351649,1.1898877692743746,6090.025
nonaquatic,113229,311705,0.6198326530612246,0.9213241904761907,0.6982549783549776,5502.466666666667
nonaquatic,113231,309611,1.2179362772174789,1.1141414510417273,1.0575896324421232,11701.254814814813
nonaquatic,113755,309430,0.7435747899159665,0.6172205490842493,1.8639228988868268,6596.570000000001
nonaquatic,113777,310434,0.8372821280734519,0.4588674694971695,2.7487374584278137,4044.483333333333
nonaquatic,114003,310748,0.4340732503202781,0.43599691591741585,0.4729692494128825,3913.5000000000005
nonaquatic,114038,312083,0.396746430572229,0.3865730268131869,0.5193197040816324,3222.1966666666667
nonaquatic,114080,311123,1.2684768440709622,1.1077113003663006,1.6598559665532868,12763.925
nonaquatic,114083,311440,0.4510335191854521,0.38840419774511215,0.5355820148766572,8071.262222222222
nonaquatic,114113,309621,0.726238502901161,1.0049163855311358,0.7347122023809517,15821.791666666666
nonaquatic,114219,313878,0.6174191880675718,0.5869685563790471,2.311229866799943,4333.788369477745
nonaquatic,114291,312409,0.8398536048888322,0.7309109483966326,1.919800247811698,8418.701424501425
nonaquatic,114332,310594,0.657660905031598,0.553948127086948,1.9368991141128542,5129.915042735043
nonaquatic,114337,312862,0.4723144677871149,0.47361712454212473,1.180742329931972,4208.290000000001
nonaquatic,114360,313192,0.5547289530848822,0.4506764042799305,0.7177033543499938,3604.01047008547
nonaquatic,114386,309604,0.9123255770930617,1.014351924916294,2.5701247541130123,7547.394749694749
nonaquatic,114400,310319,0.3952452767773778,0.35953193339993345,0.5104485673057096,8340.383333333333
nonaquatic,114422,313608,1.055907699824116,0.9924166233766235,1.3636378693769982,26629
nonaquatic,114425,312190,0.7890867615935263,0.7309192954822955,0.6810029856386995,4763.222222222223
nonaquatic,114481,310962,1.4590354098212777,1.3438717600732604,1.4213887733298436,10517.25
nonaquatic,114482,309431,0.7973800640256106,0.692662352694924,1.1718425170068014,6973.2
nonaquatic,114483,310660,0.9048104341809688,0.8120816199151725,1.2009245813035747,7332.254273504273
nonaquatic,114484,310661,0.829216649159664,0.7704111053113555,0.6981508696660478,5223.775
nonaquatic,114485,312805,0.5385599187692587,0.4596277783767111,4.255325171312489,4338.124358974359
nonaquatic,114486,310718,0.4345017273576098,0.3498176934176934,0.4834487244897954,2939.4666666666662
nonaquatic,114538,312882,0.6171309803921571,0.4970235360195361,6.875425528241598,10543.172222222223
nonaquatic,114554,309362,0.7642621428600629,0.7492193534605743,2.558879220276531,14861.418376068375
nonaquatic,114572,310298,0.5894249299719889,0.5615769934065934,0.8673667099567091,4835.393333333333
nonaquatic,114671,312758,0.7763853828197947,0.7070397533133534,3.311807434807254,6198.166666666667
nonaquatic,114685,312759,0.46644681450357933,0.465650996003996,0.6795991685563104,3898.483333333332
nonaquatic,114687,311028,0.5794578586990355,0.5284961660561661,0.8039448223733929,5327.944444444445
nonaquatic,114718,312625,0.4427408963585435,0.3736950476190477,0.5007811131725416,3591.8866666666668
nonaquatic,114731,310403,0.61686421511151035,0.5821009048094763,1.9268945866680556,5291.409523809523
nonaquatic,114744,310320,0.6536617274506703,0.5572009898672756,0.7036967069765979,15248.866666666667
nonaquatic,114809,311065,0.6045458444330116,0.6068637561785154,2.6161755340367434,5795.877142857142
nonaquatic,114908,312063,0.5205870531052348,0.41606004211097547,0.596853407688656,4308.508148148148
nonaquatic,114943,313648,0.6827229722984776,0.6080159806463379,0.74682776427276365,13170.222222222223
nonaquatic,115027,311734,0.6753683194611177,0.609571081784882,0.6802729911358476,5361.543333333333
nonaquatic,115242,313016,0.9155986335517534,0.8158742402840625,4.785825228010727,6323.225946275946
nonaquatic,115286,309145,0.550115981503713,0.6860158197802199,0.8887668386243375,4385.738888888887
nonaquatic,115312,309460,0.5789221813761988,0.5747408401773666,0.6306500032368222,4922.868803418803
nonaquatic,115422,309904,0.794343471652227,0.7049099633699634,1.1684498052844319,5861.166666666666
nonaquatic,115424,311008,0.8036301797458614,0.7181998898785427,1.079837976995185,7379.604273504274
nonaquatic,115589,310013,1.6570094435107372,1.4817648943589754,1.737306179138322,30272.269333333334
nonaquatic,115758,310935,0.32425455135387504,0.32601620388278385,0.4650668134920628,2578.948333333333
nonaquatic,115775,310249,1.598360195673723,1.169763290779656,1.2331421561888078,28850.85772079772
nonaquatic,115912,313165,0.8018118216765963,0.8118292010025064,0.5891729267794878,6464.96188034188
nonaquatic,115922,312760,0.4119929878618115,0.31933820446220457,0.34753327664399064,3933.483333333333
nonaquatic,115929,313326,0.8791349673275608,1.1537110288395815,0.9441506584010811,35645.58760683761
nonaquatic,115938,314206,0.5892312544625695,0.5029877362637363,1.1244814787819881,10892.516666666666
nonaquatic,115981,313116,0.3267546902481925,0.21728571428571442,0.39392561372375057,1810
nonaquatic,116033,309461,0.4082297128866139,0.3934977573163678,3.5457608856484697,3489.207521367521
nonaquatic,116453,310641,0.23392519407763118,0.25643162490842486,0.40038457482993123,1875.0700000000002
nonaquatic,116484,312798,0.419683843137255,0.3775444454212455,2.306157721088435,3268.3399999999992
nonaquatic,116496,313879,0.7594463235305797,0.8122928079776364,2.5179957637908847,5588.8581837606835
nonaquatic,116504,313947,0.7318030533578007,0.6772984764321517,0.8929752584924678,6592.605656288156
nonaquatic,116510,313117,0.4167888690500522,0.3584163255028598,1.251833139912983,6381.431980056979
nonaquatic,116538,310957,0.361273511404562,0.40291944759050485,0.5048428182701645,3448.433333333332
nonaquatic,116556,313948,0.5664795261959684,0.493162224930403,0.7345644550740633,4983.153
nonaquatic,116658,310299,0.6452549301201963,0.6698797313797314,0.7105468883849829,4721.788888888888
nonaquatic,116709,313106,0.7603700513684732,0.634374349720455,4.23368170228969,5545.975213675214
nonaquatic,116711,313085,0.5837291199849753,0.6697609564777328,5.245137177273102,5050.1604700854705
nonaquatic,116718,310612,0.40687263423888087,0.4200596263736264,0.6074824389014858,3428.4148148148147
nonaquatic,116752,309716,0.42724435987962,0.36072909265190956,0.4324180099050022,3345.474700854701
nonaquatic,116762,312664,0.5745569133257502,0.502432823588692,0.717697349364893,4538.763960113959
nonaquatic,116813,314145,0.758485984945886,0.6992568878054404,0.9046942516181856,6983.146346153845
nonaquatic,116920,311837,0.6393750644702327,0.5244123650793652,0.6911241376348514,5731.500000000002
nonaquatic,118867,310090,0.49357332097636153,0.5164193768707483,0.8103532757246685,3485.6800000000003
nonaquatic,118913,310170,0.5774145417080042,0.5329508556005398,4.211228889157125,4818.890313390311
nonaquatic,118959,313481,0.8138604440290104,0.9113092278626136,0.9563829309357915,20924.918333333335
nonaquatic,118974,313818,0.35866343893821195,0.32356752023877355,0.5756204021419697,2854.371259259259
nonaquatic,119014,312179,1.2985934562762635,1.2244277189710877,0.8810865861202016,7030.391737891737
nonaquatic,119018,313655,0.7317082061261865,0.6117293550026583,0.7837129611845038,15177.273019943017
nonaquatic,119037,313470,0.6578665611499503,0.5903898902430905,0.7585608212150655,5043.0999999999985
nonaquatic,119065,313917,0.6608561554629521,0.6708549832356535,0.9889236863711578,7091.774999999998
nonaquatic,119148,311716,0.2846760309679427,0.20941156349206358,0.26749280990173835,3381.2500000000005
nonaquatic,119180,311037,1.1424401187199917,0.6142546752195173,2.6103231287616815,6197.510085470086
nonaquatic,119207,309709,1.369585179546328,1.0999558183150187,3.2159760673793323,29354
nonaquatic,119215,312556,0.6234782457427418,0.6558777301587302,0.9393304043839754,12140.811111111112
nonaquatic,119274,312901,0.4972416083136402,0.48233667076344705,2.8289049635542813,4280.502136752138
nonaquatic,119293,313413,0.7020472802423245,0.5537189743589744,1.038276819344676,20484.216666666667
nonaquatic,119332,313730,0.5305234360410832,0.40261040293040284,0.6475810657596366,13574
nonaquatic,119337,313421,0.5349353291704281,0.4434810884353742,0.6565784481908703,15233.6
nonaquatic,119350,314184,0.6518686507936511,0.5686743822843824,0.9749315617913824,5138.108333333334
nonaquatic,119703,310190,0.37778159330398847,0.41524889952904237,2.4169254109977314,5939.091666666667
nonaquatic,119819,313345,0.8648046561123313,0.7097073257218974,0.9384070271977598,20099.49166666667
nonaquatic,119840,314078,0.7869107930659195,0.7381758460491892,0.877421466496626,6301.062857142857
nonaquatic,119877,312799,0.4069734430438844,0.3963874139194139,1.169748221371881,3308.7833333333333
nonaquatic,119903,310391,0.547070046685341,0.55515094993895,7.8741808286951125,4899.0999999999995
nonaquatic,119915,311549,0.2758748988484283,0.321402547008547,0.4542180650037787,3381.644444444444
nonaquatic,119932,313829,0.6250080280072757,0.6287499715704222,0.7192358111252437,4833.2726923076925
nonaquatic,119995,310999,0.6328716503267976,0.588665272893773,0.7641454365079356,6209.416666666667
nonaquatic,120026,309354,0.4087584360420564,0.34607111293618664,0.5398760099334471,4084.0339031339026
nonaquatic,120034,313701,0.6327140212158242,0.7575251432972643,2.7763157593051186,12865.232393162394
nonaquatic,120037,310404,0.4407199066293184,0.3771694261294262,0.5421308853844562,3342.9000000000005
nonaquatic,120039,310364,0.6948423583877997,0.6657372841269841,1.5655278590325004,5691.216666666666
nonaquatic,120052,313298,0.5823295050432342,0.5495057524875123,0.6814981151566182,4835.316666666667
nonaquatic,120089,309612,0.7848235083874824,1.2823118271660312,0.7143305262467794,12964.576190476191
nonaquatic,120155,312075,0.39336395724490586,0.3051564542124542,0.458459196755625,4602.6
nonaquatic,120348,313123,0.5291972860255214,0.5063043956043957,2.1954376832955402,4463.277777777777
nonaquatic,120353,311145,0.380094483904673,0.3802884408369409,0.47983730631141297,2744
nonaquatic,120415,313748,0.8113532313440449,0.7213106957623533,0.7428339589710228,18447.474017094017
nonaquatic,120589,310053,0.5551646144700629,0.634085867091242,0.6549018236098783,14377.35643939394
nonaquatic,120719,313346,1.4471830903746863,1.126035888873032,1.3832267264079092,27761.13333333333
nonaquatic,120765,310719,0.40667835134053637,0.3700523704866563,0.5627833333333326,3193.8476190476185
nonaquatic,120807,310561,0.48821567732648613,0.33121308150183165,0.44911371409674933,3989.9472222222216
nonaquatic,120825,313299,1.0998735051379356,0.8189817069138344,1.3335974476454682,9064.389285714286
nonaquatic,120949,311744,0.8080484640522878,0.8531888101898106,1.1330877409297044,5734.2249999999995
nonaquatic,120978,310709,0.6774595970791494,0.6895621100201054,0.7907203353887147,6224.307155067155
nonaquatic,121011,311862,0.4595593887603684,0.5068219303707988,0.5723236721162157,4403.475071225072
nonaquatic,121050,313504,0.46141129785247437,0.5171509523809523,0.7485694444444435,4421.25
nonaquatic,121051,312442,0.25410269374416444,0.24536930476190474,0.42111586167800424,2766.1000000000004
nonaquatic,121052,310916,0.5791108310039325,0.5325664035087719,0.8078954408236984,4647.6750712250705
nonaquatic,121073,313778,0.5274624830506387,0.5192356597337902,0.5790206375350633,11320.598666666667
nonaquatic,121105,312431,0.7806005012237456,0.8813889075039252,0.9396211177704278,6841.7693333333345
nonaquatic,121108,310120,0.6040786761340146,0.5899298095238097,0.82476374832839,4971.7
nonaquatic,121109,312432,0.40857208241953125,0.3617649411477412,0.3751531782480227,3651.2855555555566
nonaquatic,121132,309595,0.6744665779645193,0.615719308025308,0.6296330498866212,5840.316666666667
nonaquatic,121138,309794,0.5576865919701215,0.42859251282051286,0.5029280328798184,5868.55
nonaquatic,121151,312433,1.3261979208303403,1.3381640161172168,1.1634547069597059,10139.786666666667
nonaquatic,121153,314227,0.605386862577588,0.5744802470862471,0.7300536822635032,5624.941666666666
nonaquatic,121161,310517,0.8520384226226972,0.7919949497927512,3.194547048304848,11253.79797008547
nonaquatic,121171,312806,0.391149890622916,0.3967785302792445,3.25249826935536,3301.8309523809517
nonaquatic,121282,312607,0.47469546374105226,0.5019652100122101,0.7599118291761139,4074.588888888888
nonaquatic,121319,310799,0.37164943582936977,0.36222521214896225,0.4520654508740815,3380.097222222222
nonaquatic,121418,312548,0.3453866738864271,0.35587884353741495,0.5863243774714935,5266.1625
nonaquatic,121549,311903,0.3002330376595084,0.3189955555555555,0.511891912320483,2794
nonaquatic,121607,309355,0.49539202963822493,0.5420573464962775,0.6230900027527968,4643.4926332926325
nonaquatic,121694,311625,0.3656853229465046,0.43685016139169486,0.5361414575752776,2940.1681481481473
nonaquatic,121701,312315,1.1096460639811483,1.2375248192918196,1.2407031273620552,15069.27222222222
nonaquatic,121705,314019,0.4900085390745448,0.3814459523809524,0.42738658434388216,13121.75
nonaquatic,121714,309321,0.70891757247783,0.5398161830597386,0.785893504016593,4907.943209876544
nonaquatic,121802,313369,1.0639232938964764,0.6628800000000001,0.6774549853774345,24994.8
nonaquatic,121814,311495,0.4119064631185808,0.3380104498168498,0.5918892774685628,3496.04
nonaquatic,121924,314108,0.5992184918391097,0.5319058442002441,0.7395586883310685,11640.4
nonaquatic,121968,313709,0.8352684474323063,0.6967337374891777,0.8930887406720256,15448.557333333332
nonaquatic,122152,310405,0.5892399133712314,0.5622110606060607,1.5679110833215801,5957.008333333333
nonaquatic,122154,311086,0.5225831459131274,0.4529914355965464,0.568448581349206,4162.958928571428
nonaquatic,122178,309738,0.5113690845794923,0.536829278838121,0.6342945932592466,4082.3896011396005
nonaquatic,122255,311524,0.5725014822595708,0.5599811245421246,2.25639517367553,4210.316666666667
nonaquatic,122269,311795,0.8881901763086186,0.987078802941956,1.098784080523056,20452.340476190475
nonaquatic,122277,309422,0.8731781491249533,0.8678471047307739,1.3407724202775366,6741.306476733143
nonaquatic,122371,314176,0.918786867688252,0.5911714285714289,0.614097535117943,24010
nonaquatic,122373,309651,0.31583609850214756,0.29522171777428924,0.4920335241462952,2957.6222222222223
nonaquatic,122383,310081,0.5357275051383071,0.47658494979757093,0.6998663177822007,11359.028376068376
nonaquatic,122580,313414,0.7354273389355744,0.629789887179487,0.9220320766852188,15142.328333333335
nonaquatic,122584,311774,0.7945219421101775,0.6508852380952382,0.9872389172335599,6775.6
nonaquatic,122635,313581,0.39405140682253453,0.3825319871794873,0.5674250617123056,3294.833333333333
nonaquatic,122875,313795,0.8476741381499032,0.6687645480376769,2.4932759858222155,6570.812857142857
nonaquatic,122903,309811,0.44343295267435306,0.5091017444761001,0.5126431647394684,10179.135432098767
nonaquatic,122932,311504,0.5105499890354075,0.3801388026069169,0.5539934880153197,3410.0733333333333
nonaquatic,122961,313571,0.6445010303463474,0.5517157043531907,0.6896933839967913,5498.513846153846
nonaquatic,122964,311175,0.41711401857201325,0.42872130655309604,0.5126827873475636,2664.5861348528015
nonaquatic,122968,313858,0.6297367273099717,0.54793726714809,0.6852458883219945,5589.91738095238
nonaquatic,122974,311635,0.2905412464985996,0.2680587992673993,0.5482385374149654,2706.2999999999997
nonaquatic,123026,311753,1.3487356599045917,1.1136983849667879,1.2092343059737465,19815.760106837606
nonaquatic,123056,313422,0.5106476805721528,0.4921178184482185,1.686051134843171,4062.828148148148
nonaquatic,123061,311205,0.7273277026802638,0.6512390990483201,0.8003681196311455,4930.035042735042
nonaquatic,123066,313136,0.41399485216308757,0.46629812454212466,0.6441008087679506,3167.222222222222
nonaquatic,123071,310258,0.649935973389356,0.8428263754578758,2.8777902210884343,15108.491666666667
nonaquatic,123073,309192,1.0361565009337073,0.9917574340659342,1.3846881094104295,8445.15
nonaquatic,123079,313731,0.7790169226290609,0.9057208598419125,3.9876010219522984,16804.170940170938
nonaquatic,123080,313609,1.186254788464208,0.8330502040816328,1.1561820975435881,29508.2
nonaquatic,123328,311819,0.8817617802676626,0.47391838827838834,0.8170389266817837,7470.222222222222
nonaquatic,123659,310847,0.3645743289990669,0.3657749804427152,0.4394808888990786,3807.6011965811963
nonaquatic,123672,311724,0.5903510853320922,0.8101744575871169,1.089399509628924,5057.346938775509
nonaquatic,123692,309803,0.35567952364123695,0.37130147527472535,0.6457031199124946,3480.7124999999996
nonaquatic,123734,311124,0.5340301900211079,0.5618431422777223,3.6507608748476548,5170.095555555555
nonaquatic,123856,311948,0.8981132022484111,0.7730861712991272,0.9028623953929527,7794.73928164428
nonaquatic,123926,313603,0.6918480553154231,0.5768393701964702,1.9763298888219867,5180.301666666666
nonaquatic,124031,311422,1.0023218720870322,0.8311525434355118,0.9145770729614022,7036.751737891739
nonaquatic,124085,311352,0.3207541943473241,0.2619779615191825,0.4236985513422918,2559.135042735042
nonaquatic,124088,312226,0.42463698407934614,0.42439036394557833,0.5863550203198158,6099.8452380952385
nonaquatic,124093,312443,0.41912590536214495,0.4196780714285715,1.228767849412492,4902.575
nonaquatic,124099,310442,0.6757345557778669,0.6192676684204683,9.185707367724865,5481.907777777779
nonaquatic,124107,311281,0.8152887504856187,0.5881749023669666,1.9230304875812012,13432.962133333334
nonaquatic,124216,309508,0.5983200793650796,0.6679936710622711,0.791824376417233,5701.866666666668
nonaquatic,124221,312236,0.3394432746688211,0.28520141291786444,0.7782641727256245,3762.782738095238
nonaquatic,124236,310002,0.4747457471877641,0.358385006105006,0.5012503573146423,3500.4888888888886
nonaquatic,124265,312045,0.5233188215377678,0.47961360815959325,0.6296496703911099,5090.75864875865
nonaquatic,124334,313038,0.41169831839577625,0.4047050098785424,1.1625764210548075,3024.9076923076927
nonaquatic,124368,310191,1.2328482487237753,1.5950111138575718,7.540837841882255,28686.044444444444
nonaquatic,124398,309703,1.0749108016850148,0.9476748351648353,1.086681471211672,13787.883333333331
nonaquatic,124416,312325,0.677872752967854,0.7761403558137099,1.41682877324263,5882.066666666667
nonaquatic,124449,313315,0.41808141923436065,0.455974945054945,0.6582856498660059,3516.833333333333
nonaquatic,124651,313430,0.6344233028449475,0.4508044691933917,0.44637329760747796,11474.325714285715
nonaquatic,124667,312961,0.4883277897825798,0.45881644200244204,2.6975570861677998,4585.655555555557
nonaquatic,124670,309884,0.37139225156729366,0.37412041253984124,0.32577065074947703,3313.3738095238095
nonaquatic,124678,312549,0.40859121177490854,0.40742587231815797,0.6253007275864659,8215.458333333332
nonaquatic,124700,311800,0.39436114262216276,0.4964146217948719,0.4728484359555783,4413.4333333333325
nonaquatic,124740,312227,0.4555717901446294,0.41433140816326536,0.6188875242954319,6339.285714285715
nonaquatic,124751,309356,0.4176029713365438,0.42595802528250704,2.950624666950787,3280.8121196581196
nonaquatic,124811,312712,0.48839618464417245,0.4462351387121651,0.611032982261765,4480.727136752136
nonaquatic,124822,313471,0.5631056086905353,0.5311272226059655,0.8416601044703589,11850.776666666667
nonaquatic,124938,313347,1.103856993595432,0.7976165429808288,7.353639279728454,26801
nonaquatic,125229,309910,0.21305896358543416,0.16367336263736265,0.21696011904761883,2157.1833333333334
nonaquatic,125236,312333,0.685458390022676,0.6411355939298795,1.2047388038548739,14399.083333333332
nonaquatic,125249,311892,0.685352085998737,0.5739805401265402,0.8455097107257811,14289.833333333334
nonaquatic,125276,309710,1.47757317840829,2.1372318316314987,1.2059085431090442,29853.44961904762
nonaquatic,125278,312931,0.7098225203689386,0.5418826838194392,6.942607724325256,7492.605946275949
nonaquatic,125297,311009,0.38739643490729636,0.38553305007849303,0.4311612040963569,3246.392857142856
nonaquatic,125451,309208,0.5592829072295586,0.5769799615004043,0.7238611848072554,4650.213333333333
nonaquatic,125480,312285,0.39159491191533485,0.3694309997710624,0.3649486104751728,3511.5937499999995
nonaquatic,125568,311263,0.5240824905285417,0.4154096560912773,0.5629142940462997,11991.515042735042
nonaquatic,125652,314120,0.8794164768129477,0.9318572454212454,1.2397385978835969,6993.675555555556
nonaquatic,125686,312557,0.6264971499710998,0.7424318956916102,0.7907923658352225,12008.866666666669
nonaquatic,125725,313137,0.47045548085901034,0.43946006153846157,2.856912630385487,3468.9600000000005
nonaquatic,125726,313610,0.5795298932906495,0.4788663443223444,0.6064403202947836,8641.308333333334
nonaquatic,125742,314185,0.7283910218350909,0.5895063027448741,0.892740473725721,5552.833333333333
nonaquatic,125779,312132,1.0790473284992264,0.9155494849567102,1.3393054693997621,21898.786666666667
nonaquatic,125807,309481,0.5725434796140679,0.5339063003663004,0.589669245172816,4447.2
nonaquatic,125809,313348,0.9644306708782878,0.6985933565355282,1.0166961071805947,19088.58
nonaquatic,125854,313138,0.45286593270641606,0.4687121672946101,0.6510320076125677,3303.878571428572
nonaquatic,125889,310443,0.6271853360899919,0.6986680840048841,6.967983218065002,5083.641111111113
nonaquatic,125890,309341,0.4765503766268413,0.3782831744038276,1.713001300031763,3179.2290476190474
nonaquatic,125905,309885,0.6981232700472352,0.6539849540459541,0.8770813703757957,4955.941666666667
nonaquatic,125925,313086,0.4992560831028264,0.44835010803932906,4.187004469709639,4001.888376068376
nonaquatic,125927,310613,0.41297905495677545,0.4091044976094081,0.5572482892765874,2937.9508547008545
nonaquatic,125928,314156,0.571966193066812,0.50144929882188,3.051534578553176,4563.411042735042
nonaquatic,125997,310250,0.8117835107376286,0.7420083076923079,0.9960455305607079,5453.674999999999
nonaquatic,126056,310003,0.30086878306878306,0.2483743443223443,0.35667172919672896,2939.9444444444443
nonaquatic,126222,313889,0.5638360221239634,0.6098494474542124,0.7912377497310881,5477.0575
nonaquatic,126224,309193,0.6834277217553689,0.6002634329670331,1.0366076643990927,6838.800000000001
nonaquatic,126256,313096,1.332297603124583,1.3990977308608064,7.268142269506287,8832.245833333334
nonaquatic,126258,311000,0.5293388437756056,0.5097655114001646,0.8628713215558326,5401.998809523809
nonaquatic,126263,310494,0.4116509534319105,0.3914790235619018,0.5703972021359421,3258.4626617826625
nonaquatic,126380,312351,0.371169395502977,0.3255507261593282,0.43653249416606055,3554.810317460317
nonaquatic,126470,311038,0.5205275022374387,0.5785575141046673,2.224907869370769,4337.703547008547
nonaquatic,126472,312228,0.4849322420634922,0.462287130952381,0.6138026006235824,8950.316666666666
nonaquatic,126587,312392,0.9385545813939502,0.9863725892166315,1.340853708195475,20837.296752136754
nonaquatic,126601,310583,0.3945506831303951,0.39102686970172684,0.930157213534764,2783.1761904761906
nonaquatic,126697,309500,0.9781895451790241,1.0958455867465868,5.7581061083886755,6825.321212121212
nonaquatic,126715,311196,0.418993118586605,0.3957355857756279,0.4746023067662165,2981.1634188034186
nonaquatic,126831,313531,0.6470849284158109,0.4690733515373516,0.5995108761939112,4232.744444444444
nonaquatic,126861,310014,0.564709965292912,0.557055513239595,0.5272838737832936,23420.66904761905
nonaquatic,126898,312267,1.1367884062493185,1.066243482939283,1.4052734361493882,8828.046666666667
nonaquatic,126994,313107,0.4651202420997586,0.45718001280123377,2.5294435059908174,4044.1017094017093
nonaquatic,126997,312891,0.44921893491021603,0.5289697270869482,1.1565989708434254,4182.0883760683755
nonaquatic,127098,314275,0.6677961780902838,0.6256188822306945,1.0157641751122208,6827.561904761904
nonaquatic,127181,310736,0.4331272006036799,0.4339140492898914,3.1130821533843065,3843.611823361823
nonaquatic,127196,313349,0.8303677663952039,0.6492872912801486,0.9999442377572143,20467.05
nonaquatic,127232,313405,0.8731335014005606,0.6611574709734709,0.9600914399092964,5865.077777777778
nonaquatic,127352,309596,0.4530240789649193,0.37010851586508736,0.4275752267573694,4031.5666666666666
nonaquatic,127469,312169,0.599221983059891,0.5576129721611722,0.6755265632086161,14037.949166666667
nonaquatic,127522,312863,1.049127672735761,1.0382593135198135,4.368213336167799,8771.375
nonaquatic,127690,310140,0.8503148483827624,0.8638347912087914,1.894292738482857,12943.455555555554
nonaquatic,127774,314146,0.5656396547781843,0.5687749475018313,0.8035354850688983,5221.871333333333
nonaquatic,127777,313260,0.8096679024550999,0.6922566233766236,1.1120448626203727,33389.8
nonaquatic,127790,313582,0.7999765444162164,0.8372746886446886,1.1535376860889266,24932.333333333332
nonaquatic,127850,312954,0.6499933239962654,0.6385920695970695,4.061732638888888,4746.983333333333
nonaquatic,127869,313497,0.8678404735227427,0.5359592421863851,0.622936281179138,5384.716666666666
nonaquatic,128207,310159,0.3583816884531592,0.3317745299145299,0.5102045256991679,3086.7777777777774
nonaquatic,128267,310424,0.39320267973856227,0.37370605860805867,1.4620378472222215,3218.304166666667
nonaquatic,128586,309886,0.5318379178338002,0.6102349863469863,0.5469340187590184,4937.866666666667
nonaquatic,128594,311853,0.3254699424762141,0.3389071428571429,0.47349465448572525,3207.458333333333
nonaquatic,128595,310701,0.3875839956816061,0.36279328250915754,0.5884475694444437,3747.3124999999995
nonaquatic,128653,312017,0.5647201651493934,0.5644607440476193,0.6843091340702945,6925.520833333333
nonaquatic,128668,312027,0.5529586834733895,0.7086071428571429,0.7544385204081627,5272.45
nonaquatic,128669,312807,0.41514253151260516,0.36893792582417584,4.502802104978355,3583.766666666667
nonaquatic,128675,314006,0.6069384429435881,0.589728352917467,0.7718441909870382,5258.3124236874255
nonaquatic,128704,311087,0.49124451153381576,0.5026527979757084,0.7101006039856878,4167.650854700854
nonaquatic,128718,310863,0.43140522175901835,0.4738506912762676,0.5573651336223092,4068.602136752137
nonaquatic,128744,313118,0.7213211644816657,0.7122683860332413,11.061658886382215,7224.6373015873005
nonaquatic,128767,309804,0.5455307222089661,0.5538670436189661,0.6652197594234394,15816.195714285714
nonaquatic,128801,312768,0.3987960242763773,0.3748284801065601,1.9421068548752831,3402.7066666666665
nonaquatic,128817,312814,0.28965703481587207,0.26896026738641476,1.7020280742886633,5812.490028490029
nonaquatic,128832,310671,0.3843153283535638,0.35441658119658115,0.6098687169312162,2872.0833333333335
nonaquatic,128833,310621,0.564255756302521,0.5017137648351648,0.9781434353741493,14691.233333333334
nonaquatic,128839,311076,0.27254872131392255,0.30275287580673294,0.3752342025699164,2509.825396825397
nonaquatic,128841,311057,0.5496806483514728,0.6966968528070571,1.9448609771450878,4371.320634920637
nonaquatic,128876,311626,0.4106291137961777,0.26852714840468184,0.4214755278700622,2509.2348148148144
nonaquatic,128877,310775,0.3526220471521943,0.3477827102564103,0.4280608900226754,3626.441666666667
nonaquatic,128907,312007,0.3859784080298787,0.36723047619047605,0.4994446325499892,13236.15
nonaquatic,128908,314284,0.527392975030642,0.4915052702814729,0.6713757689452987,4679.345940170939
nonaquatic,128914,314109,0.881708388955197,0.7504306495746229,0.7076085256689797,17039.78148148148
nonaquatic,128915,313541,0.5071591964785915,0.4749799067294611,0.6054732458256025,3892.4866666666667
nonaquatic,128917,309986,1.2230281045751636,1.3946430708180708,1.7046856769222818,12701.716666666664
nonaquatic,128957,314096,1.540443366262921,1.2024620704212459,1.8253649874346165,12234.9175
nonaquatic,128969,312401,0.641025177407215,0.7191483937536145,0.8783102880975988,6036.94170940171
nonaquatic,128972,311077,0.3583350737686778,0.34057546706766917,1.8876259455417268,3002.2227521367518
nonaquatic,129086,312393,0.5922547287321225,0.5388499997948167,0.5983871635031224,6539.292606837606
nonaquatic,129089,310972,0.5173608835200749,0.5176838195970697,0.7455425878684799,4874.158333333333
nonaquatic,129150,312815,0.5268476635061882,0.5138021333333336,3.798785541427162,9052.36
nonaquatic,129191,310524,0.6686624463118583,0.5281210842490842,0.7855213151927428,6027.666666666666
nonaquatic,129218,311706,0.5312456115779647,0.5616985347985348,0.6881969954648516,4306.666666666667
nonaquatic,129230,311672,0.7006173961360656,0.6743268428764218,0.8215071809122795,4785.964743589744
nonaquatic,129231,312307,0.4445254256171234,0.5383878030974872,0.654940837380859,3740.534757834758
nonaquatic,129237,311673,0.7129885240811635,0.6935084618726305,0.9691225099846962,5385.268404558406
nonaquatic,129293,312738,1.4369134379084971,1.2303649461471864,7.8570359410430815,22189.952444444447
nonaquatic,129431,309784,0.21391635737628387,0.17089103754578755,0.27323543083900204,2335.0833333333335
nonaquatic,129443,309293,0.558667312485414,0.4554356281729966,0.6216500421086572,4895.780626780625
nonaquatic,129518,313077,0.7204547619047622,0.6990927252747252,4.058101530612244,5457.416666666667
nonaquatic,129526,310232,0.7997922268907566,0.6095807619047617,0.9113327210884342,5092.691666666666
nonaquatic,129570,310852,0.411388718169779,0.4488508114210893,0.43968028285805405,3506.0501402918067
nonaquatic,129631,312008,1.063291316526611,1.1619127272727277,1.2913316326530604,11496
nonaquatic,129670,312608,0.2775151885198525,0.272419852491424,0.39676203703703644,8574.337037037038
nonaquatic,129703,309432,0.6089854816877142,0.664359972741799,0.7067256969815588,9123.973353683354
nonaquatic,129866,310277,0.4007793850340137,0.41836152807192795,2.787215429931971,3394.4306666666666
nonaquatic,129889,311303,0.5259655462184875,0.4946626862026862,0.6562904761904756,4164.61111111111
nonaquatic,129937,313406,0.9560446387857471,0.7024880519480521,5.427356551316178,15704
nonaquatic,129949,309844,1.0434945098039219,1.156682080586081,1.1223622448979582,8328.833333333332
nonaquatic,129975,310478,0.6820016534346302,0.7444578293956043,2.677863569395147,5297.829166666666
nonaquatic,129976,310392,0.6467990476190477,0.7565055677655678,1.0125000850340122,5805.45
nonaquatic,130083,310821,0.6868432762248273,0.7631012132450883,0.7959371216333259,4833.583333333333
nonaquatic,130219,311980,0.3684229191676672,0.3362964285714287,0.4576322278911564,3588.25
nonaquatic,130326,310129,0.994644575163399,1.036442512820513,1.331646315192742,7019.55
nonaquatic,130351,310311,0.8790455154252179,0.9832044088809154,5.864637118204113,20089.158095238094
nonaquatic,130382,311513,0.5184753527674509,0.4236852931704887,0.6659911345915573,4237.914987789987
nonaquatic,130386,309471,0.42239494684933465,0.33895920146520153,5.965055116432868,4092.683333333333
nonaquatic,130418,310393,0.4763800887021478,0.4625533479853479,1.4529687706143055,4649.508333333333
nonaquatic,130419,312394,0.5474412259628888,0.39824511820320035,0.6059641525712053,4771.524085470085
nonaquatic,130437,312776,0.8200524307830533,0.7205609418330624,2.105327571940617,5264.979680504679
nonaquatic,130449,310177,0.9798869281045754,1.0571082754578756,3.3595696145124703,16139.186666666665
nonaquatic,130468,309285,0.9129837972725575,0.907830643748795,1.1932523204136922,8992.906303418804
nonaquatic,130593,311618,0.539447542353923,0.4381418922086687,1.4778325661104565,9334.927136752136
nonaquatic,130595,310809,0.34548420430763516,0.3733676032344849,0.5278758511493411,3597.813034188034
nonaquatic,130661,309194,0.7662194233248855,0.6669020830280832,0.8383768776197343,6689.411111111111
nonaquatic,130708,309514,0.7838021319956556,0.7330247518739763,2.4272951608704694,5335.42738095238
nonaquatic,130727,311216,0.6202446171889644,0.39340490287256613,1.8085784348968,8301.251794871794
nonaquatic,130754,311829,0.45354355331057467,0.40258546854315275,0.4529470664251835,10658.56809116809
nonaquatic,130822,309166,0.5265291627762217,0.5656617924297925,0.7585584089191226,4391.833333333333
nonaquatic,130841,309472,0.728639236026968,0.716710922161172,2.33101222818187,5310.791666666667
nonaquatic,130888,311530,0.7873173202614381,0.7471795975135973,0.8674336734693868,5975.722222222223
nonaquatic,130893,309661,0.7258507867199169,0.7764402755974185,0.840244167746463,5113.172222222222
nonaquatic,130894,313202,0.6869793046417535,0.6965826349206348,3.8889284761247476,5309.4
nonaquatic,130895,312286,0.2866055182221242,0.24827463296703303,0.40079299784927214,3291.2333333333336
nonaquatic,130903,311647,0.6721279460611018,0.6929334342768343,0.9776265593929873,5791.544444444445
nonaquatic,130904,311525,0.6312395083069711,0.6286759916925181,0.7738871631007666,4470.943803418803
nonaquatic,130924,309175,0.6551065948601664,0.7453925628815632,0.7826404572940284,5617.166666666664
nonaquatic,130930,311332,1.6968260737628382,1.4099985847485847,1.7913496315192732,10165.233333333334
nonaquatic,130944,310160,0.3079319817941772,0.3111928965105069,0.5039163958525513,2343.417521367521
nonaquatic,130952,309342,0.7088691293183942,0.7066424232434232,2.604527374510408,5352.208333333333
nonaquatic,130963,313542,0.4759097095981253,0.43857885786594353,1.456661941205053,3607.735714285714
nonaquatic,130976,312597,0.3899622515672937,0.389491700680272,0.4682006478781982,5925.942857142856
nonaquatic,130993,312210,0.6849708450095348,0.6036777991131675,0.9003128624893348,25484.058404558404
nonaquatic,131008,312276,0.5621094317142089,0.47702564382620893,0.8520754162997634,13178.499709401709
nonaquatic,131027,310756,0.28494319327731105,0.3268725450549451,0.41478078231292453,2454.873333333333
nonaquatic,131067,309336,0.5265704222506975,0.5438759296081649,0.6220955163726372,5057.287138787138
nonaquatic,131119,309221,0.506507390887614,0.37142865329188357,0.5177687700334559,3553.47938034188
nonaquatic,131123,309441,1.138323699523124,1.3458780594898927,1.1986581932579221,9173.32037037037
nonaquatic,131132,309473,0.7471819677871151,0.8597327967032967,0.8695098426870743,6099.816666666667
nonaquatic,131135,314194,0.8294301083023016,0.7116656410256412,1.1419084768217416,23985.333333333336
nonaquatic,131173,310757,0.3464149299719888,0.39045299194139194,0.4365722789115642,3249.4999999999995
nonaquatic,131177,311683,1.4754503116265116,1.4210267019997547,4.560171930019672,9951.937606837608
nonaquatic,131178,309135,0.9514162558356678,0.9671307228327229,4.2565723922902485,9601.58888888889
nonaquatic,131183,312598,0.4062697805788984,0.41823101904761906,0.4764993310657592,4098.94
nonaquatic,131218,311796,0.7563283730195228,0.7452639418257183,1.162813126819588,19729.3688034188
nonaquatic,131262,309996,0.38723644493761716,0.5311575264735267,0.5675106102568461,3721.708333333333
nonaquatic,131308,312973,0.8392524571220651,0.6706586547452549,8.450931025292308,6619.134999999999
nonaquatic,131499,311481,0.47767170674471343,0.3809450473177616,0.7777362984324159,3919.5999999999995
nonaquatic,131570,309286,0.5295809746120672,0.4906572644339786,0.6760469623960697,5428.288888888889
nonaquatic,131574,312256,0.7242160308152447,0.8114747029111242,0.6665437780996614,6544.281709401709
nonaquatic,131722,309555,0.6112988388707021,0.7015075811708761,0.8304535347713787,5480.368945868947
nonaquatic,131734,311377,0.5134158129253935,0.4965704216624182,0.6059097213297621,3433.555883190883
nonaquatic,131743,311619,0.5126683356700336,0.4837807066383909,0.6140156484163842,4539.751424501424
nonaquatic,131754,309312,0.7791104550421496,0.6986660803640806,1.0802678603410902,5434.2999999999975
nonaquatic,131765,309572,0.3762893954262966,0.3757616430306535,0.4929772235169505,2801.7808547008544
nonaquatic,131806,311981,0.34366689175670273,0.39943692857142865,0.4016098129251699,3328.05
nonaquatic,131847,309222,0.22470719472974385,0.29099976149776147,0.34671894683799387,2101.703703703704
nonaquatic,131892,311559,0.744006582636703,0.8466249436572201,1.1071196035769573,5969.652136752136
nonaquatic,131942,309997,0.5029034790758913,0.6180067887667889,1.026470393157347,5172.416666666666
nonaquatic,131995,312693,1.0266230214704932,0.7136460568326233,1.6512815669975471,6781.47380952381
nonaquatic,131996,310054,0.40115950824774366,0.34618625641025647,0.502520653817082,9822.9
nonaquatic,132016,312084,0.4550669015978485,0.4809800407116695,0.5603998232771363,7658.516666666666
nonaquatic,132027,311801,0.6135465681337734,0.49755790746096007,0.5779364126600497,5748.537606837606
nonaquatic,132181,310394,0.5032766685340805,0.5185499985347987,5.173583842506699,4503.3133333333335
nonaquatic,132209,312538,0.5961631077658793,0.443701683466909,0.7229458390736535,10854.502849002849
nonaquatic,132237,310354,0.39482715219421116,0.3626686886446886,0.5767473696145117,3302.544444444444
nonaquatic,132309,314295,0.7391146830899028,0.6126908997357404,0.8875846345598838,5211.631666666667
nonaquatic,132320,310702,0.43820925147836937,0.4922488485958487,0.5633005239469521,4254.211111111112
nonaquatic,132538,309966,0.32343899940928766,0.4851416820295352,0.28848948829191523,2963.189047619048
nonaquatic,132647,311096,0.3838364635854343,0.40792057509157514,0.4831604591836729,3593.3083333333334
nonaquatic,132678,311448,0.39040761360099613,0.3545927504162502,0.4721888081495219,2824.083333333333
nonaquatic,132701,309638,0.5087829150356225,0.6463216318681321,0.7118824446189427,4578.725
nonaquatic,132777,309453,0.6586572567693746,0.7046197009816848,2.574176899773242,4741.365333333333
nonaquatic,132889,311097,0.361053246965453,0.40112934348984347,0.4758630810657591,3219.8833333333328
nonaquatic,132896,311966,0.3713641741898157,0.3529427095944992,0.41964086815564466,3188.6268755935425
nonaquatic,132899,309157,0.5506121661998135,0.6259888628704628,0.7521064806225513,5553.84
nonaquatic,132979,311572,1.0982433536949359,1.1277592625469772,0.9392127975716482,10120.3
nonaquatic,133053,309845,0.37977078431372563,0.3773601733821733,0.5791878401360536,2810.1277777777773
nonaquatic,133062,309852,0.4235147035612742,0.2855318605345274,0.35633269458946343,3478.97962962963
nonaquatic,133109,309911,0.32096417971950714,0.317661897660163,0.31150796441876066,2947.707738095238
nonaquatic,133124,309662,0.4605586198584018,0.5190942892028606,0.5247612908767324,3457.138888888889
nonaquatic,133194,309785,0.4055639554489838,0.3523404863005476,0.5418950237673994,4478.731746031745
nonaquatic,133197,309523,0.6848466853408032,0.9292553601953603,0.7095994331065755,5786.122222222221
nonaquatic,133199,309639,0.4595144716911086,0.44196200056668494,0.5184068980738034,3789.66809116809
nonaquatic,133261,311514,0.43454524743230644,0.36678575024975024,0.4557903968253961,2906.0599999999995
nonaquatic,133272,311802,0.5757102146657114,0.61323796996337,0.7263988026224977,6591.706666666666
nonaquatic,133282,309114,0.7550903824877878,0.8048213797130189,2.1219374327521603,6544.2008547008545
nonaquatic,133294,312519,0.6285944956191578,0.548371978937729,1.2422668243793233,5452.233333333334
nonaquatic,133299,311873,1.3205959424636147,0.9924340237416907,1.1324858593049612,8263.574074074073
nonaquatic,133488,311531,0.5203459617180207,0.4787885531135531,0.6486071570294777,3701.2166666666667
nonaquatic,133531,312056,0.4727595528687667,0.8069087279908302,0.4918619845897538,5107.5492063492065
nonaquatic,133590,309584,0.7835390342681826,0.7952872819180821,0.9817261681326975,7096.679999999999
nonaquatic,133602,309573,0.7745689518675484,0.735095760226778,0.8359408723173137,5033.582905982905
nonaquatic,133851,309257,0.6518871950971555,0.7700478485958487,0.8957263881621016,5821.333333333334
nonaquatic,133859,309585,0.41802490507314044,0.4825540436230436,0.6134274990551769,3266.7805555555556
nonaquatic,133864,311579,0.9854785514205684,0.8759189743589744,4.783922066326529,16148.766666666666
nonaquatic,133900,309258,0.9488787616735254,0.9395775747024903,1.219269732667715,11972.434615384616
nonaquatic,133938,312361,0.862499775332272,0.717710692500482,0.9907243529277951,15744.178205128206
nonaquatic,133949,311949,0.5085028828222277,0.37367374693143107,0.46636938991298305,3596.390313390314
nonaquatic,133963,310033,0.6375814667792727,0.7652600543556696,1.073373834049158,6251.208840048839
nonaquatic,134040,312191,0.39901657043769906,0.3043007430664573,0.47787122610949073,2742.795238095238
nonaquatic,134050,309652,0.5053287973522742,0.5256388470695972,0.6420486961451242,4825.116666666667
nonaquatic,134114,311984,0.3257641404815895,0.4732571760982783,0.31982621833880914,3625.324206349206
nonaquatic,134115,311378,0.5043252952430024,0.4967792193375176,0.7565235449186404,3910.4410826210824
nonaquatic,134211,309834,0.976466039750318,0.8865090702553088,4.024683600069202,16881.49594017094
nonaquatic,134212,309322,0.4296078475232972,0.425723808455204,0.4764987898074524,3949.8781440781436
nonaquatic,134215,310414,0.2789880618914233,0.24988936054421768,0.3743143505021051,2417.2952380952383
nonaquatic,134243,309488,0.5671863762171537,0.5843413615384615,0.8979004024943299,8176.73
nonaquatic,134247,309749,0.49622769421832963,0.49432779750317724,0.47581517385067007,4574.011904761905
nonaquatic,134298,311691,0.552393835153109,0.9017516499215074,0.4719424337081767,4731.603174603176
nonaquatic,134308,309683,0.6583368687228658,0.4954129450549452,0.9474436969197617,13760.033333333333
nonaquatic,134321,311580,0.4184408111523592,0.43874915917415924,0.5936036438098931,11075.366666666667
nonaquatic,134323,313241,0.4268092810159481,0.37969841269841276,0.6236508259273339,12801.666666666666
nonaquatic,134364,310091,0.7389201680672273,0.7145294761904761,1.1172711309523793,4701.766666666666
nonaquatic,134386,312827,0.792488947245565,0.6088280780885781,3.9757075113378666,14768.216666666667
nonaquatic,134400,313327,0.568445328548086,0.4906927730186481,0.702275073760564,4315.020833333334
nonaquatic,134409,313759,0.6658376640625192,0.7086377412730128,0.8437026145415422,6267.12
nonaquatic,134477,312609,0.3758854235027345,0.4019251679748823,0.5872212666018783,5987.476190476191
nonaquatic,134487,310689,0.6256402586367882,0.605796140939061,3.88802679478458,5244.359999999999
nonaquatic,134501,309489,0.5819473645013563,0.6350285115995117,0.8498602418745267,4715.277777777777
nonaquatic,134511,313929,0.8525195376628942,0.7075797186711439,0.9741861944604,12510.159807692307
nonaquatic,134512,312028,0.6226781823840649,0.49932282828282837,0.8015111300075581,5356.8
nonaquatic,134531,314285,0.3386292071888103,0.4387461865689866,0.41511989800763577,2880.657777777778
nonaquatic,134549,309532,0.5722616106442578,0.6340784373626375,0.8219131972789105,4157.953333333333
nonaquatic,134550,312842,0.5698723034205919,0.5031594761904763,6.430179881758454,5156.975
nonaquatic,134551,313157,0.33846049384039334,0.3658971887755103,3.05742831632653,3588.3928571428573
nonaquatic,134552,309864,0.359366182028367,0.3680620268620268,0.40246942039442013,3052.522222222221
nonaquatic,134556,310065,0.5442810952706651,0.4311366593406593,0.5342045519295516,5211.9
nonaquatic,134560,309524,0.8257607492997201,1.165091624542125,0.8848471938775505,7721.499999999999
nonaquatic,134567,314097,0.609524525365702,0.5610944136752137,0.9883549811035517,4787.491111111112
nonaquatic,134570,314046,0.5941432058823529,0.5247684246020646,7.555151041666664,6078.4905
nonaquatic,134571,314267,0.4844708297339367,0.5045015913784461,0.5624151310643205,4052.867863247863
nonaquatic,134572,310327,0.7430647630985641,0.7209487596992482,2.5091348530692366,8833.310683760683
nonaquatic,134578,314157,0.5621551744193529,0.4800289943210474,2.523873862906918,7626.115042735042
nonaquatic,134580,310536,0.6697619260056966,0.735214224228153,3.2098626336248772,5314.033333333333
nonaquatic,134608,310917,0.525424258597192,0.5236627014330699,0.6305777348524213,4981.8417378917375
nonaquatic,134660,310055,0.5731323074262664,0.5380577476427894,0.7337211555067755,21460.84490740741
nonaquatic,134675,310720,0.40884208216619994,0.3534999853479853,0.602363151927437,4223.266666666666
nonaquatic,134718,312076,0.45341534868344735,0.4893916041207007,0.5371148411070871,4735.892272079773
nonaquatic,134763,314312,0.6332535906703707,0.5866035384615386,0.8169978942712607,15179.094285714285
nonaquatic,134770,309203,0.42862289852935537,0.48885362343850214,2.0354305548579754,3779.7330077330066
nonaquatic,134780,311607,0.28653835784678683,0.28903416874879506,0.39145838759056323,3084.1663034188036
nonaquatic,134808,311050,0.603163655462185,0.5399254578754579,0.7014489795918364,6146.666666666666
nonaquatic,134960,310130,0.4975495811657999,0.5415541391941393,0.7472687277291861,4265.630952380952
nonaquatic,134981,314158,0.7388911064425772,0.6006136181152181,3.0757827002164495,5254.985
nonaquatic,135002,313837,0.7422364261451921,0.6818236233540496,0.8084884293608526,5116.806153846153
nonaquatic,135013,309307,0.7127294017643542,0.7920499698215318,0.8166214743252568,5704.818803418804
nonaquatic,135053,311560,1.6695948079377676,1.1842542366906281,7.638923142198989,27200.14188034188
nonaquatic,135069,314029,0.9209799041538185,0.6091146295390325,0.8896246665046966,5190.571333333333
nonaquatic,135080,310288,0.3593479058289985,0.39962761904761895,0.5770623582766431,3005.75
nonaquatic,135081,310945,0.5417533389414134,0.577199008859211,0.6640574133421805,6225.250085470087
nonaquatic,135083,313261,0.6701567431224059,0.5462033156178033,0.7545100795625643,15784.901047008547
nonaquatic,135088,309597,0.6302203992708193,0.5866752018838305,0.9391106651549502,5642.719999999998
nonaquatic,135111,311665,0.49481553514627813,0.4960323707896115,0.6609502795973655,3963.7473748473753
nonaquatic,135132,312574,0.6193335434173671,0.5937747032967035,0.69810650510204,4074.2638888888887
nonaquatic,135150,309556,0.5994159585803558,0.6973491908968226,0.904024008530333,5769.2292307692305
nonaquatic,135174,309442,0.3954426461251169,0.49745781831501834,0.47844807256235783,3819.7133333333327
nonaquatic,135176,313760,0.5877950875892154,0.5298064435014608,0.6999584285592216,4786.169128205128
nonaquatic,135257,311883,0.2802320424836602,0.2697728047619048,0.38789121882086125,2699.53
nonaquatic,135266,312295,0.4324407729758572,0.44476035714285717,0.6239800453514733,3961.7833333333333
nonaquatic,135267,313636,0.7044421646996611,0.6781291464440322,0.9018496042186721,6361.418333333333
nonaquatic,135344,309786,0.5571916433239963,0.45691640659340665,0.5202554164089873,5376.3916666666655
nonaquatic,135430,309613,0.5647376997465655,0.7596588538984826,0.6888890929705211,4464.2
nonaquatic,135457,312383,0.5378511606229796,0.4432491555156861,0.616266320894983,4197.8630952380945
nonaquatic,135459,314007,0.8173959796001,0.7145484065850609,0.7600038954154609,6286.793325193326
nonaquatic,135460,312326,0.3978669466855208,0.36788365764489717,0.44434126359240467,3179.6250305250296
nonaquatic,135660,310343,0.5339267373616114,0.4810704761904762,1.0812035147392283,5295.75
nonaquatic,135820,312153,0.7278128630770115,0.6150202400837259,0.8065127484684624,24548.403333333335
nonaquatic,135851,310004,0.42002226890756317,0.3549505934065934,0.5778670068027205,3612.4333333333334
nonaquatic,135928,313859,1.0510989660684549,0.9770725010080147,4.9681484632287995,7495.0962759462755
nonaquatic,135932,310332,0.3523147152194212,0.3047964307692307,0.5838939342403621,3214.06
nonaquatic,135933,309932,0.696601649108841,0.7221411448378785,0.8364651315578583,6058.366203703703
nonaquatic,136052,310792,0.26666638421776984,0.22145418482469909,0.34439882932399984,2570.372222222222
nonaquatic,136072,313522,1.1164455291920692,1.144349450549451,4.9845417056866035,10751.1
nonaquatic,136161,309717,0.6787496103881885,0.7210719394126341,0.7961993535119081,18785.880056980055
nonaquatic,136171,312922,0.562813616240147,0.54761707466683,3.719845084416986,4528.192857142856
nonaquatic,136249,309209,0.51222477130697,0.5836385406593407,0.6631400062503622,4312.263333333333
nonaquatic,136380,310810,0.36696462418446646,0.41367421445922503,0.5421889865554994,4050.614188034188
nonaquatic,136407,309229,1.0143492906584712,1.0437362985608252,1.3577799718240526,8435.146752136752
nonaquatic,136449,309787,0.6631770152505446,0.6850032722832726,0.5006323112073109,5297.455555555554
nonaquatic,136465,310562,0.41922436834879884,0.39166667453248516,2.069104729185885,3809.887521367521
nonaquatic,136466,312520,0.5853071299517036,0.5041154835164836,0.5081135114444637,6022.4222222222215
nonaquatic,136472,314068,0.45492776165466886,0.4145447501990553,0.5676074149114083,4760.396442307692
nonaquatic,136586,309933,0.5139581578562668,0.5981975817866346,0.5511108925358201,3594.271025641025
nonaquatic,136595,314195,0.6160720634920637,0.5664397363525362,0.8161834126984115,5365.133333333332
nonaquatic,136705,310395,0.32614922502334276,0.33250451098901107,3.138286520820449,3125.320833333333
nonaquatic,136769,313166,0.6295802521008406,0.7558260879120879,0.8809011904761892,4502.1
nonaquatic,136784,312694,0.39286216219821274,0.35911171721611723,0.7453306349206347,4748.253333333333
nonaquatic,136869,309223,0.8109883835201117,0.9144259594418741,1.295539038919712,6482.099038461539
nonaquatic,136915,309313,0.5666208333333336,0.5409467344322343,0.7051908511131715,3942.0416666666665
nonaquatic,136966,312974,1.0936827847805788,0.946623488677989,14.957730606575959,8165.466666666667
nonaquatic,136997,312410,0.5238500443539936,0.4953501355118566,0.6308687667617928,4795.295042735042
nonaquatic,137015,314159,0.6275080689930881,0.5161205827486198,0.657194182795195,4847.132974358974
nonaquatic,137050,311223,0.7240487706193588,0.6936038241758243,0.8394683347076196,5392.844444444443
nonaquatic,137433,311001,0.28170662709771566,0.2760426852708695,0.3482124643649862,2764.168091168091
nonaquatic,137577,310881,0.39931948917557614,0.38657563815267626,0.5260415084571293,3683.331216931217
nonaquatic,137597,309294,0.5308266339869281,0.5359896044622046,0.6954610987425265,4397.866666666666
nonaquatic,137647,310435,0.49484286748032563,0.44748143992673983,1.0471697384191765,3741.607142857142
nonaquatic,137803,310005,0.32721414565826334,0.2803687820512821,0.36573258928571395,2457.8583333333336
nonaquatic,137804,310543,0.5472683193277313,0.5829271897435896,2.104777721088434,12217.946666666667
nonaquatic,137842,311692,0.3916047451837878,0.5865315560663827,0.34406353776204324,3497.4785714285717
nonaquatic,138075,312057,0.7979982897921073,1.3248556601629662,0.9784620308667678,9278.880952380952
nonaquatic,138129,313796,1.1671092783749109,1.0426090029304032,7.304037778940636,8320.373333333333
nonaquatic,138253,313968,0.38580561048864,0.40499136031746036,0.5459322872431797,3714.2738888888885
nonaquatic,138880,309684,1.2950499540469784,0.9282145982905985,1.5430900604686313,20665.355555555554
nonaquatic,138919,310333,0.5516298815395974,0.5997590219539233,0.7797812461506537,4549.489636752137
nonaquatic,138942,313662,1.3245129217242397,0.7647428571428575,1.0183686717526497,29960
nonaquatic,139030,311251,0.5712998630563338,0.5546118974358974,0.6454522658558365,4751.0666666666675
nonaquatic,139080,309873,0.4289275810353328,0.46773324357046464,0.6080933359227905,3550.9350427350428
nonaquatic,139269,310192,0.4090614071178852,0.4420564927263213,2.5764602694681846,6319.314999999999
nonaquatic,139294,310436,0.33447964098972943,0.3445426254212454,1.7651754682539678,2910.836666666666
nonaquatic,139299,311361,0.3180386116965027,0.31320349701176015,0.4371265322306555,2628.7927350427353
nonaquatic,139304,311379,0.471170135581809,0.39748156936255985,1.3842813635011033,3710.960846560846
nonaquatic,139319,311929,0.3022992530345473,0.33544571428571424,0.5465907029478448,2932.6666666666665
nonaquatic,139343,311775,0.5842200105042017,0.6119792188644692,0.6756064625850338,4561.633333333333
nonaquatic,139351,309874,0.3975498492139213,0.41147604963420725,0.5335820097703686,10012.875749559082
nonaquatic,139417,314268,0.46435481391515127,0.7334485309430923,0.4654917282130401,15267.23570940171
nonaquatic,139427,309640,0.28930183239962654,0.1935848717948719,0.2719345946712016,3073.2916666666665
nonaquatic,139429,313685,0.8141475415710752,0.731255476497187,1.0595234614096807,6668.014672364671
nonaquatic,139438,313779,0.8167241454309029,0.6276832163535936,0.7922954424254665,15063.261851851852
nonaquatic,139547,310544,0.9276885154061628,0.9739363076923075,1.385269557823128,26547.433333333334
nonaquatic,139836,312123,1.2073687667679718,1.1542283986273902,3.300182600801625,7898.189987789988
nonaquatic,139955,310918,0.4347027335393031,0.4505432151270485,0.5594885541241604,4011.153059829059
nonaquatic,140171,309764,0.7895764239028946,0.8397332600732602,0.5190985260770974,8172.833333333333
nonaquatic,140286,313269,0.5783225587735096,0.470661779891775,0.6547951585884347,19162.451666666668
nonaquatic,140344,309490,0.34154604335067373,0.3286930454212454,0.5360932539682534,2760.766666666667
nonaquatic,140382,309976,1.1207889279521335,1.0804455242580553,1.7220362458613616,10677.00476190476
nonaquatic,140439,312478,0.2844069557272916,0.28451545652677346,0.3680378059788212,3154.383874062444
nonaquatic,140482,312982,0.4563557889822598,0.47151444622044625,0.6837934807256227,5702.733333333333
nonaquatic,140483,314047,0.9373582981192475,0.6002120980725941,0.6777403750154601,5272.060666666666
nonaquatic,140712,311783,0.628069409430439,0.6774256333333335,0.6874402409297046,4484
nonaquatic,140826,313407,1.0908617042635336,0.8039853255587951,1.4165456622057577,16911.428571428572
nonaquatic,140833,312892,0.7227694359257616,0.7136782036532116,0.75917528992321,6592.538936372269
nonaquatic,141009,310425,0.45701268207282936,0.4261957603174603,2.153822454648525,4504.227777777778
nonaquatic,141012,313232,0.7994734516028635,0.7943532722832725,6.10739966673538,6274.877777777779
nonaquatic,141130,312058,0.9668562639341455,1.7897684034536896,0.8626202832153264,8109.754761904761
nonaquatic,141154,312170,0.5574332399626517,0.5007315238095239,0.6078486136878988,3494.516666666667
nonaquatic,141325,310758,0.4494370331465921,0.5004363095571096,0.4861883687641718,4087.1083333333336
nonaquatic,141327,311002,0.3769404634386712,0.41176212172703847,0.4558089743843269,3457.7074074074076
nonaquatic,141337,313442,0.503497474859529,0.4327032916557127,0.5789271348302322,3458.685042735042
nonaquatic,141343,309363,0.4783543417366949,0.4617725714285714,0.7330421768707474,3737.1
nonaquatic,141344,312458,0.6939484010270779,0.6184806904761903,1.073937103174602,6122.65
nonaquatic,141352,311913,0.39110027306160566,0.5221019322219731,0.5377460976907765,4352.384126984128
nonaquatic,141495,313453,0.7040295756302525,0.544258802930403,0.8352139022881871,4920.693333333333
nonaquatic,141807,312192,0.48595074086889734,0.5304771852433281,0.5095103966075005,3908.4749999999995
nonaquatic,141854,314349,0.7820421354345705,0.7086268223998224,0.9227303950822293,5549.38888888889
nonaquatic,141896,311272,0.5959033730231721,0.5321660026990553,0.8306570926414435,4344.2959401709395
nonaquatic,142006,311423,0.6715686580918849,0.562293546158885,0.7803589984826476,4686.820886752136
nonaquatic,142044,311304,0.5660048190704854,0.5519335289064676,0.8657816735135605,4359.714285714286
nonaquatic,142075,310171,0.4536736671371697,0.43505426783304413,4.377223118316185,4032.66047008547
nonaquatic,142140,314128,1.0580790549553158,0.9938753740703741,1.1013253117913824,27948.94444444445
nonaquatic,142244,309557,0.6555984570484287,0.7664463772604589,0.9720214911799583,6185.54423076923
nonaquatic,142278,312161,0.6690284810620103,0.6554391922884136,0.9434629182254083,4811.67670940171
nonaquatic,142314,312654,0.5609634520474858,0.4934525170068027,0.523422125040492,6915.4857142857145
nonaquatic,142337,311597,0.46817547930129,0.4818844620232616,0.5961524712341228,3429.977753357752
nonaquatic,142354,310811,0.5140574169260158,0.5707498187570577,0.7269177658318805,4448.821367521368
nonaquatic,142421,312975,0.4516351241830066,0.345121931135531,2.410253236961451,3265.6433333333334
nonaquatic,142596,310238,0.9291446186822658,0.9243979467103074,4.40339965059384,25923.813354700855
nonaquatic,142598,309443,0.47510376283846895,0.5433222373626373,0.5673979818594098,4347.919999999999
nonaquatic,142604,312112,0.7637218737494998,0.9469399395604398,0.9429414115646252,14688.166666666668
nonaquatic,142632,311648,0.5037091736723875,0.439448521245171,0.5773475876234705,7086.361709401708
nonaquatic,142750,311561,0.7722032391869961,0.830577297602982,0.9516478857557636,8240.279202279202
nonaquatic,143095,309210,0.6301327051709575,0.683811336422308,0.860019448223733,12455.684444444445
nonaquatic,143136,309462,0.3927579084967321,0.35334684249084247,0.4421735600907028,3705.0266666666666
nonaquatic,143162,313167,0.734723653906007,0.7742582222222223,2.476905483749054,6235.733333333334
nonaquatic,143251,309404,0.39512659449438703,0.34728860622710633,0.47183741434979726,3134.7041666666664
nonaquatic,143276,311252,0.38961449891067557,0.3389672212454213,0.4683501095993948,8420.45
nonaquatic,143292,312411,0.591147431142772,0.5611320691150954,1.0221235860032614,5654.852136752136
nonaquatic,143717,311674,0.5393714713663245,0.36857529731379735,0.4776003306878303,7227.822222222221
nonaquatic,143855,313300,0.5899810670160405,0.641201810572013,0.672562574922755,5494.645714285713
nonaquatic,144129,314147,0.5787246075698426,0.5864193989559063,0.8429913959339149,5020.627124542126
nonaquatic,144338,310980,0.5611488661189973,0.5564152408424912,5.219000936573486,4323.424999999999
nonaquatic,144381,310141,0.3756477030812327,0.3830866057142856,1.7860039251700672,3224.69
nonaquatic,144421,311408,0.3664990086034414,0.36548349766899774,0.47001715754483553,3004.8416666666667
nonaquatic,144603,309107,0.6818713051887425,0.6646867998668002,0.48668310657596314,3817.5833333333335
nonaquatic,144645,314020,0.532821235480859,0.5278982112820512,5.183023941146155,4329.480666666666
nonaquatic,144836,313543,0.7794883034306878,0.641091263467366,0.8503686961742855,6154.3204166666665
nonaquatic,144884,312852,0.6259700632740557,0.5356737470324165,2.0848357620641615,9641.102136752137
nonaquatic,145437,313549,0.6017680246598639,0.5962636204345655,0.6998583494897953,4161.564166666667
nonaquatic,145561,312154,0.8258745941043085,0.7849040673992677,1.0748075581065748,10061.2575
nonaquatic,145580,312229,0.5916394624516474,0.6062058639455784,0.7105431766646049,11894.766666666668
nonaquatic,145598,310936,0.47247700013338695,0.45390451198325477,0.6853403433754445,3671.966666666667
nonaquatic,145599,310767,0.42998046678722784,0.31175294110122675,0.4689124405627849,3052.496296296295
nonaquatic,145809,310822,0.6621733485097189,0.5748445025150288,0.8359968002889752,5807.602136752136
nonaquatic,145916,312777,1.0160723716250448,0.709191095173832,0.9582823215566946,5191.83903133903
nonaquatic,145930,310563,0.6890388982259571,0.565636424908425,0.7810465986394552,6356.755555555555
nonaquatic,145961,310464,0.49661271586256994,0.6274601147741149,0.5517045767856479,10546.88222222222
nonaquatic,146142,309960,0.5771104616046043,0.4772178845475514,0.43476226880815727,10971.232407407408
nonaquatic,146144,311245,0.44917585784678665,0.2790375068440333,0.5113170100395432,7963.927136752136
nonaquatic,146154,309605,0.737442638133685,0.9373284010989014,1.8080552457887913,6166.458333333333
nonaquatic,146204,313047,0.5216851353874886,0.506156396137196,8.227045240362811,4019.9133333333334
nonaquatic,146310,310239,0.42263351765925855,0.4036683475039246,0.7028339315388232,3596.9822222222224
nonaquatic,146352,313977,0.7148676733371689,0.619213968530417,0.8771377470675287,5471.940683760683
nonaquatic,146356,311863,0.8420472411235357,0.6424484303707989,0.6902999287299727,5373.4028490028495
nonaquatic,146448,310365,0.6019168417366949,0.6735904285714286,1.0373514880952366,4763.35
nonaquatic,146472,309515,0.7667608229338428,0.8051722873611649,0.824587589244977,5659.793650793649
nonaquatic,146519,312864,0.4707949524783459,0.4639967216864768,3.301043418380202,4475.398412698412
nonaquatic,146528,309501,0.9633330114194727,1.1054391794871794,10.461457432060675,7941.066666666666
nonaquatic,146950,309622,1.0608365929273693,0.9602074875124875,1.5126334231646972,18205.699999999997
nonaquatic,147143,309558,0.7659988888671391,1.0964198571428576,1.3607986816093942,9226.5
nonaquatic,147146,309663,0.3076191059757237,0.22364221611721619,0.3320093679138318,3132.9583333333335
nonaquatic,147231,312124,1.233730214752568,1.973333421245422,0.7912186507936502,7760.033333333334
nonaquatic,147254,311369,0.9391876867025886,0.6107372448979596,1.0499870600414083,4850
nonaquatic,147317,311573,0.8253849828820417,1.0855288210900214,1.9766148110355246,15346.2
nonaquatic,147330,312412,0.6818576851924844,0.6747513665574192,1.7192975026943549,5845.720940170941
nonaquatic,147373,310812,0.43315272609408584,0.46216987589165226,0.5809826562980458,4839.543803418804
nonaquatic,147407,311343,0.7687674159232344,0.8688750219780218,2.5695908494685513,8067.016666666666
nonaquatic,147462,312257,0.3424385388441092,0.42442156426702554,0.3781094186450088,3177.9928571428572
nonaquatic,147508,309176,0.49387101774334924,0.5535396911895122,0.6277646511155345,4293.568376068377
nonaquatic,147567,311939,0.38786416783147026,0.4242848006279435,0.5664241626429117,4296.733333333334
nonaquatic,147610,312501,1.0479561708983642,0.8500333404509025,1.4793376708400943,7168.135470085469
nonaquatic,147668,309337,0.4394170207867472,0.3177520833333335,0.35333879208121505,3556.4416666666666
nonaquatic,147755,311474,0.5041288266417681,0.47677925274725275,0.8699209939531364,4595.633333333333
nonaquatic,147819,311967,0.6640672237204921,0.6740166666666669,0.8365204997383571,6984.35
nonaquatic,147846,312507,0.6686905313522922,0.6476316026014802,0.8156499458618257,7769.839285714285
nonaquatic,147913,312258,0.6608216804578976,0.977021534338111,0.9494946389525193,7158.199404761905
nonaquatic,147914,309566,0.4096824196345207,0.45815861662147384,0.5749347829608028,2866.076190476191
nonaquatic,147925,312644,0.372090098198757,0.4704647417582418,0.4026656492053853,4277.4722222222235
nonaquatic,148045,312828,0.49188617880728847,0.4235436317133158,3.152223432893811,6399.829202279203
nonaquatic,148058,313797,0.5942163256485209,0.8389295145302003,0.5846374611910334,4689.025633903133
nonaquatic,148233,312769,0.5108064086587017,0.4323667950362561,3.8869431683873295,4176.4595238095235
nonaquatic,148251,309323,0.5528680780114144,0.5936903034637877,0.5991527081291589,5875.479202279203
nonaquatic,148256,312539,0.36223181624986606,0.3966896254765643,0.6131988809565332,8371.976190476189
nonaquatic,148258,311864,0.6070867538682142,0.6741178452380951,0.7037514526643981,5235.966666666667
nonaquatic,148275,312770,0.42104662776221613,0.4450997965811966,2.8222116587645147,3859.5777777777776
nonaquatic,148301,310525,0.29560793384228823,0.2494745298135449,0.3505874573079861,3038.2250305250304
nonaquatic,148335,309943,0.36880390587759654,0.4522371252398395,0.5455296271648751,3106.944444444444
nonaquatic,148378,309405,0.803975675508299,0.7810963977722959,1.0498583078809747,7395.809523809523
nonaquatic,148762,313168,0.3990847501791416,0.28322142857142873,0.4642494824016565,2430
nonaquatic,148769,313119,0.39015382119514475,0.39232161575091573,3.5168369416099763,3110.9916666666663
nonaquatic,148771,312778,0.4400390289449115,0.367444249084249,0.9381612811791376,3456.1666666666665
nonaquatic,148778,313307,1.0829824415730216,1.2012155844155845,1.4685284858754235,49240
nonaquatic,148779,313213,0.6224905999139287,0.6065403323693848,0.8928155960428038,4772.504273504273
nonaquatic,148782,313108,0.46001870470653705,0.5524932585309427,0.6210506068441997,4012.6680911680905
nonaquatic,148800,311429,0.500391713527847,0.3938732051734275,1.2666421351227826,2765.017283950617
nonaquatic,148815,313065,0.6068698762874964,0.4277561945729709,3.5846681721710616,5046.968803418804
nonaquatic,148845,313222,0.4078410877684408,0.3814098534798534,0.6540377267573688,3445.4666666666667
nonaquatic,148849,313203,0.7364784430438843,0.8444414739926743,8.57261401218821,6019.795833333333
nonaquatic,148853,312834,0.3406922922531532,0.33089700034702146,1.342639923224378,2908.2417094017087
nonaquatic,148861,311018,0.5427044164361596,0.5124955549257759,0.8190450224307262,4557.835042735042
nonaquatic,148868,313308,1.2607379400783063,0.9482544589600876,1.3633003347578339,29728.43666666667
nonaquatic,148873,311066,0.5591997142857144,0.4899700741391942,4.247881176870747,5378.173333333333
nonaquatic,148909,313181,0.53256935667124,0.6074094890670555,3.806059911668749,4615.707142857143
nonaquatic,148980,313146,0.5065734161998134,0.5698597796703296,0.7260190107709742,4189.558333333334
nonaquatic,148987,311430,0.5302961987054712,0.5682246589706591,0.7090627560908077,3518.647222222222
nonaquatic,149023,312843,0.6651800180950916,0.570629477899878,10.191966109780866,5254.173333333333
nonaquatic,149027,312162,0.6997395774976658,0.6910141245421247,0.6861826388888881,3895.5833333333335
nonaquatic,149030,313771,0.311874849333673,0.454621991874792,0.4292335799553975,2472.1333333333328
nonaquatic,149031,313147,0.33950361986461264,0.3250900565018316,0.4896301473922896,2667.5624999999995
nonaquatic,149041,311562,0.5735359757236229,0.5304233772893774,0.8363593253968249,4587.975
nonaquatic,149042,312871,0.6655198471091587,0.6527240544630808,5.4339431778399945,5705.7021367521365
nonaquatic,149045,313182,0.701186363214871,0.706957297782919,2.6656086626595457,5241.475042735043
nonaquatic,149050,312932,0.42221510423258646,0.33375030715879184,0.51729193266665,2689.2802442002435
nonaquatic,149052,313309,0.8675606977261021,0.9438178890493637,0.9672945786652184,26049.083333333332
nonaquatic,149055,311019,0.5137761637988529,0.44306237362637374,5.745917476514414,5187.919047619048
nonaquatic,149072,310373,1.0732042238635087,1.163519415702718,1.563989788219674,8303.279273504273
nonaquatic,149082,310651,0.2877260568862638,0.2504535835295658,2.1090683152000107,3188.8184523809527
nonaquatic,149083,311067,0.5022703977781591,0.5108442528369589,0.6613711534545785,4951.578095238095
nonaquatic,149085,313310,1.0970156575198553,1.0013766233766237,1.5551739303780117,29720
nonaquatic,149096,309180,0.821078837774426,0.9501933141546174,1.0085985722018114,26131.713504273503
nonaquatic,149103,312883,0.37481579645191415,0.35509128178488175,0.5245751293547716,2783.1433333333334
nonaquatic,149124,310121,0.3258643714126436,0.31211593162393164,0.4866245739093353,3008.5222222222224
nonaquatic,149127,310374,0.4376333384020277,0.4182964417582417,0.5780341014739222,3273.5633333333335
nonaquatic,149133,309825,0.26898299574346973,0.26512697535797536,0.31298896526753633,2429.015151515151
nonaquatic,149141,313505,0.44770121666395657,0.41345638232243936,0.6737396649525705,3951.403333333333
nonaquatic,149184,313148,0.38485473716153135,0.38942575802197804,1.581088450113378,2738.516666666666
nonaquatic,149191,309177,1.1680612978524747,0.8307640293040295,1.0857042233560081,6605.083333333333
nonaquatic,149213,313998,0.9239198674136321,1.1090576562637364,0.8224508412698406,15842.226666666666
nonaquatic,149264,310437,0.3414432720588236,0.27245347225274724,1.9521824447278902,2433.6041666666665
nonaquatic,149272,310784,0.7991204312106619,0.765714125505898,2.9362962202439524,7723.6323728123725
nonaquatic,149273,312816,0.5356436428594785,0.47179465002120696,2.2299251347246267,8295.051367521368
nonaquatic,149578,310131,0.32903540883019877,0.32837426896912614,1.572305968577907,2921.8190476190475
nonaquatic,149646,311344,0.6075784663865548,0.5442682032967033,0.8849832695578219,5071.916666666667
nonaquatic,149662,311029,0.908816999166431,0.7696704688644689,4.316549079208771,7504.9000000000005
nonaquatic,149738,313223,0.34137714285714293,0.3279665054945055,1.757452324263038,2646.8027777777775
nonaquatic,149850,310564,0.7845060597572364,0.658778446886447,0.9891010770975046,6093.633333333333
nonaquatic,149896,312610,0.45507834133653474,0.40272202354788067,0.5756413751214765,11322.819047619048
nonaquatic,150025,309967,0.5740233691301436,0.8315005303141306,0.7910062245256875,11145.183333333336
nonaquatic,150048,312987,0.5767361792717088,0.5851838417582418,0.7670825850340125,4100.506666666667
nonaquatic,150105,309750,0.4642244500419217,0.7014686996897663,0.4016824173376834,3758.1321428571428
nonaquatic,150315,310444,0.4996356594859333,0.4643749935993831,5.213347962621671,3679.8090384615384
nonaquatic,150405,310652,0.5028930994758152,0.5052996079713938,3.004323131916584,5060.154761904763
nonaquatic,150493,311707,0.9626507936507941,0.9145923809523809,1.4215981859410407,8205.2
nonaquatic,151035,311649,0.4500355465995923,0.5026322043670617,0.4975257969638066,3126.8476190476185
nonaquatic,151074,309690,0.3594858345182417,0.38068377988678,0.5011901373930697,5138.945833333333
nonaquatic,151113,311465,0.523050046685341,0.4417960306360305,0.5391322562358272,24814.63333333333
nonaquatic,151192,309912,0.2798222455648926,0.24556046886446894,0.23529406179138299,2840.952777777777
nonaquatic,151503,311253,0.2755677481489634,0.2923201588036024,0.4204033019791876,2578.5083638583637
nonaquatic,151628,311874,0.43874080298786206,0.4510085531135531,0.5948306831065753,3677.4333333333334
nonaquatic,151704,309423,0.6793772310954297,0.7926383535058801,0.973401307075962,5925.746752136752
nonaquatic,151749,311254,0.573984233582322,0.55628013991564,1.8021567451728153,4425.088888888889
nonaquatic,151836,311380,0.33994974656894233,0.31406906087333725,0.44611749640833265,2748.2104700854698
nonaquatic,151887,311098,0.3881736134453782,0.37816186691086706,0.46959978741496544,3649.158333333333
nonaquatic,151895,310109,1.1110789635854346,1.0143047978687978,2.8317649299113556,7796.811111111111
nonaquatic,151942,313124,0.6412413275583178,0.6877256595626594,2.7847956752156278,5190.807070707072
nonaquatic,151971,311441,0.5905688459104574,0.552278406802721,0.8876112939958583,8652.326666666666
nonaquatic,152115,312163,0.873614777247151,0.8906488952521164,1.023053708784056,20235.443376068375
nonaquatic,152345,309491,0.5997272331154688,0.579411023199023,0.7934340230536652,4173.0777777777785
nonaquatic,152384,309259,0.7881233515628477,0.8908482740751312,1.103419085411942,6882.066666666667
nonaquatic,152461,309211,0.6557939949016088,0.6194912024056144,0.9876698501755967,5184.128803418805
nonaquatic,152473,311197,0.3511930672268908,0.3561475964035964,0.4690914656771793,7604.158333333333
nonaquatic,152545,311176,0.8903837885263548,0.850338418883748,1.0120498821594455,11615.689743589743
nonaquatic,152620,309267,0.5738057586367881,0.7599681205128207,0.7696447845804979,18839.856666666667
nonaquatic,152653,310633,0.7043174841647103,0.6036365116926934,4.877533005584865,6536.160897435896
nonaquatic,152717,311459,0.8804340648305268,0.8229825633314055,1.2505730850091379,9268.536752136753
nonaquatic,152857,313702,1.117383016573734,0.8533426378575809,1.0536819726106401,18315.026923076923
nonaquatic,152953,311657,0.29271275443510747,0.29395870476190483,0.41670223665223616,2490.9733333333334
nonaquatic,152972,311273,0.5131745388139728,0.45416754578754576,0.7253728123728118,4695.583333333333
nonaquatic,153064,310504,0.5315332827575475,0.48014632117882117,0.6940239134542697,4494.683333333333
nonaquatic,153085,311282,1.1236324519449643,0.8513714829181219,1.1787213328981763,18029.265242165242
nonaquatic,153285,310210,0.8905412978524747,0.7920433699633701,1.1174796485260763,7447.566666666666
nonaquatic,153548,309308,1.0531806687784555,1.3002114269789862,1.062310873656044,8872.163076923078
nonaquatic,153656,311999,0.5241649859943978,0.5837165714285715,0.5761618862090286,11856.24
nonaquatic,153706,313316,0.3937062426862219,0.4605010221036107,0.6447006266390606,3309.0466666666666
nonaquatic,153789,314177,0.8920870846237655,0.8423307682215746,3.790718403632324,28005.964285714286
nonaquatic,153829,312037,0.7839191929709416,0.7609378520380208,0.7520553569921865,5953.399515669516
nonaquatic,153940,311146,0.3405412192654841,0.3297558626373626,0.4860849395313677,9204.222222222223
nonaquatic,153976,309968,0.4581591003067895,0.6523053028305029,0.4377728437435575,3861.7749999999996
nonaquatic,153979,313999,0.5690385580625192,0.5404792083725799,0.7406538772187746,13389.063333333334
nonaquatic,154004,313139,0.700206442577031,0.7001286886446886,7.128851190476189,5219.666666666667
nonaquatic,154034,311442,0.7596246031746031,0.7187895267399268,1.1123554308390018,7728.573333333332
nonaquatic,154661,311532,0.6104161507951107,0.5063316978425083,0.6582072688684242,3538.267521367521
nonaquatic,154684,310465,0.3771258135036963,0.38436175784929344,1.6782628951000675,10097.275
nonaquatic,154691,311466,0.6452547152194211,0.4381814358974359,1.6442485879200157,9912.977777777778
nonaquatic,154870,312237,0.36220946518790315,0.33520353210508314,0.48641310898770784,3676.7134920634912
nonaquatic,154947,311957,0.30432969032057267,0.29432141070041073,0.4063484599395311,3220.3555555555554
nonaquatic,155034,309108,0.48374040282779784,0.5858952414252415,0.4670654195011331,3838.4833333333336
nonaquatic,155057,310267,0.3674913087457206,0.38351343345543343,0.547185057634164,2922.0305555555556
nonaquatic,155059,313958,0.6408679813670606,0.49785393919413923,0.8172371765050314,5965.654166666666
nonaquatic,155154,311810,0.6193440273887337,0.6337165971805971,0.8423063062598765,11282.266666666666
nonaquatic,155173,313233,0.6143397852503522,0.6163425688451901,3.1680481483326033,4686.708376068375
nonaquatic,155197,312739,0.3312586223119739,0.34954365079365085,0.5526179795589727,8593.333333333332
nonaquatic,155234,311118,0.6543728891556624,0.5863228666571524,0.7159721513605436,14645.25
nonaquatic,155506,310963,0.503014065844419,0.5211467025641026,0.7678842381339993,4892.033333333333
nonaquatic,155535,310161,0.282068944911298,0.3292051853479853,0.4420039172335593,2735.8266666666664
nonaquatic,155546,313423,0.5682916339869281,0.450031007925408,1.038025161822304,9427.373333333333
nonaquatic,155798,312327,0.7813762218220625,0.8924672288663716,0.9053451092558228,7850.6624999999995
nonaquatic,156029,311884,0.2831790849673204,0.2636906666666667,0.38353424036281136,2730.7999999999997
nonaquatic,156080,310218,0.7403547014361301,0.6863400586080587,2.7920198790627353,11400.566666666668
nonaquatic,156113,313969,0.4206670941579246,0.31235201953601943,0.7701562979159912,3727.5222222222224
nonaquatic,156167,313663,0.5790828690260423,0.5327535086183658,0.5510137067978303,12978.869444444446
nonaquatic,156173,309846,0.3058062158196613,0.3344046886446886,0.4235528117913825,2172.493333333333
nonaquatic,156231,310150,0.6869468545788131,0.6708646583591847,5.158625901762898,9293.768803418803
nonaquatic,156247,309411,0.7570985043284614,0.8577135966345765,0.8164374109496586,5478.568561685229
nonaquatic,156251,310151,1.0626392219158531,0.9390744186491871,1.3604939480043483,14497.180626780624
nonaquatic,156303,313560,0.6964471181615502,0.5479533662283297,0.5725257045675407,4846.886666666666
nonaquatic,156315,313234,0.664159325400475,0.6816319729612496,1.5779061540304724,4891.602136752137
nonaquatic,156326,313693,0.5643484531392418,0.5047929757926025,0.5830106696223667,4167.638962962963
nonaquatic,156333,313869,0.646788143288845,0.5985860827838827,0.6795480963957619,15241.584166666667
nonaquatic,156392,313649,0.5683968037071044,0.5149005656311942,0.6916456279304573,4039.9588888888884
nonaquatic,156445,311854,0.44757734204793037,0.42073714285714287,0.47229236583522227,9754.622222222222
nonaquatic,156506,310312,0.5285704171690648,0.45713457974720756,2.6539136671632466,5489.791049382716
nonaquatic,156572,310776,0.44696429738562093,0.6043947673992675,0.44701763038548736,3949.8333333333335
nonaquatic,156618,313544,0.9613770758309164,0.5073083350228003,0.7999066389541392,13337.669047619049
nonaquatic,156686,310193,0.7051265463176812,1.010824947702799,9.977681930289714,15043.600641025641
nonaquatic,156724,309922,0.3676464985994398,0.28812820512820514,0.4075638218923929,3003.622222222222
nonaquatic,156815,312029,0.44663293650793656,0.3505830952380953,0.5454209325396822,3863.85
nonaquatic,156938,309533,0.6388877008303323,0.7852519011904762,1.0980122151360534,5435.729166666666
nonaquatic,156968,311675,0.7693971677559917,0.8190644200244201,0.9042928949357513,11448.166666666668
nonaquatic,156974,311636,0.3466049297496778,0.33576522588522595,0.4569698601662883,2611.222222222222
nonaquatic,157064,311058,0.5120418277189607,0.4023198620873782,0.5295513791313037,3745.708843537415
nonaquatic,157067,311855,0.4188179727138138,0.2793941416361416,0.41260168721747675,2945.3999999999996
nonaquatic,157089,310937,0.3547304855275445,0.37782144932844935,0.5210025651927431,3142.6416666666664
nonaquatic,157270,313710,0.6844744137259663,0.5713876272246272,0.8464096562963102,12046.496296296298
nonaquatic,157709,314000,0.684000667261749,0.6541434682114127,0.897771653392861,5781.930085470084
nonaquatic,157728,313611,0.7663442458918225,0.5729117840026641,0.8099902873664457,4912.573333333333
nonaquatic,157818,311776,1.101005564257555,1.130486562465197,0.9080757050338281,12375.49063899064
nonaquatic,157867,311186,0.4527257077869908,0.33012715810475246,0.9646478454375155,7073.554666666667
nonaquatic,157878,313277,0.7064437169519684,0.6230463458550516,0.7857248038527257,5014.405035612534
nonaquatic,157904,314048,0.5606228076453148,0.631085690528519,0.8800795924181628,5440.063809523809
nonaquatic,157946,313978,0.5967237392633935,0.5663619051131324,0.7601949578224092,4787.610598290597
nonaquatic,157979,314079,0.8281616143436448,0.7535539328937734,0.7967110839617672,7790.380666666668
nonaquatic,157980,309412,0.858211515369469,0.6971541240755735,1.0810041996215607,6183.660769230769
nonaquatic,158066,314069,0.32659710989993,0.31187948401899335,0.42734080694510307,2654.601259259259
nonaquatic,158189,309905,0.25885703392468107,0.27606134310134306,0.37014602229780763,2426.083333333334
nonaquatic,158192,313749,0.605871007805083,0.5621435514328529,0.5886071186022023,19444.33
nonaquatic,158198,312550,0.4193615835044459,0.40282748706932175,0.46807539422851613,7819.492735042735
nonaquatic,158240,313620,0.7056945463819522,0.5065273106826507,0.6732346184049296,4084.545555555555
nonaquatic,158280,310690,0.974653691393224,0.6935665594488843,2.0074513166099766,15251.779166666667
nonaquatic,158351,314008,0.7419970820221776,0.630162835902193,4.666567425586837,6239.109523809524
nonaquatic,158364,309987,0.7476593437374953,0.786707496807954,1.0745697667638472,6041.56476190476
nonaquatic,158381,310710,0.8366633204985141,0.6556128518989782,4.330377471284646,6814.818803418803
nonaquatic,158433,313949,0.6697142973618019,0.5748139426466391,0.8357152809987621,5159.372023809524
nonaquatic,158434,310891,0.6229787350868782,0.7952604491341991,0.8409441196290762,5301.148674242424
nonaquatic,158437,309718,0.43116697852474334,0.44435932416916424,0.47667428117913774,2951.66
nonaquatic,158460,309795,0.48215830376595076,0.4862590866910868,0.3395391345427058,4513.588888888889
nonaquatic,158581,313880,0.6139143027210884,0.5617558275613275,1.6418271529066166,4099.952777777778
nonaquatic,158584,312009,0.6811379589169002,0.5148666626706626,0.7410619537208818,6741.03
nonaquatic,158656,313881,0.8375175772213649,0.7808240946310833,3.2010456471861457,6423.753809523809
nonaquatic,158729,313370,0.4903165116341048,0.5603605437229437,0.5147020636572417,4011.365
nonaquatic,158796,311784,0.8280585959693404,0.8599369829801153,0.9743171116780039,7007.70261904762
nonaquatic,158809,313056,0.42438387643583975,0.38020607338217344,1.7568118607670982,3450.711111111111
nonaquatic,158885,309913,0.5892163710386117,0.5729798526473526,0.8099608806726146,5075.433333333333
nonaquatic,159015,313287,0.45356037481659356,0.41961999581371007,0.6356838718820853,10992.85
nonaquatic,159050,313612,0.5326558244176207,0.6837624533599732,0.6732358232935491,3829.103888888889
nonaquatic,159186,311762,0.35170008870214764,0.39383747792207796,0.42196978406514074,3306.233333333333
nonaquatic,159188,314257,0.4211869272928035,0.4221621735710156,0.6171483063841814,3355.0558327228323
nonaquatic,159190,313317,0.7798064928539035,0.8000881371560769,1.1196007911832146,6049.623483923485
nonaquatic,159434,310642,0.32178282033743744,0.39911686159079024,0.5047906407128062,2523.9583333333335
nonaquatic,159464,309547,0.48286651639822625,0.46655825892857145,0.6619781214569153,4549.052083333333
nonaquatic,159467,313675,0.5187099298373593,0.4882201723609725,0.59496713878713825,11541.946666666667
nonaquatic,159584,309944,0.24537455648926249,0.39089141025641033,0.35940347222222174,1920.5833333333333
nonaquatic,159640,309126,0.45698239851940803,0.517828022930403,0.6717889285714278,3707.222
nonaquatic,159656,313572,1.0589402725275012,0.9986908393194527,0.8648340025975902,6977.0844017094005
nonaquatic,159738,314001,0.823341425490762,0.7613830277824433,0.7740779804143533,11284.595042735044
nonaquatic,159743,313506,0.6440663351471259,0.5943740464579231,0.6845615258007682,4578.875965811965
nonaquatic,159752,314248,0.4899397248687711,0.4059973026896914,0.38374266423712333,9209.044666666667
nonaquatic,159754,312362,0.6230800161379251,0.5115114285714285,0.6997001866387574,11930.126666666667
nonaquatic,159823,313482,0.7746718590858395,0.7246799386898816,0.957324878587501,14481.203809523808
nonaquatic,159865,310573,0.33379186507936515,0.32256431501831506,1.595837811791382,2909.6583333333333
nonaquatic,160022,313415,0.6339855752328392,0.6829593334578755,0.7950900643081376,12851.867666666667
nonaquatic,160068,312230,0.47182532446311876,0.34700063015873017,0.5337247696351264,10920.038888888888
nonaquatic,160094,310518,0.8033564341765891,0.7013125607865821,6.360790965174491,9638.495042735041
nonaquatic,160135,310973,0.38754418396262236,0.334881266275171,0.42619422809871255,3257.332275132276
nonaquatic,160168,313882,0.5060456401796825,0.5851278386443318,1.9710259638739835,3485.022877492878
nonaquatic,160244,310233,0.7774162456541446,0.6100667356560108,4.061715270473713,5189.5375
nonaquatic,160335,312962,0.4214229009929542,0.44049976007326014,3.5931885384787168,4228.766666666666
nonaquatic,160370,314207,0.8329238468720823,0.9022083076923079,1.1135441468253957,12368.116666666667
nonaquatic,160380,309413,0.7846707594148774,0.7798374605394606,0.8714226379440658,5746.377777777779
nonaquatic,160501,310211,0.43431216795051375,0.39718204624542125,2.356566446995464,3783.9041666666667
nonaquatic,160506,312817,0.33892553376906326,0.3503010061050062,1.6231949924414206,6011.9
nonaquatic,160558,310278,0.5263836671572115,0.5153483991301097,0.7442265248637515,3997.488632478632
nonaquatic,160572,309181,0.5009928489751208,0.5741854885017864,0.7347713377981677,4712.942716049383
nonaquatic,160596,313950,0.6125273093618402,0.490523582358118,0.6590259988919802,5226.765595238095
nonaquatic,160611,313703,0.5616253310357509,0.5403057430754279,0.7111211037400667,4663.616761904761
nonaquatic,160623,311735,0.5476241523334372,0.5279918225674075,0.6368281117548786,4020.003418803419
nonaquatic,160629,310974,0.34975314942566055,0.35681316813186814,0.5075370637827775,3545.808333333333
nonaquatic,160649,310415,0.7793856045795595,0.7022870304345861,0.8893441087029118,5481.432098765431
nonaquatic,160650,313254,0.5289386286217637,0.715975736680863,0.6195420206043746,3904.5938034188034
nonaquatic,160651,314148,0.8002985470573741,0.8038894095784334,1.0791536369620516,7631.45329059829
nonaquatic,160652,310485,0.43312102894491133,0.4007029128205127,1.2079359503195213,3673.2666666666664
nonaquatic,160654,309146,0.5571951356970767,0.6620305390264123,0.8342286109807382,4575.181495726495
nonaquatic,160669,314276,0.5307205358810193,0.5774634586080587,0.6768676899092964,4568.008333333333
nonaquatic,160677,314328,0.9232338427226071,0.7331016250433777,0.928446841473342,8218.984358974358
nonaquatic,160692,313694,0.6546154925499181,0.6222896858349984,0.7386169982084705,15256.980416666667
nonaquatic,160721,309182,0.5342264355766629,0.6510012426579269,0.729752666556974,16945.56809116809
nonaquatic,160731,313637,0.4675220132947306,0.4038739863336663,0.5393545446936252,3072.681333333333
nonaquatic,160767,309614,0.6733855078539353,0.728511626921831,0.7950401067456455,11268.031746031746
nonaquatic,160883,313638,0.577136097314743,0.3879301876663019,0.6928102091370456,23180.21777777778
nonaquatic,161072,313488,0.7443119012872534,0.6033083594854126,0.7279224465740495,10537.900476190476
nonaquatic,161073,310584,0.46791243163932256,0.42368562148962147,0.6835181972789108,3532.6222222222214
nonaquatic,161223,314030,0.8523260491979665,0.8724804644641074,1.0373542758742285,12062.091666666667
nonaquatic,161298,309934,0.6087918732826465,0.6593575475457875,0.6673939787672639,4946.145999999999
nonaquatic,161300,313109,0.560158497848448,0.46261652927189767,6.71995098693103,4062.436182336183
nonaquatic,161321,314321,0.9735922711616948,0.8180274148124894,0.9791602689509699,11405.34888888889
nonaquatic,161323,311785,1.2835600462026082,1.1392132030599786,1.0682254638885027,15136.577301587302
nonaquatic,161347,311820,0.3062332364015306,0.2813521518481518,0.3600769516638561,3173.9777777777776
nonaquatic,161390,309623,1.6076890117268974,0.9666439853479857,3.4246568601146468,33248.566666666666
nonaquatic,161404,313498,0.8281194975316218,0.7563337913230631,0.9481642119696078,6016.0701068376065
nonaquatic,161409,313358,0.5776234233693479,0.4914982154512155,0.6668936939548541,14118.320833333333
nonaquatic,161473,311078,0.7341256048270887,0.7374198855517918,0.6806382809036092,4890.917735042734
nonaquatic,161495,313591,0.35984095238095243,0.3199054798534799,0.46031598639455734,2719.033333333333
nonaquatic,161683,314186,0.9607215288539547,0.6159856532823903,1.0020940202032729,7367.81680911681
nonaquatic,161794,309525,0.6633440767973858,0.8157581932234432,2.300487145691609,5793.916666666667
nonaquatic,161848,310585,0.4772498851018841,0.5069880109890111,2.5779434509459063,3524.5166666666664
nonaquatic,161892,314110,0.7761479653429999,0.5672790197802199,1.010942489103866,15802.186666666668
nonaquatic,161930,313870,0.6251734617237661,0.5503615494856021,3.0729440490051854,5215.004273504273
nonaquatic,161935,314350,0.9106992110050387,0.6542423613048606,1.0334989221803428,6533.203418803419
nonaquatic,162001,310864,0.5176604328418987,0.47522764365722,0.801659544634577,5145.052136752137
nonaquatic,162006,312566,0.6608334646431534,0.6922933707393483,0.7817249140957835,5735.1467735042725
nonaquatic,162030,312943,0.4429742767106094,0.4042101359430043,2.715632386988454,3512.25735042735
nonaquatic,162184,309757,0.6065088380749125,0.3567283351025393,1.3402551259856648,16317.820634920634
nonaquatic,162244,314121,1.1879314316935168,1.0795973061628432,1.3139821299295391,7895.433475783476
nonaquatic,162333,311589,0.7324676337416827,0.6554719593500345,0.8615508950102231,5276.352801519468
nonaquatic,162343,310015,0.613440042069697,0.5630755804956948,0.5012994105652797,19285.005454545455
nonaquatic,162348,310178,0.9803469887955186,0.8280301538461537,4.561060714285713,11719.974999999999
nonaquatic,162428,312567,0.6947961819078753,0.6278761523963757,0.7788149508818502,5637.321128205127
nonaquatic,162431,312611,0.48855225121915513,0.44800018943556436,0.6980757396143608,9091.5625
nonaquatic,162442,310829,0.5796783054480585,0.7715993843223447,0.9522583417931263,5866.52
nonaquatic,162453,313359,0.6490240753444236,0.5181996759594149,0.6226634006979409,13060.925238095238
nonaquatic,162481,310082,0.38640598039215707,0.4232525494505493,0.9625019557823121,12558.175
nonaquatic,162513,310200,0.6449577061935889,0.5872928107448108,3.2700077853363556,4736.81111111111
nonaquatic,162524,312000,0.8172835564458342,0.9958297510822511,0.932036167184264,11711.883333333333
nonaquatic,162759,310545,0.7877423669467791,0.8321812967032965,2.850102380952379,10822.491666666669
nonaquatic,162791,309670,1.4149500580976528,0.7825915102040819,0.8796572366499384,30343.5
nonaquatic,162961,313066,0.5561492355311939,0.4337197779063042,2.8374225939397695,4363.835470085471
nonaquatic,163368,310882,0.45084703918930913,0.4897298168736025,0.7234931473518419,4146.75
nonaquatic,163412,310865,0.7103491970170045,0.6767067185270869,0.9998188308463742,6342.680626780625
nonaquatic,163445,309382,0.5017667874755821,0.5404502773564968,0.6501948226947057,3790.5950142450138
nonaquatic,163451,311627,0.3743617693216648,0.24583459300029775,0.38658392512486667,2445.3106878306885
nonaquatic,163458,309252,0.4505823473618222,0.541304156897071,0.7464214200526094,4724.920793650794
nonaquatic,163471,309615,0.9552020744768493,0.8614115981161701,2.3815783017492715,11156.726666666667
nonaquatic,163541,310830,0.9033648879519346,1.0231133608829768,1.1604187142945548,7886.801282051282
nonaquatic,163689,311628,0.35399962753933983,0.335432182259099,0.523332079905605,2862.7935185185183
nonaquatic,163836,310680,0.37991813937696306,0.3504241491841493,0.4349747268604406,2973.4242424242425
nonaquatic,163900,313798,0.6027443370364801,0.6686086648703785,0.7046920015786197,5748.8349023199025
nonaquatic,163926,309372,0.5679626517273578,0.6050582545787546,0.7844701814058949,4752.416666666666
nonaquatic,163973,309887,0.6498616858897629,0.5961289773152018,0.6519514178675816,4763.744047619047
nonaquatic,164008,309324,1.0624213669902054,1.0050371806593408,4.16332911283866,9049.055555555555
nonaquatic,164027,309847,0.343352744631186,0.2766066626373627,0.34881037981859375,3656.503333333333
nonaquatic,164136,310251,0.6343510620199804,0.6859996300274122,1.871072954831886,11708.565899180185
nonaquatic,164218,313087,0.41200767640389496,0.3122767106227107,3.0374662860382244,3444.476190476191
nonaquatic,164370,309195,0.5217239087301588,0.5074340741758243,0.6818377911770764,4413.2
nonaquatic,164420,313352,0.2941124849939977,0.3135249607535322,0.4816767492711362,2081.309523809524
nonaquatic,164426,312893,0.7834659809234754,0.7126475101371952,2.2732768734619357,5657.701892551892
nonaquatic,164429,311187,0.3342539454670758,0.2946745567178853,0.6274564338967907,5573.251111111111
nonaquatic,164439,310259,0.7258533874110378,1.2025914352433793,3.6864061113511535,5476.137891737892
nonaquatic,164454,310853,0.6034523497673937,0.6538666032828123,0.6454741657363264,4745.22617974618
nonaquatic,164458,311505,0.5481448739495797,0.46796896712887126,1.4028216750773028,4498.177333333333
nonaquatic,164613,311717,0.6462293028322441,0.5205429841269842,0.7926386243386238,12235.266666666665
nonaquatic,164622,312872,0.6430465586297059,0.7121615957200694,5.172298815072647,5836.184615384615
nonaquatic,164744,310643,0.29838608290861585,0.3186546816675388,0.48322301505143045,2528.8888888888887
nonaquatic,164765,311020,0.5565040482859813,0.5360672558869701,3.616928259637187,9027.9
nonaquatic,164781,311390,0.34716834267040153,0.2734957802197802,0.4206167658730154,2414.391666666667
nonaquatic,164884,311838,0.7710699067182428,0.6522722483516485,0.7810684522950587,6059.098333333332
nonaquatic,164903,310142,0.5599502769996888,0.45864124444444454,3.056664468631897,9770.653333333334
nonaquatic,164963,310554,0.6639933415069176,0.6177848823019086,0.8186509669556419,5868.43547008547
nonaquatic,165074,312139,0.8686055082100022,0.8663035694050809,0.9592673403551856,6192.333086419752
nonaquatic,165117,313860,0.7666740222183651,0.7557236965409571,3.5075360085908396,6377.039899267399
nonaquatic,165162,312551,0.5331742018333002,0.4769801209979106,0.6999529790992229,8371.708357075024
nonaquatic,165228,313861,0.8081534781619581,0.6812595957926613,0.7920148591291808,7137.979435626104
nonaquatic,165273,310964,0.7278307903122427,0.8350612650183152,1.2662888653476145,6283.208333333333
nonaquatic,165325,314098,0.9030964301276067,0.860292203663004,1.0896279402872249,7637.991111111112
nonaquatic,165331,309711,0.7138166336489283,0.9162474632627676,0.7467839020255239,19658.38878062678
nonaquatic,165491,312626,0.8024475145303093,0.5008222222222222,0.777337546844689,20424.17777777778
nonaquatic,165502,309325,0.751149694974607,0.7732932844932847,1.033103694013217,6358.044444444444
nonaquatic,165505,310831,0.7955138160597574,0.8020321481425241,0.8632841258915679,6041.734666666666
nonaquatic,165524,310662,0.3718330690609578,0.5410286760739262,0.4409705498866209,3542.975
nonaquatic,165535,311921,1.239833473389356,0.863931428571429,0.8514211502782921,7891
nonaquatic,165547,313224,0.45078430438842226,0.4524597968697968,1.432074050453514,3514.3458333333338
nonaquatic,165564,313592,0.9565285130718956,0.9063402023310027,0.9371354825036067,16538.291666666668
nonaquatic,165565,311391,0.3858693814192346,0.36911313952713953,0.5583998582766431,2944.975
nonaquatic,165604,314228,0.767970626583967,0.7937902521367519,0.9262702380952371,6704.538888888889
nonaquatic,165605,313799,0.6193604821104207,0.5753570413492421,2.607163829486025,5363.3371908831905
nonaquatic,165619,310965,0.6132463338622195,0.5620701721611723,0.7584850754404321,5940.583333333333
nonaquatic,165665,310252,0.7593696924621424,0.7572570288132923,1.0529039698723779,15269.301068376068
nonaquatic,165767,311958,0.30738002100889,0.29418267457221137,0.38991874476264166,3231.7780626780627
nonaquatic,165795,312585,0.7841735559223695,0.7164623308477238,0.8935569380024733,6286.175
nonaquatic,165812,313899,0.4308326318602483,0.3972149663231505,0.46142908629263274,3633.20293965294
nonaquatic,165832,313979,0.4617288795529887,0.4661220242213927,0.6139178581786396,3752.314017094017
nonaquatic,165851,310691,1.092307780890134,1.1009170599622602,1.0113794406651544,8758.407777777777
nonaquatic,165866,311540,0.6035955354388298,0.6275351055727898,0.7279644390437464,4991.05698005698
nonaquatic,165969,309758,2.4045705864056686,2.827675713227901,2.4825976994484584,55697.1684303351
nonaquatic,165987,311541,0.4647562069835232,0.5380080954414007,0.6502554033993733,3717.3670940170937
nonaquatic,166110,311010,0.6771049788245261,0.5595435880511302,0.620377637714791,4619.795156695156
nonaquatic,166191,309977,1.010298800498278,0.880081709257409,1.0748264497907192,6494.103409090909
nonaquatic,166312,310909,0.3894664681205818,0.38764975435897425,0.5936448900226748,3272.643333333334
nonaquatic,166383,311811,0.7691842025699172,0.7796250352821784,0.9295413437091999,11475
nonaquatic,166460,311506,0.48158515393232565,0.41820211043873423,0.5385186779192,3520.049059829059
nonaquatic,166556,313507,0.6929114801796601,0.6632276278959138,0.8916831004772768,5782.466666666666
nonaquatic,166559,314058,0.7157419634520479,0.7083481489621493,0.9121748299319724,6108.977777777777
nonaquatic,166604,310344,0.8770954244215929,0.9287336218868849,1.4409679863122862,6756.042735042735
nonaquatic,166654,313532,0.8207924056740354,0.6757144642790546,0.944434877140996,5530.780000000001
nonaquatic,166672,314164,0.5830961834733894,0.6139137411721612,2.110481047619046,5463.55111111111
nonaquatic,166673,309276,0.9581881392368344,0.9526876147025414,3.030771893638541,10008.56164021164
nonaquatic,166690,314049,0.7438131185807657,0.5260551016983017,0.5776821882086162,4555.197777777779
nonaquatic,166699,314351,1.0238220871008337,0.6338179755157125,3.0836075110066274,6856.839031339032
nonaquatic,166789,313732,0.45440539659711043,0.4635279945890367,0.6826425404444298,13375.450712250713
nonaquatic,166903,311914,0.3065207657729758,0.34092893971742555,0.31519479267897615,3481.8599999999997
nonaquatic,166994,313328,0.5810934512160172,0.5792692588070368,0.5366810267282854,5367.927160493828
nonaquatic,167020,314196,0.6883018549621366,0.6739917045177047,0.8295473167925539,6900.788888888888
nonaquatic,167034,310345,0.4636783293346525,0.43175021060343155,1.2532367372833346,3706.428376068376
nonaquatic,167035,310445,0.4568015444577833,0.45877890754578754,4.3352850782312915,4088.198
nonaquatic,167048,313523,0.6506576254051009,0.46241767183673077,0.662504177955179,11127.236595150882
nonaquatic,167135,312316,0.6526858177300134,0.7468937969067971,0.885426990215839,7734.853703703705
nonaquatic,167160,314059,0.7605630372148864,0.6407875794871793,2.694978385899814,5508.333333333333
nonaquatic,167171,313533,0.7596255954836855,0.606569816764569,0.819361847045466,12332.359999999999
nonaquatic,167200,313416,0.629704036614646,0.5240180586080585,0.6315408897649962,13142.258333333333
nonaquatic,167451,313593,0.3448197273909565,0.3328204589481947,0.467490297619047,2588.6041666666665
nonaquatic,167526,313534,0.9288531799212184,0.7149311298573359,0.9555954866702555,6050.2179700854695
nonaquatic,167547,310495,0.3347311127625654,0.31882069300540733,0.48306250944822304,2783.134126984127
nonaquatic,167548,313819,0.8122549828820419,0.775848678876679,1.6502938019652298,5501.1
nonaquatic,167553,310653,0.47771264529621366,0.5669815745159604,4.021590606575963,5927.579761904763
nonaquatic,168097,309893,0.3151081063536527,0.344087203907204,0.529273318216175,2597.2777777777774
nonaquatic,168098,311370,0.4257250573579903,0.41839095236552915,0.6088269796284002,3105.108034188034
nonaquatic,168162,314070,0.6840960821575,1.227651428571429,1.366301921623348,14912
nonaquatic,168256,313561,0.8357278244631188,0.734597780885781,1.0267740362811781,25356.125
nonaquatic,168294,309674,0.5819028558659569,0.7007767694135626,0.7137971777345279,19044.42787749288
nonaquatic,168295,314238,0.8436548612941465,0.7595860012170685,0.9916592248070936,6291.963370980871
nonaquatic,168296,313980,0.6549363188623376,0.6189943954116061,0.7187803215895125,5334.627521367521
nonaquatic,168522,311030,0.3757712029256148,0.3529803748473749,0.5270851379440661,3746.194444444444
nonaquatic,168554,313838,0.5014826945237132,0.5050049503899608,0.6144520723453707,4528.569743589744
nonaquatic,168621,311409,0.625265522875817,0.65962648018648,0.7748528769841259,4894.208333333333
nonaquatic,168649,311283,0.9537596649709251,0.8111151111449955,1.0193630933121283,9018.163646723646
nonaquatic,168650,311003,0.382720246384867,0.3640289148282796,0.39356355227330625,2947.3696581196577
nonaquatic,168652,313695,1.1046076990693983,0.7893743158936303,1.2090795172982391,27165.786666666667
nonaquatic,168653,309812,0.708176283680139,0.469664491025641,3.0951529662698403,18251.8375
nonaquatic,168715,309482,0.4081546445244767,0.36598242909471485,0.5928226838354381,3236.580952380951
nonaquatic,168727,311125,0.7239342025699173,0.6132148864468863,5.572067526455025,6554.727777777777
nonaquatic,168786,310334,0.7193868113960893,0.8127535451449136,1.000071602955218,5448.6028490028475
nonaquatic,168839,310975,0.38665067405823605,0.3974445433956519,0.5485252002441996,3337.1171428571424
nonaquatic,168899,311940,0.4348177274460147,0.5817463592360023,0.5491627352260116,9280.333333333334
nonaquatic,168902,309224,0.44276577410878876,0.36491380020242925,0.46293048566042816,3461.800213675214
nonaquatic,168913,309212,0.570316865812992,0.4930285641596499,0.6949165419501127,4180.3966666666665
nonaquatic,168990,310083,0.3607786639840844,0.3775665424330056,1.0157622897419931,2849.8981517094016
nonaquatic,168998,314099,1.2672214582712145,0.954464337728938,1.3369468580918313,10416.788333333334
nonaquatic,169002,313839,0.9430206302535606,0.9129418486916593,1.2583272291858845,6863.642521367521
nonaquatic,169149,312171,1.086937397759104,1.1130312424908428,0.9535845230364871,8304.035
nonaquatic,169219,312749,0.6737370620235672,0.7006930421578424,3.149906549217977,5170.446666666667
nonaquatic,169312,309923,0.6862271335200747,0.49210169963369976,0.7344258786848068,7146.25
nonaquatic,169314,314197,0.5996028011204484,0.5034503336663336,0.7162652752009885,4811.933333333333
nonaquatic,169327,309813,0.39703442614379086,0.44900319552447554,0.565593383219954,10774.548
nonaquatic,169334,313639,0.6921785501416985,0.6158711448831871,0.8517579873524866,5201.659601139601
nonaquatic,169338,310622,0.6117080969887956,0.6910887788461538,0.7176472491496592,9205.804166666667
nonaquatic,169356,311234,0.8247488235294119,0.5159546373626375,1.1741591836734702,8134.133333333333
nonaquatic,169375,312328,0.6899412507894178,0.6106572418133245,1.0469059550535456,5738.802849002849
nonaquatic,169392,310623,1.1498285093385123,1.603085714285715,1.9756445142159405,13626.666666666666
nonaquatic,169443,312413,0.7578352124207337,0.8677583549900394,1.217251490253119,7003.987535612537
nonaquatic,169478,310586,0.4308121845972772,0.3933835440173862,0.5216928960146923,3067.7396011396004
nonaquatic,169628,311147,0.6872429163332003,0.8239262867965371,0.8043693349309411,5667.791666666666
nonaquatic,169862,310938,0.4542655597572363,0.40698543201465204,0.6289249580498859,10945.75
nonaquatic,169914,312568,0.5974820519392666,0.6435256354732988,0.8380242093848503,5554.370235042735
nonaquatic,169945,311482,1.2104985620915034,1.4790859428571435,1.0738375963718814,10801.973333333332
nonaquatic,170234,311736,0.42023204037208467,0.4135799241648077,0.5317230299078076,3454.8965811965804
nonaquatic,170239,311581,0.7577756769374416,1.022985888644689,0.6047703885796736,11661.119999999999
nonaquatic,170610,313970,0.700951938608777,0.8408774972527472,0.8315777352607702,5608.458333333333
nonaquatic,170620,311542,0.423710224089636,0.3955087912087913,0.6336744047619042,3820.4833333333336
nonaquatic,170635,314198,0.7084988224474699,0.7573140854233484,0.89670795938485,5718.1594017094
nonaquatic,170648,313499,0.598360102226978,0.5548778508273482,0.7296690866443318,4474.780752136752
nonaquatic,170700,313800,0.304765142692211,0.27906916383985303,1.2002113576669289,3743.91911564626
nonaquatic,170705,309675,0.5786913898892891,0.5355866886446886,0.8971791383219947,24874.933333333334
nonaquatic,170706,310396,0.6411736974789917,0.7510807106227106,2.5398136054421756,5754.95
nonaquatic,170898,309167,1.2649279851522364,1.2615384981684983,1.7507269885720707,9714.633333333337
nonaquatic,170957,309454,0.6546858676804057,0.5911206593406593,0.8228512758783159,3814.0619047619048
nonaquatic,171007,313750,0.4671175491194373,0.466001464153858,1.5955836319662111,4058.1771082621094
nonaquatic,171010,312612,0.4072701465747092,0.37691319267399265,0.6287006141638376,19338.566666666666
nonaquatic,171017,311326,0.33537906369111775,0.4312767148255255,0.4882223797760356,3570.767521367521
nonaquatic,171029,311982,0.5320523107338173,0.4831382960155492,0.5564067842102827,4998.385714285714
nonaquatic,171079,311305,0.6778563990040463,0.5828615604395604,0.7324535619803468,5195.777777777778
nonaquatic,171092,311483,0.6619011287848474,0.6921308039817328,0.8357595379818588,5651.8
nonaquatic,171213,311985,0.311456994961667,0.33885637452602135,0.37165928628253836,4013.3832373975224
nonaquatic,171244,309630,0.38286149743230635,0.4353761483516484,0.5599419890873008,4656.497916666667
nonaquatic,171247,310212,0.4799855088702148,0.28281289377289376,1.6210358276643986,3197.6666666666665
nonaquatic,171288,312645,0.3598030695611579,0.32935799117549125,0.44014486574932987,5133.613888888888
nonaquatic,171301,313550,0.8105860746965453,0.6607619452547452,0.9280009791795494,6769.086666666667
nonaquatic,171437,311297,0.4766561858076564,0.42893113040293057,0.5095447505668929,3877.5083333333337
nonaquatic,171552,310872,0.5579371577638351,0.49910538371312896,0.7205385788786561,5396.557094017094
nonaquatic,171883,311968,0.6185891690009337,0.5263792380952382,0.7721684240362809,6190.5
nonaquatic,171920,312646,0.33610206349206345,0.5043998104562107,0.34421123582766416,3613.266666666667
nonaquatic,171974,311312,0.8790474696545286,0.866211949050949,4.101560232426303,8322.016666666666
nonaquatic,172060,312287,1.2036562716390895,0.7919762728835791,2.527945849164872,10837.04761904762
nonaquatic,172155,311666,0.34480173037024636,0.31611117646864406,0.48312419962026826,2811.5284737484744
nonaquatic,172262,309516,0.4580232994864615,0.454740888095238,0.6203610572562351,4153.241666666667
nonaquatic,172352,312637,0.5477436848707741,0.603610360599038,0.6452882281495357,4510.3792063492065
nonaquatic,172584,311119,0.4891638432505069,0.447804110900986,4.705680556475697,10269.128266178268
nonaquatic,172593,313890,0.8660702553847517,0.7864031581367338,0.9972665168911152,6991.947073667073
nonaquatic,172661,310759,0.4289601073762839,0.4482309633699633,0.5318674886621308,4696.466666666667
nonaquatic,172693,309115,0.5261247432306257,0.47906992673992677,0.7380983560090691,4737.749999999999
nonaquatic,172755,312647,0.43088038934621486,0.4824187327128654,0.4963011725438476,4699.997619047619
nonaquatic,172815,309326,1.2393566596877093,1.3129018298181354,2.334037562891207,8648.01396011396
nonaquatic,172817,313242,0.5619468600742572,0.6025080109890111,0.6411762511628579,4218.266666666666
nonaquatic,172943,312540,0.4783304683496932,0.41077781025641036,0.6180910690738389,7330.9
nonaquatic,173025,313704,0.6755727514012904,0.5912584315785969,0.7677473086251003,12816.495760683762
nonaquatic,173094,310587,0.31413299455533866,0.2765220268620268,0.4349589399225575,2498.8444444444444
nonaquatic,173185,310056,0.2757804081632653,0.3077128636316066,0.2468643634596696,12474.728571428574
nonaquatic,173300,311443,0.5947209111014984,0.5418036623191013,0.9529967744572051,5118.107846153847
nonaquatic,173310,309788,0.23656316234827268,0.1931034125457876,0.2503472293083898,2203.4708333333333
nonaquatic,173359,311166,0.8040135294146843,0.8154960867939082,0.9196811590520423,13563.035042735042
nonaquatic,173456,314009,0.4383924318026533,0.3714765035508709,0.5186760741526042,3617.25850340136
nonaquatic,173527,311754,1.4689225415499536,1.5191881221445225,1.3218242573696137,32327.656666666666
nonaquatic,173545,313489,0.5460435414899293,0.5076642310789211,0.6334357544320751,4410.844333333333
nonaquatic,173568,310335,0.6480508695144728,0.5559774423076925,0.7565091411564617,4900.83611111111
nonaquatic,173575,313820,0.3219460233426705,0.30250939523809517,0.42584781816893397,2681.3929166666667
nonaquatic,173586,312508,0.5505432569593697,0.5031112775118725,0.5006261482103188,18593.349877899876
nonaquatic,173592,309835,0.9325711213866275,0.821443285362257,0.8929256241685306,13328.906666666666
nonaquatic,173607,312085,0.6006088546529724,0.44342746031746033,0.6241600786779355,4087.666666666667
nonaquatic,173637,309424,0.5742569277334867,0.7143804920354736,0.7353117627294152,5180.203401709401
nonaquatic,173747,309606,0.7336165552452935,0.7360375584684321,1.9979741372955022,5959.375014245015
nonaquatic,173799,312193,0.5931384687208219,0.5013345904761904,0.6758261791383212,3823.933333333334
nonaquatic,173888,312211,0.9880423902894497,1.1914968864468867,1.5892949546485244,27094.083333333332
nonaquatic,173901,311362,0.45208306489262384,0.4864997943722943,0.546302749433106,3897.5
nonaquatic,173913,312955,0.602081021932583,0.6466971081707409,0.9569022496413524,4363.430952380952
nonaquatic,173978,311803,0.2688781749366414,0.29408524908424916,0.404905201891362,2396.7458333333334
nonaquatic,174075,312779,0.8305488925729023,0.9778281678004538,6.040054383975812,8217.038095238095
nonaquatic,174096,312701,0.3402167294695657,0.3884577871097156,0.4517652399848824,2982.4722222222217
nonaquatic,174176,314071,0.735042317875013,0.6877581545745134,0.7316244113791374,5567.611700854701
nonaquatic,174194,311371,0.5679333800186743,0.628718441025641,0.7973273922902487,5726.093333333333
nonaquatic,174237,310110,0.37456816059757253,0.33622476190476186,3.5780623582766427,3078.333333333333
nonaquatic,174273,309853,0.23775811657996543,0.22532311878597594,0.3402017772476952,2263.9523809523807
nonaquatic,174329,311533,0.5292188608776847,0.47806426307026306,0.6339778202947837,3741.6833333333334
nonaquatic,174331,309574,0.47931586613693106,0.526960993153622,0.5807765728909244,4043.2150476190473
nonaquatic,174339,309526,0.5824618977605637,0.7277152767302874,0.6862598312267009,5088.834188034188
nonaquatic,174370,310737,0.3471873576097107,0.3860716014652014,0.6116434126984118,3340.6
nonaquatic,174387,312509,0.658541233299738,0.6494760481797115,0.7891586476758845,6548.339285714285
nonaquatic,174425,312648,0.3380246732026144,0.410254347985348,0.41519652777777766,4085.208333333333
nonaquatic,174573,309664,0.2802330905695612,0.2769390183150183,0.35414512471655285,2956.5333333333333
nonaquatic,174671,309575,0.3810361449112979,0.4561288002930403,0.5068971791383214,2812.250666666667
nonaquatic,174704,311449,0.5636124708216621,0.4893093204295704,0.680578840702947,3978.375
nonaquatic,174771,311986,0.3243639646334725,0.3913387560738581,0.3920158961543799,3811.3214285714284
nonaquatic,175114,309607,0.3993063221294356,0.3770299058569501,1.0287568644634695,3854.4736752136755
nonaquatic,175118,312203,0.3960588231952711,0.3792127945504787,0.4326719307583812,3404.8569800569794
nonaquatic,175138,309204,0.4514248675799811,0.47631045379854675,0.5551711742298754,3576.125421245421
nonaquatic,175141,309136,0.5766529389173104,0.6277371809114626,3.247082153035516,5612.2283272283285
nonaquatic,175221,311515,0.5215901143863841,0.6014636217466744,0.7242773590813533,4133.57094017094
nonaquatic,175437,311563,0.9910091960666756,1.1619318032896213,1.1165247155069171,9321.682844932844
nonaquatic,175583,313204,0.6372575396166849,0.6337225148255256,5.129194738488749,4904.694188034187
nonaquatic,175649,312424,1.205925587704667,0.8541315111619212,1.1868116818308518,13626.27770940171
nonaquatic,175705,311167,1.05402777778751,1.362110943769681,1.2836273895839059,8946.150142450142
nonaquatic,175798,311450,0.5357482640853577,0.43643209716774445,0.5848932802599403,3118.728917378917
nonaquatic,175843,311667,0.5164165061876324,0.42918458026184336,0.49597386783156244,5042.109401709402
nonaquatic,175858,311148,0.7541656435907701,0.7446793919413921,1.0203962688105532,13225.322222222221
nonaquatic,175859,311120,0.4382128104575164,0.508941148984349,0.6750756689342393,3515.586666666666
nonaquatic,175866,313183,0.6700708179271712,0.7218597688644691,4.632530510204081,5553.969999999999
nonaquatic,175869,313088,0.9652868105842431,0.7410328891459418,7.116278317870665,7155.0876068376065
nonaquatic,175951,311708,0.4626952685836243,0.4835480660835762,0.6785573834976161,4411.952380952381
nonaquatic,175952,309492,0.4180988394534958,0.42622958610124206,0.5964568443127529,12781.517735042735
nonaquatic,175956,311543,0.465209503386512,0.479912343831607,1.1390293950424466,3777.709401709402
nonaquatic,175972,311755,1.8412504126984126,1.615940584482185,1.4992028009688714,33900.05666666667
nonaquatic,175983,310346,0.4696357543017209,0.49644000000000005,1.2063280612244889,3788.5333333333333
nonaquatic,175994,314296,0.5293213486839183,0.5591154496406767,1.3570988459939521,8595.585
nonaquatic,175996,310268,0.6417303828197947,0.5225045421245422,0.7251706916099765,4312.333333333333
nonaquatic,175997,312450,0.8628139989329068,0.9523273160173163,0.9184903968253961,9602.26
nonaquatic,176001,311255,0.4052078572280486,0.38677974151725464,0.5049181434963738,3197.4344017094018
nonaquatic,176130,314021,0.6649159663865547,1.0631688311688317,1.2599808673469373,5975
nonaquatic,176139,314129,0.623939869281046,0.5113494505494506,0.772827777777777,15156.199999999999
nonaquatic,176148,309854,0.39276447912498347,0.5070440293040295,0.5494643965161816,3835.7333333333336
nonaquatic,176193,314165,0.681677022875817,0.5985039789743589,3.078734716463099,5839.985
nonaquatic,176242,310899,0.5281573319327731,0.5601876177045177,0.6474319274376408,4123.366666666667
nonaquatic,176391,312038,1.0496028571428573,0.93664410955711,1.1886005952380942,12008.499999999998
nonaquatic,176461,309935,0.5232595208127029,0.5288172040170357,0.6945684670876491,4090.827564102564
nonaquatic,176505,314080,1.3002137121515274,1.1004042859236003,1.1235148752834463,26943.993333333332
nonaquatic,176506,313424,0.942649845284945,0.7684535942609774,7.20677370741257,25534.608
nonaquatic,176516,313705,0.7570889969321065,0.7734149599733601,0.8093805545248393,13138.976666666666
nonaquatic,176606,309855,0.5030911443744166,0.47408975338827847,0.3954525488301379,18777.0875
nonaquatic,176674,311534,0.8572614939367454,0.8627531551395972,1.1260654700315216,7000.686752136752
nonaquatic,176691,311865,0.6152494164405392,0.6186274074609603,0.7516605790360021,5457.8376068376065
nonaquatic,176700,311399,0.5512325665302604,0.5251560990851253,0.6842994079987259,4203.768803418803
nonaquatic,176833,312308,0.8331043113912234,0.6359988721611722,1.0435585054627905,21343.75
nonaquatic,177095,314022,0.4952396091459332,0.8640000000000003,0.9932612361183775,44600
nonaquatic,177142,309978,0.5098714441332088,0.44658991489991495,0.6028674225245649,4561.185185185185
nonaquatic,177153,309936,0.48853175651875097,0.6980400732811051,0.5511682999336553,4326.94423076923
nonaquatic,177164,311725,0.44675606877671736,0.43799830654606164,0.6530304113255274,4531.898412698412
nonaquatic,177232,309796,0.549617970521542,0.529095457875458,0.463841457946815,4600.9833333333345
nonaquatic,177301,313664,0.7691804353976908,0.571793700356786,0.7285668982213863,24688.93666666667
nonaquatic,177312,312818,0.5424134453781515,0.437336761904762,2.8456345578231286,13095.116666666667
nonaquatic,177355,314199,0.8506570517881037,1.419428571428572,1.6695569509855201,9620
nonaquatic,177678,311021,0.43999292707204124,0.4932082655901922,0.6141073547465375,3727.9523809523803
nonaquatic,177726,313318,0.47518050486861424,0.5069759770102914,0.7153217470624602,4063.033333333333
nonaquatic,177758,313371,0.3542448522216802,0.3757158958522958,0.49703109356105313,3375.4396296296304
nonaquatic,177797,313801,0.6587436500320939,0.6158664984803891,1.904375635635286,5500.68441025641
nonaquatic,177842,310574,0.35169730003112365,0.298336463980464,1.4816536985501267,2987.7222222222226
nonaquatic,177967,313862,1.0332477581508797,0.8500043191889062,5.584211788136464,14196.875952380951
nonaquatic,178294,311777,0.7341970249876061,0.6174582274918065,0.8106892000835845,9567.698076923076
nonaquatic,178301,314329,0.4194345604908631,0.38567415007849293,0.3693311920958855,4663.100952380952
nonaquatic,178323,312682,0.43878220121381895,0.3411033095238096,0.5403264095031948,8485.5
nonaquatic,178347,312933,0.5409681062901351,0.46990237849293587,3.0563066680839,5286.02511904762
nonaquatic,178509,310486,0.5250161297852477,0.493275934065934,1.4759782879818584,3788.2
nonaquatic,178582,312873,0.5183962385002643,0.515492630614999,2.6654004861751726,4288.497293447293
nonaquatic,178593,309314,1.081519504627248,1.0530489634220654,1.4384972642571745,14052.360317460316
nonaquatic,178872,310406,0.6832249568354477,0.5612935845107275,0.8724494539449501,6048.833333333334
nonaquatic,178981,309444,0.5844564997665735,0.6339856181318683,0.6686541099773237,4688.566666666667
nonaquatic,179148,313613,0.8514457483931456,0.6532078415484516,0.8512736769804263,15095.321666666667
nonaquatic,179154,313733,0.41088471555393064,0.4561325582087087,0.686745899045959,3649.3910866910865
nonaquatic,179300,314149,0.7786619575993265,0.7829952225159927,0.894897734577928,7227.97705128205
nonaquatic,179323,309100,2.3134422187274883,1.1983066512741114,1.3885907931491819,36998.56789488289
nonaquatic,179354,311598,0.646118996073882,0.5280348262784834,0.6697236963542548,13076.057777777776
nonaquatic,179367,310407,0.641509582944289,0.5326415614163614,0.8704767455507451,4828.1466666666665
nonaquatic,179369,311177,0.8477248988484285,0.7578234305250307,2.983143994708994,7593.6822222222245
nonaquatic,179471,312277,0.6033120125915266,0.6470577288599835,0.8340527177805426,5641.9880952380945
nonaquatic,179479,312039,0.6082022253345785,0.5613803745143746,0.8604240551776258,12220.833333333334
nonaquatic,179482,309559,0.7498758510050473,0.8557551880137408,0.9683735587150527,7097.57094017094
nonaquatic,179540,311313,0.5966427916172912,0.6696410990223768,0.6031814390804833,14377.766049382715
nonaquatic,179564,314150,0.6383074203063813,0.6519120290437633,0.8157999912995969,5450.467307692307
nonaquatic,179724,313174,0.3458322662815127,0.3614567855769231,5.011155019132652,3201.08125
nonaquatic,179751,312373,0.5406799669867949,0.6793431211407644,0.8155474489795914,14371.466666666667
nonaquatic,179757,313235,0.7326877042556652,0.7155000951898979,3.152067658117634,5292.85844017094
nonaquatic,179841,313175,0.3958644024276377,0.33326633932733934,4.176138788394145,3109.0416666666665
nonaquatic,179879,309826,0.46616402750171354,0.3901320269526393,0.4661423940760671,6198.834013605443
nonaquatic,179935,311830,0.6950212636726778,0.6585760123385387,0.8076476855478968,5435.268803418804
nonaquatic,180083,312046,0.4696555987402259,0.43229297169847697,0.5678066333004251,3917.1637606837603
nonaquatic,180119,312086,0.4458323175838963,0.5296011602564105,0.5566482466796236,3566.241666666667
nonaquatic,180224,309865,0.29070522875817006,0.25288520146520144,0.3724263811585237,2946.7499999999995
nonaquatic,180260,313656,0.71706167793915,0.6126902693084696,0.7686915664418722,13699.977777777776
nonaquatic,180476,309445,0.8310069685690968,1.1483375970438923,0.8659650563626624,6852.01339031339
nonaquatic,180612,311668,0.5530710038850407,0.5980904231595472,0.7131620104418975,3948.647130647131
nonaquatic,180709,313981,1.2958843808056522,1.3258861714839365,1.0788984033481694,13340.318059163057
nonaquatic,180841,312212,0.5168408730158733,0.5113948717948718,0.6867814484126977,4672.541666666667
nonaquatic,180927,311246,0.4549567206901906,0.4687700139976983,0.5533622676921703,6473.673646723646
nonaquatic,180963,309998,0.47806524136470846,0.49621686313686325,0.6958146129766376,4613.166666666667
nonaquatic,180971,312502,0.8353730574859527,0.866870515895967,1.0313585301077488,7463.0723646723645
nonaquatic,181068,312599,0.48274838468720827,0.4030828952380954,0.37334600907029475,4345.2
nonaquatic,181077,309999,0.4596349483095513,0.3583732637362639,0.46626655728530697,3480.8250000000003
nonaquatic,181125,309950,0.5322326144743611,0.4294098303057487,0.6651889412397604,5490.984523809523
nonaquatic,181353,312077,0.5879719146339796,0.6240414997339505,0.7416071230222069,4995.625521367521
nonaquatic,181560,309653,0.5120632213905206,0.5191228827838826,0.9322724845202885,4969.683333333333
nonaquatic,181693,313214,0.7725292737005207,0.6922670885868517,12.351041123849495,6858.134401709402
nonaquatic,181908,310910,0.48351096293213564,0.5287392901434497,0.6246477458144726,3934.2225071225075
nonaquatic,181924,314322,1.1949526722689072,1.035143773772894,2.5072499863945583,12184.533333333335
nonaquatic,182025,312140,1.186354140506367,1.4452235831627764,0.8770295103391688,7884.298433048433
nonaquatic,182217,312296,0.5938044423621023,0.5039431764989397,0.6606508448723786,4203.688568376068
nonaquatic,182235,309676,0.8612565110488642,0.5957563609279611,4.756304787500858,14790.283333333333
nonaquatic,182308,312363,0.582395209064018,0.6469518367346939,0.5903021056041461,19374.866666666665
nonaquatic,182508,310027,0.5654091278418887,0.5619215824175824,0.6724367166115421,5246.233333333333
nonaquatic,182605,311693,0.240434259418053,0.23445776967930035,0.32907836578508937,2680.8214285714284
nonaquatic,182641,312934,0.3788613183940243,0.2651500688644689,2.834248514739229,2400.0133333333333
nonaquatic,182768,313454,0.6065953062891826,0.6121399964979466,0.771632977607709,12351.055555555555
nonaquatic,182773,314100,1.5608098268778492,1.0747526913553116,1.137400996756455,9862.359833333334
nonaquatic,182782,313918,0.5483899730700137,0.5478858482051282,0.6884930377165873,4565.758
nonaquatic,182870,312059,0.30094907906019547,0.4208165093219706,0.2870230921143965,3564.06619047619
nonaquatic,182910,312278,0.5453361797412765,0.4750020149433899,0.7103343674937033,4985.645833333333
nonaquatic,182948,312791,0.43213109150502005,0.4231222289261616,2.4429715230956246,3292.6543589743587
nonaquatic,183141,310728,0.5653858823558608,0.6097597600539812,0.5907664883655859,5165.896153846153
nonaquatic,183235,310122,0.34993671087260686,0.3572622517006802,0.4960905612452546,3032.2142857142862
nonaquatic,183249,310057,0.4309167833800189,0.4339429304029304,0.637803302154194,13255.775
nonaquatic,183265,312259,0.7689374123689331,0.8479624527921062,0.41827486918214885,5091.744642857143
nonaquatic,183313,310366,0.3409504812480549,0.3547613071428571,1.3453174499244138,2817.3361111111103
nonaquatic,183509,313621,0.7393703359018302,0.6065882486668596,0.77961641928559,4556.8079700854705
nonaquatic,183592,313176,0.561323930322129,0.559683703021978,5.252603660714284,4853.9625
nonaquatic,183605,311875,0.409237186012322,0.42773832537421425,0.5069752683137781,3406.913580246914
nonaquatic,183710,313812,0.7864672521008407,0.7048900333222335,0.6814074433106567,19834.363333333335
nonaquatic,183736,311022,0.7483352127746773,0.7765134735057426,6.227220464208989,7651.861923076923
nonaquatic,183871,312988,0.4281826563958917,0.418845780952381,0.48295839852607647,3195.975
nonaquatic,183943,309178,1.0795681450357921,0.8902211501831503,1.131788510959939,10116.666666666666
nonaquatic,183986,313982,0.4798143390699342,0.4650751151339888,0.5899416731987531,3727.4794586894586
nonaquatic,183999,314229,0.7413592305255435,0.7360969259462762,0.9208867890641098,5973.197222222222
nonaquatic,184021,314081,0.7903645746965453,0.7134801873260077,0.8285142732426299,5884.388666666667
nonaquatic,184045,311812,0.5006166840053827,0.6062981834831835,0.5201121122594333,8611.416666666666
nonaquatic,184057,313676,0.8902812096110675,0.423135250463822,0.471755301781921,5160
nonaquatic,184131,311959,0.2929353990213277,0.2720227794457005,0.3477786617261669,2762.7920227920226
nonaquatic,184176,313871,0.7412308291533669,0.7031431502941505,0.9226321576456661,6252.500000000003
nonaquatic,184239,310016,0.6613425828664798,0.45893217490842503,0.7085191545557612,19287.6
nonaquatic,184304,309343,0.38347051820728295,0.27171986813186816,1.8806954931972786,3227.9166666666665
nonaquatic,184316,310760,0.3944713818860879,0.4295559311355312,0.45385041950113325,3886.4444444444443
nonaquatic,184322,312529,0.848826756237948,0.7430481991341993,1.1267512494916694,11609.766666666666
nonaquatic,184435,309586,0.6814326050554743,0.7908328162670664,2.418411171233503,5752.575000000001
nonaquatic,184593,312702,0.511418779178338,0.560004481684982,0.605985359977324,5230.958333333333
nonaquatic,184963,312155,0.8704836093754371,0.7759484127942234,0.7992146267618536,7298.970854700854
nonaquatic,185153,311876,0.4254905550380989,0.4801874706824041,0.5570895033918946,3813.368148148148
nonaquatic,185180,313089,0.6624435185185186,0.5969287020757021,4.762054383975812,5394.0888888888885
nonaquatic,185232,310397,0.4120748732847321,0.4287377506403372,1.0580546768797974,3365.577411477411
nonaquatic,185386,313614,0.7269083304701701,0.6235998299319728,0.8833700025532317,15429.5
nonaquatic,185583,313665,1.0416315428119842,0.4224060429366553,0.5788184154146253,27191.428571428572
nonaquatic,185867,310102,0.40256743604108325,0.4080639882783883,1.5081875577200567,3404.3166666666666
nonaquatic,185888,309759,0.4625801731270036,0.5087154889657668,0.5501651245088115,6665.277160493826
nonaquatic,186155,309260,0.5471532310241902,0.6032442546358403,0.6989962704226984,4415.663333333334
nonaquatic,186759,309924,0.3868814962651728,0.5782415703296704,0.4299641161616156,2846.683333333333
nonaquatic,186819,313090,0.48543553721225147,0.4096041640600718,4.023227473734859,4582.233734519446
nonaquatic,186910,312729,0.5867206358154748,0.5575462102382641,1.3556077066486045,10558.72036019536
nonaquatic,187393,313792,0.8720059640522877,0.7625834512820513,2.099630422786538,11033.146666666666
nonaquatic,187401,312459,0.3403234068627452,0.2964229642857143,0.36070153061224464,3952.175
nonaquatic,187411,314218,0.5820741380751925,0.4415750132655001,1.8365972204160723,4426.669074074074
nonaquatic,187416,313140,0.6586193269530036,0.604841088766789,4.603346018518518,4973.6833333333325
nonaquatic,187587,311877,0.6830723730617283,0.701511851829574,0.915883785224266,6351.531418803418
nonaquatic,187629,310426,0.5852650513538753,0.6192666520146518,1.789476289682538,4422.675
nonaquatic,187676,311786,1.0611642404295054,1.252347497435898,1.123810826247165,8578.275833333333
nonaquatic,187677,311460,0.7537155637448779,1.0917748299319732,1.3592728975648216,6180
nonaquatic,187936,310347,0.2817651505046465,0.29201460317460326,0.4462484882842021,2603.5
nonaquatic,187968,314137,0.44392896110825303,0.4297484280481424,0.6059858276643985,4025.9190476190483
nonaquatic,187991,310367,0.4555179738562094,0.4641845714285714,1.548896882086167,3765.2333333333327
nonaquatic,188037,311960,0.5299182228495596,0.5291514866478552,0.7062396396143261,4782.00284900285
nonaquatic,188136,310505,0.47169959850606924,0.42010202863802876,2.4724016718202426,3906.7066666666665
nonaquatic,188216,314208,0.5245608294167342,0.533575706261992,0.7647235892697619,8257.66111111111
nonaquatic,188285,312172,0.826696811777664,0.9440059939896839,1.0046743604935804,18802.93507936508
nonaquatic,188567,312575,0.47735103666831574,0.589149164811066,0.6519063170123315,8864.67297008547
nonaquatic,188657,312740,1.7221603776367693,1.8973298934157914,8.222844269412155,13228.544507936509
nonaquatic,188726,313027,0.35175237220070443,0.3451398889531521,3.2330789769585473,3053.396901709402
nonaquatic,188810,312853,0.5258602287581701,0.4821384304029305,2.11635388193156,9002.666666666666
nonaquatic,188814,313720,0.7658191034127874,0.6614766904499011,0.7920450979127556,14391.944202279201
nonaquatic,188832,312125,0.5102166161530527,0.6670582899076234,0.6064394198570896,8380.481481481482
nonaquatic,188851,314304,0.9950222402006558,0.9322981802197805,8.387797521595937,16521.44111111111
nonaquatic,189081,311550,0.2976314192367934,0.340993129715314,0.41625073911933225,3127.7680911680914
nonaquatic,189152,312935,0.5741815339278569,0.45407596200941946,2.9403112202380943,5331.93261904762
nonaquatic,189197,312854,0.45717549053002965,0.41182537688727316,8.172432475315992,4177.23894993895
nonaquatic,189858,313301,0.7255631088150923,0.9289990576601177,0.8403555426610423,17238.78111111111
nonaquatic,189957,310408,0.6861359344849052,0.610232800854701,3.7958852131862844,6536.028888888889
nonaquatic,189980,312576,0.5919509593855786,0.5766211476527858,0.7365062728769136,4622.030235042735
nonaquatic,190003,313514,0.7495824795518207,0.5902394076110556,0.7593074719851571,12198.286
nonaquatic,190028,312936,0.6324093844291939,0.49585396974854723,4.292998420466786,6140.502905982908
nonaquatic,190247,312627,0.2659488795518208,0.2809088888888888,0.3475650793650789,14936.744444444445
nonaquatic,190465,312655,0.4526763538748834,0.40193352380952374,0.5527243764172329,4521.5
nonaquatic,190497,309836,0.6295987908481085,0.5700475368535052,0.6170414697531248,11309.253086419754
nonaquatic,190498,312194,0.39859492685963294,0.2975866666666666,0.4819152305366584,15762.577777777778
nonaquatic,190583,314187,0.7993325216563009,0.5482813675681044,0.879379452494914,5913.950142450142
nonaquatic,190671,312914,0.3699196078431375,0.3602498589410589,1.1254308503401356,2971.0166666666664
nonaquatic,190779,313017,0.7447937966871655,0.616400362687751,3.366169446707052,5380.305235042735
nonaquatic,190794,311574,1.0070143924132795,1.2495061852433282,3.0341974339593385,21984.11111111111
nonaquatic,190849,311138,0.3748412426105875,0.31921196426964843,4.004076551666572,2948.668091168091
nonaquatic,190986,313067,0.617224229696743,0.5531023361095047,3.694345820642293,5449.127293447292
nonaquatic,191143,313057,0.3999511634638327,0.3536526644022644,1.5182201848217916,8064.941666666666
nonaquatic,191225,313872,0.7804270344362099,0.6857920638642895,0.9144672929220261,6369.947293447293
nonaquatic,191229,314269,1.1161521778711485,0.9022126076923078,1.1748080272108836,26420.683333333334
nonaquatic,191238,310219,0.3435875907029479,0.37112773626373624,0.5435989229024936,5019.266666666666
nonaquatic,191339,310537,0.9254436925881465,0.4613188341182627,2.8506419123204827,17271.577777777777
nonaquatic,191445,310220,0.39047192610377496,0.4168220268620269,0.47042233560090657,9700.011111111113
nonaquatic,191954,311410,0.6517682166199814,0.5763661325341325,0.8838033730158719,4821.016666666666
nonaquatic,192030,313058,0.42276520485816815,0.36303581112221117,2.316826657799872,3288.666666666667
nonaquatic,192163,313193,0.5429838550456666,0.4758254042799306,5.300785319408743,4423.31047008547
nonaquatic,192430,312855,0.465759993665592,0.33183458588779646,1.4609897065101478,6872.640854700854
nonaquatic,192449,313372,0.6622110138479421,0.5639730055658627,0.8321091125838234,23074
nonaquatic,192537,314166,0.6514896567254354,0.4692584704468864,3.776356270966221,4880.842666666666
nonaquatic,192543,313573,0.7682450814165108,0.7173655827017688,0.8566713601624061,8852.307977207976
nonaquatic,192574,311264,0.5930586134482979,0.49344762452284563,0.6309648448900137,4039.8283760683757
nonaquatic,192576,310466,0.6366434315579174,0.4304602088095239,1.6508710052235172,12880.063833333334
nonaquatic,192781,311284,0.8507044396412811,1.3738095291375292,0.9023277510320356,6929.0999999999995
nonaquatic,192889,309253,0.3158120394669983,0.37767693632509775,0.49295528179975523,3166.3261369399825
nonaquatic,192974,310398,0.5989528820514378,0.5782164773472142,0.7783232787476521,4894.127920227919
nonaquatic,193011,313515,0.8915815352479677,0.6867360960620665,0.9859043273145599,18168.770313390312
nonaquatic,193068,313461,0.44849862177983746,0.6104060804907373,0.5095623349895922,3334.5413675213667
nonaquatic,193377,311079,0.3572416015101893,0.33696369703985246,0.4348221941994346,3230.678376068376
nonaquatic,193455,313919,0.662360760961466,0.5455944827734622,0.7309042207468032,4677.729100529101
nonaquatic,193498,310355,0.4714062198938407,0.4477818388278388,2.3339385570383393,13544.058333333334
nonaquatic,193815,312586,0.8724807033973344,0.73764658735667,1.0989780050716198,7014.358404558405
nonaquatic,193877,313262,0.7935413716421224,0.6399364346087248,0.9113620149999235,18837.50833333333
nonaquatic,193924,309961,0.5093464735060693,0.5056333581501832,0.7800777621882078,21599.754166666666
nonaquatic,194175,312133,0.44598884278608963,0.44624624709465965,0.6045128384761833,3445.6030769230765
nonaquatic,194199,310289,0.26717958294428884,0.2172926984126985,0.30293068783068755,2938.0666666666666
nonaquatic,194681,309616,1.0864944117181754,0.7771132653061228,1.6169510768734372,8265
nonaquatic,194859,312587,0.7979796189456179,0.8366031984999129,1.1320988905085838,7593.955555555554
nonaquatic,194871,311941,0.5289869614512471,0.6651933333333334,0.5747324263038546,4888.5
nonaquatic,194883,314122,0.7528906206906502,0.7625160644688647,0.7757100859810374,12208.422222222225
nonaquatic,194951,312173,0.6059876393223959,0.6854707340659343,0.6678520734126977,13632.215833333334
nonaquatic,194958,314178,0.6872847708075479,0.5131865838827839,0.5752589961056879,10009.453333333335
nonaquatic,195323,313483,0.8783296245444409,0.6923054909604099,0.8953403248051286,14036.486462585031
nonaquatic,195415,313545,0.6612473151260506,0.6727590823962705,0.8373061714285704,5143.744666666667
nonaquatic,195610,309433,0.5762787459031232,0.45644588973611433,0.5561363158868987,5347.823809523809
nonaquatic,195647,310927,0.4994931346597469,0.4501482688644688,0.5966967326722289,13550.416666666666
nonaquatic,195712,311155,0.35987942296918773,0.2890415413919414,0.5259952040816321,2748.94
nonaquatic,195719,313329,0.6381460924968282,0.6770423698806457,0.7413006932205201,14185.381709401709
nonaquatic,196415,309434,0.8770378378768942,0.859692613482293,0.8231316564253078,12299.417612942612
nonaquatic,196440,312730,1.0270555426026997,0.94845644030723,4.582395387643889,14695.162438095238
nonaquatic,196454,309344,0.82335231870526,0.8397666031746035,3.1747081357795626,18665.933333333334
nonaquatic,196635,311839,0.30327263572095514,0.32966882993197283,0.4235798266925814,2558.7523809523805
nonaquatic,196923,312047,0.32437647827109145,0.32338048487315163,0.4556927095206988,3694.2435185185186
nonaquatic,197019,310313,0.4812097003582172,0.46385847494815596,2.499057049252097,4615.254232804233
nonaquatic,197060,311109,0.3695887332710863,0.3316021978021978,0.46036073318216103,2836
nonaquatic,197072,310946,0.3329902793339558,0.3501182184371185,0.4509424697656839,3911.894444444445
nonaquatic,197141,312460,0.18951440242763776,0.17283244761904765,0.2784607287157286,2508.8999999999996
nonaquatic,197681,314101,1.595251460125007,1.8064707374847382,2.1688898629143583,11662.632444444445
nonaquatic,198024,310034,0.7653010450741146,0.8216801634712985,0.8978501215285801,6084.618095238094
nonaquatic,198121,312469,0.5829042333600106,0.5458820845820848,0.6831214569160996,9448.416666666668
nonaquatic,198154,312113,0.8619497665732961,0.6971599467199469,2.891657879818593,19564.777777777777
nonaquatic,198155,312884,0.5962182819794586,0.4941663931623932,0.7897339182642746,10664.83888888889
nonaquatic,198192,309261,1.1604992970807813,1.1994412360855047,1.335264975970015,9954.443264143263
nonaquatic,198494,310240,1.1541511227897456,1.2516994679005207,1.7213288896935968,9286.72094017094
nonaquatic,198502,312998,0.4798356644880175,0.4749789743589744,4.710518858654572,3593.222222222222
nonaquatic,198861,310479,0.313089280462185,0.30572947225274727,1.9535275977891149,3000.3791666666666
nonaquatic,198908,310290,0.3227544351073764,0.3254940136054423,0.47392974570780644,2789
nonaquatic,199012,313039,0.3867890021030351,0.37806484850188155,1.1193608252244454,2899.176809116809
nonaquatic,199171,311676,0.3955714659197013,0.37275063736263747,0.5316482709750558,2946.2999999999997
nonaquatic,199416,309866,0.2905101073762839,0.24563304029304028,0.37942728303442536,2344.75
nonaquatic,199443,314330,0.4986313605089416,0.5571845155362481,0.6944912232086051,6522.49449002849
nonaquatic,199481,310035,0.8356496746031745,0.7827134807281155,0.9059870659216063,6620.056666666669
nonaquatic,199492,310496,0.38334523017453653,0.35214569656322914,0.5440697432082604,3086.0630734345023
nonaquatic,199513,313696,0.5865574618596034,0.4798798324287957,0.6477964415856245,4096.989523809524
nonaquatic,199526,311930,0.2571157796451915,0.24383809523809524,0.3329927437641719,2632.7
nonaquatic,199544,310800,0.514665254215591,0.4804864260972946,0.704103200480268,4484.830626780627
nonaquatic,199604,313711,0.6395765981623097,0.5703835532947628,0.7462671479379094,14463.569818376069
nonaquatic,199613,310992,0.8576003478057891,1.0149875678321676,3.566796303854874,7120.216666666666
nonaquatic,199644,312364,0.41981774042950526,0.37674780952380943,0.5515459905174185,7526.799999999999
nonaquatic,199647,310399,0.4570688702147528,0.4985412210012211,1.755111242527313,4142.927777777778
nonaquatic,199648,313840,0.9041837651727359,0.9556659378021979,0.9879369433106568,6779.6466666666665
nonaquatic,199666,313983,0.7640526357209554,0.7871848491889064,1.0995589058956905,5646.216666666667
nonaquatic,199671,309295,1.0005419386270247,0.885382753334385,0.9999193330775341,7986.602350427351
nonaquatic,199764,312856,0.6541366508054217,0.6700845461205458,1.2331300194054766,14325.466666666667
nonaquatic,199999,311987,0.31680903154912765,0.4193374862325884,0.25080181830101644,4154.738095238095
nonaquatic,200074,314087,1.2658280975135157,1.0862018804814233,1.4304074279235486,10672.973333333333
nonaquatic,200111,311110,0.4085249112978527,0.39422415118215104,0.5782093253968246,3211.7999999999997
nonaquatic,200117,314002,0.6530931926770709,0.7220041780219781,0.5973101573129245,9349.525833333333
nonaquatic,200353,313068,0.6272870174284512,0.5349919356134973,3.7375467743361397,4853.945075295075
nonaquatic,200462,311718,0.5849181512605042,0.4730687032967033,0.6611221938775506,13922.05
nonaquatic,200554,309765,0.34776952147525686,0.3326066016483516,0.33955910862451016,3282.3687499999996
nonaquatic,200600,310595,0.6622697438975593,0.7386928879120879,0.8193012090290652,6065.113333333333
nonaquatic,200610,311922,0.5468782708321427,0.6717950835762878,0.7248139843352305,25147.88095238095
nonaquatic,200723,312030,0.4711520191409898,0.3605580952380953,0.6176970804988661,4276.65
nonaquatic,200724,309914,0.3131641923436041,0.26797995311355316,0.25206114151721276,3481.3433333333337
nonaquatic,200777,311507,0.5701555455515541,0.5188378246991103,0.7824728458049882,4269.3166666666675
nonaquatic,200827,310111,0.26794472408963604,0.28455193238095233,1.050061636054421,2394.2433333333333
nonaquatic,201007,309925,0.4445701525054466,0.38721123321123324,0.38905579090221915,3709.3999999999987
nonaquatic,201031,313278,1.0078316386554624,0.8723123210256413,1.151020516311068,6407.935
nonaquatic,201188,313761,0.5549389312423063,0.5171333054791699,0.712350999208102,4499.077371794872
nonaquatic,201270,312470,0.7466496265172736,0.5571218008658011,0.5687268990929701,9372.8
nonaquatic,201473,313508,0.9918985893355622,0.9326627087198519,1.1416557228674573,26740
nonaquatic,201606,310162,0.4335492685963277,0.42114833699633697,0.8072423228887505,3392.1333333333337
nonaquatic,201654,312374,0.9151348272642392,0.825990868131868,1.2086563492063478,17959.5
nonaquatic,201796,312180,1.0076672090039713,1.0859259781769022,0.9780083609400655,6343.212725546059
nonaquatic,201823,310644,0.3058006922748395,0.30291379731379725,0.49429271808438396,2470.388888888889
nonaquatic,201833,311988,0.3479307114909457,0.5606803488824101,0.4806452141854471,4667.365079365079
nonaquatic,201914,311813,0.7010790813983911,0.8847266775563619,0.7432164101680468,18162.034757834757
nonaquatic,201923,313780,0.4942583573019313,0.48460018674862565,0.6544131539003429,3882.0261904761905
nonaquatic,202003,313524,0.6614123451761658,0.5953857582533113,0.7465606752973291,19549.373809523808
nonaquatic,202173,311467,0.4639009371314368,0.4413434903192046,2.2666182413284894,11485.8
nonaquatic,202231,309327,0.822367203548086,0.9172014981684984,0.977581746031746,9170.833333333334
nonaquatic,202284,314060,0.99190988188850715,0.9661265759445234,3.0739172452201005,6682.7955840455825
nonaquatic,202384,309915,0.3590363464909776,0.39644275503476123,0.449121040075894,3424.471428571428
nonaquatic,202426,314072,0.30031522222222234,0.24633549045177047,0.3587643503401355,3769.117777777777
nonaquatic,202470,310738,0.5124034460480045,0.4981537141094494,0.693524061546373,3575.115042735043
nonaquatic,202541,309760,0.93332786936997,0.8140720781440782,1.2370039931629209,14808.472222222224
nonaquatic,202683,314151,0.8668437164874175,0.7931557324542124,1.134432819049035,7859.714999999999
nonaquatic,202687,312031,0.6255879240585126,0.5400307647907647,0.8907694822373389,5864.7
nonaquatic,202714,313562,0.6151227631497045,0.5763232513619714,0.8294855665154945,17875.202222222222
nonaquatic,202740,312352,0.4686192480145957,0.4284810481672523,0.5126583066894407,10688.948412698413
nonaquatic,202800,312092,0.8186286931439244,1.0492607142857144,0.9611626558956909,15839.833333333332
nonaquatic,202822,313848,0.47165802487661745,0.5184844526029527,0.6263930924036277,4103.063888888889
nonaquatic,202958,311088,0.46225256742989057,0.4547946537431492,0.5545525529295933,3463.361042735043
nonaquatic,203009,313622,0.7974592670401496,0.7462729710955711,0.9566301343795083,5342.226666666667
nonaquatic,203129,312317,0.8606378429097655,1.0893518192918197,0.9388396939260027,13672.972222222224
nonaquatic,203247,310703,0.29460223572971,0.3010275886047536,0.4731103002785073,2498.8500305250295
nonaquatic,203257,310446,0.703188163398693,0.8301137296703298,5.601660261930528,4918.8975
nonaquatic,203384,314297,0.4740818132753103,0.525139403137101,0.758235124149659,7255.781666666667
nonaquatic,203385,310519,0.6414440242792969,0.6330955292847505,3.0303686108661,10185.793376068375
nonaquatic,203607,313236,0.5527217338602108,0.5215283086080588,3.4213179067460313,4544.945833333333
nonaquatic,203783,309751,0.5530065746933696,0.5892367859260922,0.6172080601061286,5429.954761904762
nonaquatic,203888,311866,0.5958973231032042,0.4529576574609602,0.5622132576074308,4185.7126068376065
nonaquatic,203946,313891,0.5652696057950041,0.5443681471725644,0.6907181463515228,4840.265719373219
nonaquatic,203979,313551,0.6534553047741304,0.6435675543789546,0.664390778384887,5389.685
nonaquatic,204175,312288,0.5599069628869484,0.4499215685980687,0.5410243493279203,4736.81111111111
nonaquatic,204187,312318,0.7959682150586249,0.8119751843711847,0.9355336168284972,12850.261111111111
nonaquatic,204205,309455,0.7771690476190478,0.6726242490842492,0.8027335703978554,4607.033333333334
nonaquatic,204220,313360,0.6294265818327333,0.5173506515410516,1.160088764172335,10929.132592592592
nonaquatic,204235,312976,1.0126746011306509,0.7142903484848487,8.666574630647688,8223.650000000001
nonaquatic,204311,311149,0.6711093253968258,0.5564747912087914,0.6662211167800443,4439.866666666667
nonaquatic,204314,312665,0.30645733105924783,0.27633041573886635,0.42178387704358056,2503.240651709402
nonaquatic,204353,311247,0.36989076097397483,0.3190511629843841,0.36979263297494497,6633.015042735043
nonaquatic,204408,312713,0.7435548226054371,0.6400812082385452,0.856618027596687,7252.7101424501425
nonaquatic,204460,314088,0.5830702707749769,0.6087594124542125,0.8027889285714278,4676.963333333333
nonaquatic,204488,311353,0.6949547930283227,0.6784222222222224,0.8306173091458798,5662.4333333333325
nonaquatic,204632,314277,0.357536986384367,0.3721688883028082,0.4581162353249077,2953.8122079772083
nonaquatic,204693,313971,0.4314917851307192,0.4214946506410256,0.6590318523242622,3510.6625
nonaquatic,204694,312638,0.6656638235294118,0.5665567813919414,0.5759302176870745,5233.636
nonaquatic,204765,310538,0.6007770308123251,0.6348979282051282,2.144281891156462,4955.04
nonaquatic,204766,312731,0.4053418187274912,0.45397336190476195,0.5321001700680268,11226.726666666666
nonaquatic,204804,312666,0.4004970290616249,0.4496758804945056,0.6463621173469382,3818.641666666667
nonaquatic,205078,311694,0.715676028379606,1.1278159445814957,0.6988742368149067,5155.8079365079375
nonaquatic,205085,313721,0.80083056452348,0.6400147041491842,0.88806097729453,5603.29
nonaquatic,205135,309127,0.45798483114002136,0.39779464247844903,0.568106539249764,3204.343172568173
nonaquatic,205150,311551,0.4377445903397841,0.50239218523231155,0.5137279879306992,3817.8038034188035
nonaquatic,205155,310966,0.4901288393448182,0.4384151800104658,0.6472484613081546,4440.4047619047615
nonaquatic,205185,314298,0.8337336336440873,0.8405015095671872,1.164207516394278,7359.670106837606
nonaquatic,205267,313472,0.4341572689829644,0.3687705879960196,2.166922804925577,7155.078537511871
nonaquatic,205335,309394,0.7321599291792801,0.7855568684648682,1.7717753438892017,5446.21893939394
nonaquatic,205343,312667,0.3805145502669833,0.34366538368356786,0.5147653838661197,3471.845868945869
nonaquatic,205356,311552,0.7425652474396057,0.7885130536148062,1.0603638556799921,6945.257606837606
nonaquatic,205357,309373,0.5184379469825872,0.5339757162353436,0.6779282482642535,4103.562222222221
nonaquatic,205396,310103,0.2758855923215389,0.271068290261712,0.38207078273719547,2193.577831196581
nonaquatic,205456,310400,0.3604325975723624,0.3812654652014652,1.20375539373325,3453.1800000000003
nonaquatic,205484,313909,0.7788130161950128,0.7142146344198957,0.9629387055121276,7476.853094017094
nonaquatic,205511,313205,0.5899790966386554,0.6841226428571431,2.2637254251700676,14343.4
nonaquatic,205537,310692,0.496033340999443,0.5082449432789433,1.9054733432792943,10998.044444444446
nonaquatic,205577,309517,0.5178579201680674,0.48022114808524813,0.6329057653061216,3564.7566666666676
nonaquatic,205609,310663,0.39076526753850543,0.40356378480542016,0.5505715332017019,3332.6636141636145
nonaquatic,205610,312835,0.7555694520760685,0.6602356965014577,4.474995239506687,5105.44619047619
nonaquatic,205619,311885,0.403439502467654,0.37761549659863947,0.5019150793650787,3486.2857142857138
nonaquatic,205658,309906,0.3635458610110713,0.3630802783882784,0.4112617460317457,2680.1133333333332
nonaquatic,205681,311893,0.6977773356961834,0.8402326623308666,0.7235457275798376,4225.420634920635
nonaquatic,205689,312032,0.30802439309056967,0.28859666666666667,0.4448714002267568,2436.775
nonaquatic,205690,314230,0.7991309507136191,0.9343801568986569,0.8528304988662122,6216.444444444443
nonaquatic,205716,309364,0.4664447069303916,0.4713338433430515,1.1812737242584097,3506.8585714285714
nonaquatic,205821,314200,0.8876694233107726,0.9142505045177047,1.0646016913497178,5534.842222222222
nonaquatic,205827,313462,0.8305693465960119,0.6496542485623698,0.8308834773064389,11106.09739112739
nonaquatic,205835,314188,0.8001515565363446,0.7068686792096791,0.9263399755810955,5593.133333333331
nonaquatic,205885,309719,1.3664857708604274,1.6672211747943195,1.7962906157462888,9642.61670767504
nonaquatic,205957,314323,0.814320522375617,0.9393275403762903,1.0303850971449173,14139.091666666667
nonaquatic,206038,313125,0.527370090379009,0.523736083827737,2.5439420449812564,4869.059047619048
nonaquatic,206128,311961,0.5276204365079364,0.481874261904762,0.6484315617913828,5039.983333333334
nonaquatic,206130,313319,0.5937695938375352,0.652561041025641,0.9274982879818583,5361.633333333332
nonaquatic,206134,310854,0.7025827168494392,0.8280366968371137,0.850136922594894,5927.639478114479
nonaquatic,206186,311745,0.7668373756750342,0.793827063356743,0.727466511593092,11667.537046533713
nonaquatic,206230,309383,0.48737533847602,0.4833524820641348,0.5117428579475667,3259.608717948717
nonaquatic,206231,311629,0.3628266581472515,0.38915530563411904,0.5150692308179079,2827.216148148148
nonaquatic,206237,310427,0.4868702626050422,0.5798628782051282,1.5700458333333318,3870.4500000000003
nonaquatic,206260,309979,0.7633194911297853,1.7423304287379289,0.7411594529478457,7288.7249999999995
nonaquatic,206308,313245,0.7115089779022721,0.5796738892751693,0.8026654958084235,17301.735555555555
nonaquatic,206319,313288,0.32868260130718957,0.29880155471195474,0.42109638888888834,10281.596666666666
nonaquatic,206378,312365,0.39150326797385626,0.2981504761904762,0.5223966634272754,10994.285714285714
nonaquatic,206384,313920,0.34465022411464596,0.35591228834249083,0.4733245153447738,3692.18875
nonaquatic,206414,310801,0.37640854661740464,0.47919132600732606,0.9067117192860044,4716.42
nonaquatic,206419,310919,0.4927371421575928,0.506602940782726,0.7618773952051868,5212.94376068376
nonaquatic,206450,313516,0.949525584500467,0.8477171286446887,1.0206546172438662,6351.639999999999
nonaquatic,206488,310279,0.4843774129829545,0.5137709704681284,4.467748923100502,17639.91230769231
nonaquatic,206524,310152,0.786159028571221,0.7054376873309964,3.2924454215044783,8117.798771367522
nonaquatic,206556,311756,0.6293031268040172,0.6280640474513143,0.702652806712713,9777.038240740741
nonaquatic,206571,313443,0.5999650385566,0.5377166409463552,0.7782538109511401,5096.544444444444
nonaquatic,206577,311508,0.44575979019385553,0.44081785342831775,0.5141243811413451,3421.744444444445
nonaquatic,206582,312819,0.448528244640918,0.36799594010667697,0.6999782852755162,9628.161253561253
nonaquatic,206594,312885,0.5325544607843139,0.49515587912087916,5.332031365955472,6520.408333333333
nonaquatic,206607,311224,0.6672697095065762,0.6996331549603279,0.80503274880748,4548.469108669109
nonaquatic,206657,314258,0.48257312339029007,0.534712220162329,0.563615356951075,3514.3155470085467
nonaquatic,206665,313059,0.5828686076097107,0.5855486368131869,1.6507075198412693,13804.475
nonaquatic,206748,314342,0.5179781744173676,0.4094498603734512,0.5481207690619797,5222.798547008546
nonaquatic,206837,310017,0.5293511744567109,0.46426870622710625,0.7477527378252885,23305.87777777778
nonaquatic,206908,310084,0.3810519011729708,0.3739781456600081,0.8404011082269246,2636.26926364234
nonaquatic,206946,312844,1.1191307941502542,1.0738823175004821,18.67842466562766,10509.765705128204
nonaquatic,207025,314050,0.6330755835667602,0.5303024644688645,0.8333426180169032,4270.906666666667
nonaquatic,207039,309837,0.7315368589328979,0.8486583979956555,0.7841161840588191,18173.949999999997
nonaquatic,207118,313738,0.7079633513178134,0.9514299116883119,2.9492456173833705,6431.696666666667
nonaquatic,207175,313751,0.78947048585334,0.6918428522366055,0.8044761011271844,13656.577435897436
nonaquatic,207233,313097,1.1749750050004475,1.316497954945055,13.993058858677697,9857.6875
nonaquatic,207239,314231,0.7169709521308523,0.711780146978022,0.8782093537414957,6032.820833333333
nonaquatic,207285,312384,0.3708863906328578,0.44233207454492796,0.49782902686949654,3901.403571428571
nonaquatic,207324,314249,0.6952799880952383,0.7720863548351651,0.9904019574829925,13890.404999999999
nonaquatic,207682,312530,0.8743425486358399,0.9656519183673471,0.9547116695775876,8658.647619047622
nonaquatic,207755,310596,0.5445273264861501,0.48768230525030515,0.8657991668384515,4908.522222222223
nonaquatic,207767,312695,0.5481442683740164,0.6821270109890112,0.5734884920634916,5702.722222222222
nonaquatic,207776,312461,0.2692841970121383,0.23957627619047617,0.46214352607709713,3071.8533333333335
nonaquatic,207792,309101,0.6075615219498653,0.6816174270215498,0.5575131090362361,6817.851333333334
nonaquatic,207837,312319,0.7432878151260506,0.6162714285714287,0.9068818027210876,6307.5
nonaquatic,207985,310328,0.4384106255835669,0.6406352820512822,0.8131969104308376,3756.7666666666664
nonaquatic,208121,309739,0.5670789212510404,0.5590519662197213,0.6542122707359582,3928.7539682539687
nonaquatic,208187,310634,0.4747440577678407,0.4619816346029911,2.3939018141039123,4044.8439560439556
nonaquatic,208242,310539,0.5996311391223158,0.6572820498168498,2.7958872222222215,5055.673333333333
nonaquatic,208254,311265,0.4575733091562195,0.36410725208125216,0.536559804712483,4104.258333333333
nonaquatic,208297,309805,0.5158139142588719,0.6914301679915242,0.5353398038821378,8794.410212657713
nonaquatic,208399,312343,1.0369998818849737,1.2501887605631037,1.3482164200076119,10450.959279609278
nonaquatic,208526,311314,0.7038720895024679,0.7763648105228105,0.9338899479488758,5550.75
nonaquatic,208614,311315,0.7200453123304775,0.7033730471661672,0.8950506530337597,5910.163247863247
nonaquatic,208736,312656,0.5615749299719889,0.37789142857142866,0.5197947278911558,8415.4
nonaquatic,208789,311256,0.7604912044876323,0.7433830204742625,1.1144722315239977,18096.236752136752
nonaquatic,208805,311381,0.4526818013053148,0.44834582218794844,0.6087428930660153,3363.3732478632483
nonaquatic,208880,312577,0.9096229341761024,0.5637353501060343,0.648711680162416,11501.868091168091
nonaquatic,208900,312114,0.562403952692188,0.6471986591186593,0.7100417396756673,10649.694444444445
nonaquatic,208914,309567,0.48216212262682856,0.5037317094017094,0.629693301209372,3677.7333333333327
nonaquatic,209258,311746,0.5667610534583648,0.5027383307867572,0.5353168498921503,8312.36297008547
nonaquatic,209472,314286,0.4605582691409898,0.26976587930402934,0.4211166425736956,2520.0874999999996
nonaquatic,209473,311080,0.3860125822575574,0.40702004380915646,0.5391565308804808,2853.3903133903127
nonaquatic,209518,311150,0.6489779193344005,0.6686660723443225,3.8219008207070693,4982.05
nonaquatic,209542,313444,0.598409873228049,0.49861116186670473,0.5999070971462396,11515.926666666666
nonaquatic,209569,313255,0.49868772450156545,0.40209409257409245,0.5349242418720728,3870.608333333333
nonaquatic,209669,310526,0.5315421206828226,0.38220690338024566,3.005643453459893,4563.900712250712
nonaquatic,209700,309534,0.715749104141657,0.962898311904762,1.2375338350340124,6056.891666666667
nonaquatic,209706,312010,0.6364719732337379,0.49378155555555564,0.5164051776266058,4560.033333333334
nonaquatic,209934,310749,0.4141825665790814,0.38438156288156283,0.5304999142391994,3890.3333333333335
nonaquatic,210067,312141,0.9449302519407013,1.090101735557212,0.9118845445736427,15653.314814814816
nonaquatic,210100,314038,0.4672520198851392,0.5358825099884328,0.5583471462026293,4749.097122507123
nonaquatic,210168,314331,0.4482596312275031,0.5213287746160089,0.6338051875348274,4324.771865541865
nonaquatic,210327,310260,0.7303852788704939,0.7921543998100664,5.5583633622053465,5766.4949074074075
nonaquatic,210378,313361,0.6121021427225134,0.5457003719708865,0.6003663843035267,12597.323333333334
nonaquatic,210785,313012,0.5246007033924682,0.4196106613386613,6.7040756424792125,10127.9
nonaquatic,210801,311392,0.37283748832866476,0.34665299145299144,0.4257454648526072,2302.972222222222
nonaquatic,210863,312101,0.596367745433939,0.5585080326457169,0.6140664291832368,3698.223646723647
nonaquatic,210923,310777,0.539184868115129,0.5226014652073073,0.821970409242205,4056.6729344729356
nonaquatic,210940,309598,0.8200102579256332,0.7640462029042389,1.9197381736484407,17894.804166666665
nonaquatic,211070,312246,0.573085052308733,0.42335247774558066,0.5279613958886847,4795.889041514041
nonaquatic,211086,312741,0.7457933354504587,0.8070232825674327,2.087784477572691,13059.335833333333
nonaquatic,211280,313525,0.7267198646125116,0.6840099267399269,2.3804385062358264,5527.233333333333
nonaquatic,211391,310739,0.3288057623049221,0.31385003663003663,0.40925726433430465,2799.409523809524
nonaquatic,211460,310071,0.3163843576478211,0.36294872385437693,0.41929099275764664,7365.032142857142
nonaquatic,211744,311451,0.9683259045321279,0.8389871833342097,1.2046208649148253,7847.33547008547
nonaquatic,211982,314219,0.6506499176069678,0.6467419386921722,0.85595438455509,9832.325648148148
nonaquatic,212437,309677,0.6985113015873018,0.630636402930403,0.7231741169346521,15315.654999999999
nonaquatic,214910,313615,1.0000526536195875,0.7663302040816329,0.9915642709257612,24590.2
nonaquatic,214948,309894,0.5549437478397655,0.5914508305378833,0.6969191532990404,4522.070940170939
nonaquatic,215011,312800,0.4806054248366013,0.43692750427350424,2.571830243764172,3621.366666666666
nonaquatic,215214,312894,0.3852720074696546,0.41951408058608064,2.35515514739229,3872.0666666666666
nonaquatic,215283,312395,0.9579775012083995,1.0346356958891982,1.204599749237781,16712.968212898213
nonaquatic,215295,312999,0.3142313688141924,0.4006652454212455,3.9918008956916107,2931.533333333333
nonaquatic,215297,313373,0.38531868816953946,0.4531085287652635,0.5030974637225237,3384.051322751323
nonaquatic,215331,311188,0.39370085256568066,0.3574211405901534,0.8403296683779046,5952.38586894587
nonaquatic,215348,310085,0.6247927385650114,0.6559559747059958,2.1704870841190385,12460.391709401709
nonaquatic,215356,313330,0.695179356440421,0.6216524144849858,0.8777660097155516,24603.48888888889
nonaquatic,215458,312531,0.5156768403155774,0.6477589226190478,0.6727279847302166,6879.420833333334
nonaquatic,215643,314324,0.9312739234114588,0.9730897136138424,1.260845781687663,10625.682371794872
nonaquatic,215657,310813,0.4727773259340219,0.495331899701176,0.7296868017062089,4625.252136752136
nonaquatic,215808,311564,0.9461870774976656,1.446664560639361,1.2154974178004523,16408.86666666667
nonaquatic,215911,310356,0.8080676470588238,0.5899130891330892,0.7639432142857135,11103.116666666665
nonaquatic,215964,313149,0.40234211951447263,0.40991561172161173,0.6023885317460311,3301.2
nonaquatic,216050,312268,0.8272752374264405,0.8166288688378289,0.8362264556554551,7310.456
nonaquatic,216122,313628,0.36597801822194587,0.3082560265684906,0.4361684828701833,8039.291697191698
nonaquatic,216127,309867,0.29246297852474334,0.2823614249084249,0.3203027623170477,2684.425
nonaquatic,216217,313078,0.6079008520074698,0.6380602692307692,3.026249773242629,5533.627777777777
nonaquatic,216222,309296,0.54923348893422,0.5484138863719742,0.693756730471451,4048.892747252746
nonaquatic,216274,313320,0.4966094304388423,0.5486031355311356,0.7438309807256225,4086.1
nonaquatic,216294,312269,0.5585695073924388,0.4776045304454945,0.6649723810023944,4750.950598290597
nonaquatic,216532,310900,0.584490756302521,0.9991542857142861,1.1096734693877535,9224
nonaquatic,216655,311856,0.3518381963896671,0.31145301587301594,0.42052666288737667,2508.9777777777776
nonaquatic,216880,310711,0.6338056405910292,0.48605071897692953,0.6295976203423476,4579.834188034188
nonaquatic,216925,310086,0.5565829505135389,0.4654247985347985,0.7664367063492054,3900.375
nonaquatic,216951,309493,0.4798450618013685,0.42169112439165785,0.5368201632125713,3292.232037037037
nonaquatic,216983,309116,0.7375842826019299,0.8895126251526252,0.8736707860922138,5672.188888888888
nonaquatic,217093,312204,0.3321152814459118,0.36341472600732605,0.45714573696145105,3943.733333333333
nonaquatic,217097,310000,0.7141080494399277,0.5084316880452882,0.695074900280495,4369.461111111112
nonaquatic,217101,312064,0.5232341798186323,0.40748417763306644,0.501512359633687,3558.605802469137
nonaquatic,217106,309158,0.6892911596295515,0.8119503508713505,0.9270331132980193,5441.680808080808
nonaquatic,217109,309168,0.9421378509392153,0.9940833417782217,3.2416400241456262,7490.704969696969
nonaquatic,217138,312279,1.040026879578401,0.9304694359208046,1.3720136503143452,9411.713960113959
nonaquatic,217167,312479,0.41615363718035775,0.3941195983211562,0.5133625819442893,4563.370757020757
nonaquatic,217183,312639,1.1706504971988798,1.3533341915750918,1.2374031802721077,10028.04
nonaquatic,217187,311658,0.4150576497265574,0.4153151857666144,0.41022735297582213,3459.2666666666664
nonaquatic,217189,311684,0.6951171687329176,0.6006816037296039,0.9908586292014858,17688.666666666664
nonaquatic,217190,309502,0.4987027873894657,0.46233902319902326,4.890020375769353,4283.299999999999
nonaquatic,217192,312087,0.39702791783380037,0.3496416954474097,0.5142195254292187,2799.7857142857147
nonaquatic,217213,309240,0.7051876884547712,0.6567488944549185,0.9226636474082779,5578.2976068376065
nonaquatic,217262,311659,0.5479085395293549,0.5772492573099414,0.6404414042742829,11122.4792022792
nonaquatic,217305,311989,0.29350512463043327,0.25350164832804156,0.23100736336625916,3617.480870980871
nonaquatic,217309,313336,0.4505922206660442,0.5101340617826619,0.7061792592592583,4182.533333333334
nonaquatic,217321,311608,0.4760167678231046,0.4921402494184179,0.6586225969083545,4646.260626780627
nonaquatic,217327,313722,0.7984597442805649,0.7016705972698484,0.9151715306226873,5552.828021978021
nonaquatic,217393,311382,0.47740621693608304,0.4781620115673801,2.11705875337094,3559.2528490028485
nonaquatic,217396,311051,0.4490090350732747,0.42558095180258343,0.5544410864101119,4069.3547008547007
nonaquatic,217400,313397,0.6274265172735763,0.5248220121212122,0.7886093990929696,4413.286666666667
nonaquatic,217421,312480,0.8674793614566537,0.8877734569036407,1.0484425683390768,8859.345238095239
nonaquatic,217431,311894,1.0540281388090087,1.1970550382950387,0.9371197966936053,6922.222222222221
nonaquatic,217536,314250,0.48151010456545285,0.4446059369963371,0.5001430934031954,9575.486666666666
nonaquatic,218068,312195,0.6628766452282647,0.6237745823723604,0.883160343351376,5477.177160493828
nonaquatic,218167,314370,0.6097077429742974,0.6418309364858662,0.685280820519354,14254.489659863946
nonaquatic,218170,313677,0.7989669526143794,1.187490570512821,0.6430519699546482,15229.191666666666
nonaquatic,218349,313069,0.9161508611111112,0.7390805621611721,6.790287666099773,6862.554999999999
nonaquatic,218384,312937,0.3398136111135443,0.2633511388728231,0.40094886837103294,8791.079202279201
nonaquatic,218502,310416,0.4187544847272244,0.38176434637362644,2.9886359138321996,3901.68
nonaquatic,218581,310261,1.7473203604775245,1.7570352564102572,6.383472409039371,12239.816666666666
nonaquatic,218587,312181,0.8078482843151855,0.8920685300103406,0.7771933562730828,5134.667521367522
nonaquatic,218589,314089,0.59441964860581,0.5641922922891845,0.7298889597855839,7065.9829743589735
nonaquatic,218622,312088,0.7667944070961719,0.5853834021978023,0.8888982199546476,5727.9000000000005
nonaquatic,218628,310873,0.9957206213030967,0.9013462734981688,1.3461480167773445,7984.316944444443
nonaquatic,218678,309225,0.2778567797888387,0.28201095904222095,0.38147992109886475,2275.302769230769
nonaquatic,218685,312619,0.45539146592554053,0.4411762307306728,0.43370451765057055,3911.616752136752
nonaquatic,218713,309117,0.6970784813962069,0.6725884549078741,4.57499881276063,6145.902136752137
nonaquatic,218736,309777,1.2715240238317556,1.3332290509490508,1.4174844482237323,17072.78888888889
nonaquatic,218738,312865,0.5319436974789917,0.5272669868797869,4.352183962585034,4377.450000000001
nonaquatic,218739,312402,0.516976439464675,0.6148807814407815,0.5632087627980479,4268.055555555556
nonaquatic,218749,312657,0.35247525676937447,0.229987619047619,0.4889375283446709,2813.3
nonaquatic,218784,312720,0.39941845193633013,0.46106512295482305,3.0253693590668584,3588.9833333333327
nonaquatic,218900,310993,0.8249342165437605,0.6903501260100445,2.9421394800777447,8385.052380952382
nonaquatic,218977,312628,0.45882352941176474,0.7714285714285718,0.8460111317254162,20900
nonaquatic,219137,311475,0.551569546485261,0.6233122139194139,0.7915659977324256,4152.653333333333
nonaquatic,219162,310892,0.579721841388921,0.5028900652563979,0.6657754942581287,10014.577012432012
nonaquatic,219164,312620,0.6948956582633056,0.6791576190476191,0.9846785714285714,25634.416666666664
nonaquatic,219255,314371,0.734842584576688,0.9382392028203093,0.7694545487754466,7437.881785714285
nonaquatic,219340,314352,0.8442728114293624,0.5480059562605818,0.7696672150235502,6626.268547008546
nonaquatic,219349,313930,0.7597353011913638,0.632199340319549,0.8684741017471034,5662.9904166666665
nonaquatic,219442,313739,0.7568557763676901,0.6694603516791598,0.9967688227127576,6791.147936507937
nonaquatic,219476,314123,0.5254161614065997,0.5631869260176081,0.731185192362084,12283.309601139601
nonaquatic,219493,313362,0.6396590880796764,0.592240887112887,0.7903277296777289,17745.916666666664
nonaquatic,219495,310221,0.37178293557422976,0.39292753646353645,0.4332527551020402,6194.733333333334
nonaquatic,219603,309895,0.5048553874883288,0.49045398534798545,0.5340072845804983,3835.7666666666664
nonaquatic,219636,313740,1.0474179848409952,0.5269885714285716,10.15716052654828,13047
nonaquatic,219708,311266,0.3215942256087343,0.3426606966454598,0.4612642519018572,7253.5927350427355
nonaquatic,219728,310092,0.9449519199382906,0.95255195373047985,1.5806264771597225,7219.28547008547
nonaquatic,219842,310093,0.6311428018776142,0.6230254511564626,0.8790765238905072,4351.169
nonaquatic,219871,310357,0.30385721288515427,0.3134164517704518,0.4613623273551839,2248.5666666666666
nonaquatic,219956,310300,0.41046832066159805,0.3817002161172162,0.46204856859410387,3129.5333333333333
nonaquatic,220035,312915,0.3668671148459386,0.34830300179820173,1.1224312585034006,3091.9266666666663
nonaquatic,220168,311023,1.204858867808644,1.554814075920099,5.494306841174206,8091.274945054944
nonaquatic,220177,313206,0.6682774801587303,0.7128660833333333,4.7508393990929685,5602.975
nonaquatic,220275,313951,0.4972682511906748,0.48249478650238653,0.7345927081059459,4611.900555555554
nonaquatic,220365,312742,0.4419860911031081,0.3934256209029066,0.6068922173631347,6529.671428571428
nonaquatic,220402,313841,0.5056933304995961,0.4977440848852901,0.6715505349444157,4019.004594017094
nonaquatic,220434,309740,0.3232439698101463,0.30466817271617275,0.31199675238782354,9289.11111111111
nonaquatic,220497,309425,0.7413669308762723,0.7932324370906871,0.833167121925786,5536.604444444446
nonaquatic,220518,311126,0.5033355789935023,0.4737924437467295,1.8323981373501774,5261.147619047619
nonaquatic,220595,313940,0.5918221858347893,0.6259415098220829,0.9142829155910219,5352.085952380951
nonaquatic,220955,313184,0.6192194526180288,0.6134911130711395,3.105165684926164,4755.0146367521365
nonaquatic,220960,309435,0.7724466012089548,0.4825396195360196,5.642887087928556,13938.651111111114
nonaquatic,221035,309848,0.3597501458916901,0.31735732434232433,0.422461770124716,2612.166666666667
nonaquatic,221048,311431,0.5176194000010553,0.32192836350809684,0.4706511915308752,3256.73037037037
nonaquatic,221064,312820,0.7443877154195013,0.47375352857142866,3.721621869614512,4335.356666666667
nonaquatic,221086,313435,0.8367832626187731,0.7045482579087582,6.865552739494064,14880.683333333334
nonaquatic,221181,312780,1.3116200931397903,1.1823046190255861,5.111867840940763,10314.099511599512
nonaquatic,221609,310575,0.48243571039526933,0.43794303113553107,2.729039219576719,4466.683333333333
nonaquatic,221718,311285,0.9511820604354311,0.7059233621021836,0.8603005783420541,21295.375
nonaquatic,221867,311081,0.194936579282876,0.1670051020408164,0.32319210292812783,1730
nonaquatic,222124,313263,0.8000690908598757,0.5824137003567861,0.7902416431193453,24877.68666666667
nonaquatic,222267,309357,0.9261492337886148,0.9178057135114885,1.0437742455959536,7256.598333333333
nonaquatic,222279,313900,0.5232255442867163,0.4916031689822458,0.6817074861985496,4448.7247008547
nonaquatic,222491,309535,0.5203306229158333,0.6992013040293041,0.815026814058956,4104.799999999999
nonaquatic,222497,311709,0.463558543417367,0.40891085714285724,0.5612005565862703,4214.799999999999
nonaquatic,222536,314332,1.1592391427631399,0.9587039353383462,0.9150544170877412,9195.0752991453
nonaquatic,222552,312944,0.5625512453343857,0.5155123365941076,0.7214876868298197,4038.1433760683767
nonaquatic,222581,310546,0.7989287214885956,0.8367106153846152,2.7125883928571413,15638.875
nonaquatic,222594,314039,0.8396430654478788,0.6693526025850002,0.7349960995771088,19469.15525166192
nonaquatic,222595,314372,0.8196851135415519,0.7842774771096976,1.4800544224405272,6058.59364102564
nonaquatic,222596,310855,0.5036946600818804,0.5516275216933814,0.6099385571810114,4210.7108909608905
nonaquatic,222597,313959,0.4304924214130098,0.4320671032301034,0.5647899745756884,4050.4444444444457
nonaquatic,222602,314130,0.5967478488770186,0.4526598595848596,0.6301227318511939,4072.8344444444447
nonaquatic,222609,309720,0.7788835014044533,0.6057121587488533,0.843850917697095,25607.81339031339
nonaquatic,222645,314010,0.7990805485950698,0.6212571169687455,0.8943071642309836,7028.552380952381
nonaquatic,222751,313910,0.7117596025225299,0.6462132916635686,0.8022270378329458,43786.327938034185
nonaquatic,222786,309128,0.6290597883622218,0.6163395961377804,0.9215312285373214,4957.151424501424
nonaquatic,222787,311225,0.8200304388422037,0.8742243076923077,1.003666780045351,6429.766666666666
nonaquatic,222821,311432,0.49764807627382424,0.3462591502324835,0.5524630401966982,3027.48287037037
nonaquatic,222828,310681,0.5366708061002179,0.347749829059829,0.43784233749055135,2798.6666666666665
nonaquatic,222872,311411,0.4655112834467121,0.3996801246753247,3.7463841383219942,3708.153333333333
nonaquatic,223003,311962,0.3904174166333201,0.39595221711621714,0.5098610615079361,3679.4333333333334
nonaquatic,223063,314040,0.45199521598639464,0.4584283667974883,0.5853946811224482,4078.275833333333
nonaquatic,223064,312297,0.44762429960911276,0.5019620064555328,0.5038201670960163,3082.7410256410258
nonaquatic,223080,312018,0.2640522875816995,0.25012876190476185,0.3302371882086163,2745.6
nonaquatic,223135,313921,0.6167474140725993,0.49338110797139373,0.7127873721957048,8252.111111111111
nonaquatic,223145,313762,0.4971541727802233,0.46846506674278093,0.6367335820792954,3575.5444444444447
nonaquatic,223157,313018,1.0414641631846542,0.8889097909709339,6.915704978579047,45563.4
nonaquatic,223196,313883,0.6318897415639595,0.7103125098333749,1.7069410570309012,4659.243724053722
nonaquatic,223211,309741,0.4628884998443824,0.4588813772893773,0.5942286435786429,5459.362962962964
nonaquatic,223245,309384,0.35888860317752286,0.43797348488914617,0.4781182293468269,3389.9550427350423
nonaquatic,223286,313960,0.3747899245253657,0.27082659583749596,0.34763464251357085,4079.283333333333
nonaquatic,223301,312963,0.7491828524743233,0.644434601953602,5.903098951247165,5825.2777777777765
nonaquatic,223314,309678,0.5201433480458099,0.7444626035273371,0.6738348365237563,14117.163148148149
nonaquatic,223347,311737,1.0459058796185146,1.2044299936396938,4.288181218820861,13456.07
nonaquatic,223349,310132,0.42356233613562183,0.459648743582032,1.808278184709252,3788.4606837606834
nonaquatic,223350,313830,0.7195096358450205,0.7954738413396127,1.04684875834766,8268.441666666666
nonaquatic,223358,310253,0.4183242846690479,0.3463868142972817,2.4357520318071715,5620.223034188034
nonaquatic,223369,313741,0.5615147635620596,0.5011348855477856,0.6078976659483665,13091.75
nonaquatic,223389,312902,0.9649653537067665,1.0733439059186427,5.114747155267958,8025.061253561252
nonaquatic,223394,311904,0.2801287181539283,0.26995863945578236,0.38378296080336854,2659.0000000000005
nonaquatic,223453,310336,0.709916847576012,0.7929610398110664,1.026478758905755,6289.052136752137
nonaquatic,223474,313706,0.7228957929520583,0.5939654879889125,0.7007045878382725,5545.708687423686
nonaquatic,223477,312964,0.4715941374883286,0.4783848195970697,3.5868449121315185,4024.8916666666664
nonaquatic,223488,311905,0.2976357049486462,0.29185121904761907,0.4032610657596367,2987.8999999999996
nonaquatic,223521,313040,0.37037682656468907,0.3999410666923719,1.052828549400198,2838.4504273504276
nonaquatic,223523,310428,0.31608441001400567,0.31198911309523814,1.2324824192176866,3381.4958333333334
nonaquatic,223524,312011,0.7067498074229693,0.606855535714286,0.5954818065862708,5046.575
nonaquatic,223528,309230,0.6427247777807703,0.6641663751509017,0.7039951491961438,6337.692585470085
nonaquatic,223532,309856,0.2741208870214754,0.2758344155311356,0.3401152188208612,2340.5066666666667
nonaquatic,223533,313473,0.44240848070303385,0.39114315989974935,0.47305084937869313,9633.430393162393
nonaquatic,223534,313425,0.5605145758303323,0.7053795146187148,2.1321472201607907,13902.316666666666
nonaquatic,223619,313831,0.6619091143663054,0.646179318067588,0.9262663936864173,8688.24400352734
nonaquatic,223653,310348,0.2921310190742966,0.31216571428571416,0.48643735827664314,2398.388888888889
nonaquatic,223697,312385,0.37977967032465165,0.46989964784331323,0.44825848326573514,3581.035714285714
nonaquatic,223728,309766,0.5164719937743893,0.5324901954212455,0.5131893475740027,5325.695833333333
nonaquatic,223730,309536,0.7539292693890146,0.6647567947754,0.8955393270062446,5716.225213675213
nonaquatic,223837,309849,0.44152326263838876,0.349433641025641,0.4706432199546478,3059.173333333333
nonaquatic,223839,310768,0.3450051872082167,0.4499421196336997,0.4989294472273752,10680.956666666667
nonaquatic,223841,313821,0.33645915555555567,0.3053910323809523,0.47630017017109816,2661.728666666667
nonaquatic,223844,311267,0.5233405191409899,0.42342320820512835,0.5907711513090075,3868.2906666666663
nonaquatic,223856,312134,0.57768766673482,0.6375542408328514,0.7110391282788555,5170.867521367522
nonaquatic,224118,312102,0.7653508674580946,0.6034285543345544,0.6760042422524561,18174.95
nonaquatic,224126,314167,0.9722817720204008,1.1964489795918372,1.5554699401127958,8980
nonaquatic,224128,310866,0.7760768767579995,0.6872272580104106,1.0040620983103783,6666.637606837606
nonaquatic,224140,309365,0.31342798300272495,0.2876878560155491,0.677126244940029,2441.5897142857143
nonaquatic,224144,311333,0.6704984095281488,0.5320785997335997,0.7605249994549093,20135.908333333333
nonaquatic,224159,311804,0.4439648736161132,0.4483726520146521,0.42884280238610556,7711.9375
nonaquatic,224268,312588,0.8788299842996808,0.757201940607012,1.1583911674682077,9008.1
nonaquatic,224442,312444,0.32838596204915704,0.27495451190476194,0.47740375447964706,3330.05
nonaquatic,224451,313712,0.6971786845757948,0.6521366387802674,0.7908239123186808,14807.244999999999
nonaquatic,224474,310645,0.3151959610510874,0.37445029743589747,0.4947293310657588,3001.9599999999996
nonaquatic,224492,313873,0.7194424856638507,0.6877448817989031,0.7371498438592986,5686.828376068377
nonaquatic,224503,312386,0.39613292754990187,0.44417997864493797,0.511625068320397,3793.7464285714286
nonaquatic,224534,310520,0.940671119781246,0.771708285016571,2.7101911961451237,9191.68888888889
nonaquatic,224537,313215,1.0761106558241462,0.8251753024548553,16.450225701391602,8646.598717948718
nonaquatic,224581,309733,0.6078063183672717,0.574246067629901,0.5868203864103779,6618.781481481481
nonaquatic,224586,313961,0.3987710509566345,0.3455285065741277,0.4210450221730484,3299.9817094017094
nonaquatic,224593,314360,0.9428296118447379,0.8255586818419675,1.020302636054421,8180.083333333332
nonaquatic,224607,312270,0.9511700560673856,0.8622508056752771,1.0434394834760354,8414.99
nonaquatic,224620,311637,1.018238822195545,0.6647973070738785,0.9395283446712014,19190.933333333334
nonaquatic,224663,313793,0.6967570961718023,0.8010480219780218,0.904178458049886,14003.05
nonaquatic,224710,311915,0.4306986349301625,0.5596893291844212,0.4775396183303252,5007.672619047618
nonaquatic,224716,310153,0.6462139180708765,0.5964552504337769,0.7301658535769573,5225.968803418804
nonaquatic,224719,310856,0.5775076628975254,0.6775797684537684,0.6935917661531008,4920.080808080807
nonaquatic,224742,311565,0.5615390441212968,0.4697716606901871,0.8592015338490663,4473.7021367521365
nonaquatic,224743,309712,1.0382285080517992,1.2332140244089251,0.9848665077049699,19230.291111111113
nonaquatic,224818,313019,0.8146088783291096,0.483533561842919,2.700940035903249,4514.138888888888
nonaquatic,224824,313802,0.6366703446712019,0.596556351062271,0.6556099750566887,5229.6866666666665
nonaquatic,224830,313098,0.7701652734427105,0.8126526630036633,3.945738911049267,6598.909999999999
nonaquatic,224833,310928,0.6433452760949343,0.6520595238095239,0.85636954056985,18665
nonaquatic,224868,311630,0.2678889447178747,0.26421709582598474,0.41754218741760213,2481.96913580247
nonaquatic,224872,313922,0.6494472308449611,0.6246699571449893,0.7430979809441506,5169.556957671956
nonaquatic,224902,309268,0.632227671335201,0.620656105934066,0.8667242987528333,6020.824999999999
nonaquatic,224928,313264,0.7741029252485309,0.6303200897768898,0.7229415831419141,17034.575
nonaquatic,224966,310547,0.7068890756302527,0.7382971575091574,1.2254384920634906,11490.655555555557
nonaquatic,224974,314041,1.0073591552318242,0.9286071335878159,1.2576493065738044,7524.505128205128
nonaquatic,224983,314313,0.521157768107243,0.5421936208791208,0.7885834183673458,14271.408333333333
nonaquatic,224992,310269,0.6259214530848822,0.5831810819356084,3.9456683705837596,5252.652136752137
nonaquatic,225077,313657,0.6026455818989702,0.5470875695732841,0.5451738467832079,24235
nonaquatic,225096,310123,0.3429782805330552,0.33856087248677247,0.5340694859035724,3183.3462962962953
nonaquatic,225238,313028,0.4912848646125119,0.3989457509157509,5.158158276643989,3552.25
nonaquatic,225254,311089,0.32527676548397144,0.3209005796092796,0.4636344633408916,2634.288888888889
nonaquatic,225267,312019,0.27339136321195145,0.2187460000000001,0.2527472789115646,3457.666666666667
nonaquatic,225271,310635,0.6241157024239933,0.528770708824947,1.7790358790463265,4963.126032763533
nonaquatic,225274,314031,0.5558443089274624,0.39653048823524023,3.5785892268086186,11257.912279202279
nonaquatic,225288,312989,0.3805626031746033,0.4055985541391942,3.5454721519274366,3257.5466666666666
nonaquatic,225329,311942,1.3099985096257603,1.0642924120557806,7.232157695390118,9578.447293447292
nonaquatic,225437,313752,0.6334033179818146,0.680781385587542,4.720602211720493,14768.565952380952
nonaquatic,225477,311990,0.34304032875054785,0.40409780515063176,0.37079084785274635,4146.178571428572
nonaquatic,225478,313763,0.5577009183770781,0.5711436274247055,0.7422648298699471,4938.579487179487
nonaquatic,225497,312721,0.47499979458450065,0.4950829010989011,2.8738319160997725,4259.85
nonaquatic,225529,313952,0.6521518506069095,0.5888726354978355,0.8948170421047198,5561.111666666668
nonaquatic,225530,314278,0.49704549364190126,0.5165580575091575,0.650261203703703,4504.327777777778
nonaquatic,225532,313500,0.7813401447828088,0.7525146515508302,0.9478916424266861,6894.0922619047615
nonaquatic,225536,309704,0.614494412088645,0.9569073776183002,0.5968730601306689,3806.9457142857136
nonaquatic,225585,313629,0.7025675366180445,0.6412760409678043,0.8582101262357332,19077.0594017094
nonaquatic,225631,314061,0.6822955882352941,0.6033220955710955,0.9186641156462577,5800.3
nonaquatic,225633,313436,0.653232328225408,0.5696065934065935,0.8931995626822151,15273.633333333333
nonaquatic,225637,312220,0.6069050439439344,0.5761764771062272,0.7898498351975832,6286.575
nonaquatic,225680,310823,0.3644605055355477,0.361734087493459,0.5304278652413338,4077.4952380952373
nonaquatic,225684,309778,0.6028187322548068,0.48366476036616457,0.4725160146340534,17048.9273015873
nonaquatic,225705,310506,0.5681460410831002,0.5589786572094573,0.7323987528344664,4246.026666666667
nonaquatic,225754,310487,0.4225508092174399,0.33717397737934585,2.51762800799198,3572.2195156695147
nonaquatic,225777,313794,0.8709475723622785,0.6813117362637362,4.322405225726653,5837.9
nonaquatic,225780,311553,0.7144849089781837,0.7306525749951803,0.8931999704302809,5813.425213675213
nonaquatic,225827,313289,0.5206948898255155,0.46740222385684504,0.5824088489613392,9802.52920940171
nonaquatic,225847,313246,0.8678481977593588,0.8186079017032386,1.0305435728754349,23535.38009259259
nonaquatic,225873,312990,0.5328523187052601,0.4798584126984127,5.677383068783068,4182.333333333332
nonaquatic,225875,309183,0.47242098039215685,0.39935850051282057,0.5808472597402592,15193.412
nonaquatic,225883,314305,0.7099892232726426,0.6641032343406593,0.9784472803287969,12319.504166666666
nonaquatic,225904,310540,0.8596103513794942,0.7648892663678428,3.3363703749569376,6287.9954700854705
nonaquatic,225909,313931,0.9515429474407876,0.7028072692551893,1.0449423535989162,7471.636353276353
nonaquatic,225918,310793,0.37057170702444975,0.3205972384443427,0.45457847404094226,3858.237111111111
nonaquatic,225926,313380,0.39876781312612597,0.39830188302118935,0.47423302458636063,3167.547179487179
nonaquatic,225933,309888,0.3980713187935629,0.400538783882784,0.3205956668992382,6944.366666666667
nonaquatic,225955,310163,0.4638966845580712,0.3975864447765569,2.020181454539413,4135.1104
nonaquatic,225996,309328,1.1905860130718955,1.1730205362637365,1.526766473922902,12628.566666666668
nonaquatic,226106,311400,0.5587831036414568,0.6013898919746921,0.8002509523809513,8109.18
nonaquatic,226112,310605,1.1146867927309705,1.060251690139721,6.9362331430716635,27215.649282661783
nonaquatic,226120,313832,0.49531967387695836,0.5658019898301699,0.6255606149133047,3937.9918518518502
nonaquatic,226130,314032,0.7907493685840629,0.6248820622948043,0.698833084103972,10464.893240740741
nonaquatic,226134,313901,0.6343002718687365,0.47876457626020363,0.6164782860588284,4760.221790801791
nonaquatic,226141,310213,0.4169090655150949,0.3440353315018315,2.8605100151171574,3855.905555555555
nonaquatic,226145,314189,0.6065986424138307,0.4284653302031302,0.6466591828018854,4840.916666666666
nonaquatic,226236,310947,0.5266611895956423,0.48934642948396634,0.7060611768195983,5282.01680911681
nonaquatic,226237,312743,0.6893729526362042,0.5257943253644315,3.299840611908794,5986.9857142857145
nonaquatic,226245,313822,0.45263615655150957,0.37442651101343094,0.5478435162509442,3857.182222222222
nonaquatic,226248,310929,0.6166142390289451,0.59799326007326,5.660840352504637,21960.533333333336
nonaquatic,226254,311090,0.3661259515065147,0.3839253459417775,0.523625880911246,3662.4213675213673
nonaquatic,226323,313574,0.7611815276586825,0.6698191413774436,0.7316089270758391,5973.333650793652
nonaquatic,226346,314138,0.45795944417767115,0.46680658278388276,0.5871800552721079,4006.4674999999997
nonaquatic,226368,309414,0.9653155299835596,0.9866473702963704,1.0215957468457462,7476.222222222222
nonaquatic,226373,314333,0.813995590700623,0.7728139034171589,3.182280907448649,7105.738209876543
nonaquatic,226388,314023,0.454110760410831,0.32905287484249096,0.7404885663162233,3516.0759999999996
nonaquatic,226407,312001,0.5353624631185808,0.5302133941724944,0.5748250114667073,14112.089166666667
nonaquatic,226427,310028,0.9258039153756743,0.828402165657472,0.7554581759914842,8109.964285714285
nonaquatic,226481,312020,0.7378767273576098,0.6008894761904764,0.859470861678004,8307.8
nonaquatic,226541,309599,0.8461467160197415,0.628610977753675,0.7043305873015867,5861.757333333332
nonaquatic,226554,314306,0.8777731667650898,0.9699804325883344,1.1992595174403173,16586.850997151
nonaquatic,226582,311931,0.27394977324263053,0.2715774013605442,0.3947184483317132,2661.6857142857134
nonaquatic,226593,312471,0.9834517733283789,0.6824502591965859,0.8203747339071679,11086.970238095239
nonaquatic,226606,313849,0.39351137394957986,0.39967932783882787,0.5270703231292513,3961.2633333333333
nonaquatic,226611,310636,0.5744782510039038,0.5387981218449971,3.1711926000461244,4540.370384615384
nonaquatic,226665,313391,0.5625256926553543,0.6941977334950763,0.8190396762197995,13962.806666666667
nonaquatic,226682,310994,0.764009016982664,1.0861583620835311,2.701728938763121,6285.82178839679
nonaquatic,226729,309385,0.3131887118530153,0.3145463809077027,0.5006668349851187,2706.0942612942604
nonaquatic,226738,309483,0.2983426173839007,0.2747483124249371,0.3523463434568489,2514.974715099715
nonaquatic,226744,309734,0.7245261713949146,0.7412414844322349,0.6927620298481711,5935.533333333333
nonaquatic,226772,313972,0.5762822320845007,0.6497246764377291,0.6723156127989067,4721.222083333333
nonaquatic,226780,311695,0.23381391277939753,0.24386258011886078,0.41059860388032726,2912.7464285714286
nonaquatic,226784,313274,0.4925735327789387,0.5226338442509871,0.7080490218755948,4142.076190476191
nonaquatic,226803,312668,0.45374935932888916,0.5117234365721997,0.6351344758247596,4181.980235042734
nonaquatic,226818,313863,0.8765755986204007,0.8136517942971313,3.8655333074108422,6826.558952380952
nonaquatic,226836,310778,0.3163518991596639,0.3179471256743257,0.36807343537414905,2379.086666666666
nonaquatic,226858,310901,0.45006511048863995,0.4547305787545788,0.4707649281934992,3032.2
nonaquatic,226860,312983,0.3722992530345474,0.3871626666666666,0.5375428004535138,3015.466666666667
nonaquatic,226868,312451,0.5356305730625585,0.6563712514430018,0.7893721230158726,7760.775
nonaquatic,226914,313279,0.9188030572166751,0.8000567112887114,1.1340113407095538,6940.566666666667
nonaquatic,226923,310262,1.3603323065689532,1.1500943328104554,1.1611938098621277,28397.003133903134
nonaquatic,226939,310857,0.5671740361693217,0.6960954052766274,0.7539353645486233,5591.078163040664
nonaquatic,226999,313932,0.5085512630927104,0.4653308984615384,0.6367102848340525,4711.330555555555
nonaquatic,227007,310143,0.4427247579031614,0.4679968761904763,2.2233939336734694,3601.9033333333323
nonaquatic,227019,311923,0.778812382286248,0.8201268727272729,3.273753934240362,13346.466666666667
nonaquatic,227058,311401,0.6512402427637723,0.5340933486513486,3.844535359977322,14125.25
nonaquatic,227100,313265,0.434157555502201,0.31011614145093,0.46365230241187333,2828.722666666667
nonaquatic,227123,309624,0.9977509943793389,1.3467780671931375,2.7437825108737535,8666.056216931216
nonaquatic,227201,313321,0.569651305328333,0.6400038906331764,0.8564630348516207,5014.25
nonaquatic,227402,311886,0.3163070728291317,0.2577657142857143,0.3463452380952377,2857.75
nonaquatic,227405,312991,0.3338859517140191,0.34116497121925693,1.5126320294784577,2678.1809523809525
nonaquatic,227607,312669,0.33160535014005627,0.29413401660561656,0.3850451247165528,3070.1444444444446
nonaquatic,227611,313060,0.3679047095498655,0.3765079049417249,1.2218695138380133,6830.5633333333335
nonaquatic,227613,309721,0.6483526088485893,0.3656270583054791,1.2842677177122723,4193.765918803419
nonaquatic,227650,309446,0.4530920774976657,0.5347755769230769,0.48847828089569123,4406.987499999999
nonaquatic,227799,311991,0.41351726914464565,0.42040953109815365,0.5362012240961895,4450.910714285714
nonaquatic,227825,309631,0.4586539048519108,0.584651247231982,0.7121018890811155,5828.443915343915
nonaquatic,227914,314325,0.777580475528409,0.8478553497847182,1.947732770755671,8830.530626780626
nonaquatic,228009,312040,0.636249768299975,0.6162884861406116,0.6959929574588019,5444.3908017908025
nonaquatic,228139,311178,1.0056980034235918,0.9605853296703297,1.2802219765684044,7402.311111111113
nonaquatic,228240,311566,1.073377952855105,0.9648295961056487,1.222356582437362,9211.804273504275
nonaquatic,228246,311306,0.49713926077306064,0.5471533446748741,0.5953335583328115,3666.1978876678872
nonaquatic,228256,311476,0.5748739495798321,0.6150366366966368,0.8467328798185934,4238.14814814815
nonaquatic,228266,309568,0.7442661531279181,0.7271352014652015,0.9527382086167789,5175.116666666667
nonaquatic,228278,309287,0.7449542655476031,0.6678520483894924,0.8771699242697326,6900.24066951567
nonaquatic,228308,312781,1.1304855581409383,1.1065295746826873,3.7099952379711607,8488.492857142859
nonaquatic,228327,309857,0.3607836647992531,0.33877169743589747,0.5887853968253964,3194.6133333333332
nonaquatic,228347,309262,0.794897782446312,0.791796928737929,0.8902484951556373,6311.5
nonaquatic,228355,312065,0.4264294611755564,0.5478554614932394,0.4849355326720771,3437.9716049382714
nonaquatic,228506,312640,0.834068011204482,0.7591830956776556,1.1011364421768697,6861.0160000000005
nonaquatic,228513,311660,0.425842609456054,0.2658385970374655,0.34721813173508054,9118.245441595442
nonaquatic,228516,309896,0.5881527941176471,0.5675971630036633,0.6936761054421763,24743.916666666664
nonaquatic,228518,311235,0.6283235234647142,0.5100795083863505,0.6366363964186045,3847.625356125355
nonaquatic,228547,309518,0.9014874572051044,0.8957948140748143,0.8586959561602413,6030.88888888889
nonaquatic,228613,311669,0.4516953978763548,0.44223110667878485,0.5627967032697292,3927.175995115995
nonaquatic,228668,310841,0.42317518740829674,0.3735079413919414,0.5567515177283028,3384.4833333333336
nonaquatic,228678,310438,0.5418050077833235,0.5585063131096971,2.7997417500792707,4469.695868945868
nonaquatic,228730,309951,0.6113729306314152,0.4854142589879258,0.6496569089347902,29316.26851851852
nonaquatic,228940,312182,0.9715086064557656,1.0821307776174447,0.8920127682856078,6311.62962962963
nonaquatic,228969,313734,0.5502075080147201,0.48174780679721285,0.7017520966593256,9067.142735042735
nonaquatic,228970,311091,0.30927927641477104,0.3053630654968465,0.4600444389766872,2763.328449328449
nonaquatic,229059,312503,0.742087293304463,0.7682134572682956,0.9239337920893397,6297.879273504273
nonaquatic,229069,311383,0.6961366090978119,0.6182488898014268,2.828854148843164,5055.763475783477
nonaquatic,229134,312298,0.5223910837779938,0.5250161035356247,0.7223953120385912,14534.038354700855
nonaquatic,229158,311236,0.6195703135517775,0.5267399633699633,0.8735404737257215,5289.616666666667
nonaquatic,229255,311307,0.44188730492405426,0.40034983318364403,0.5045484215421645,3687.389316239316
nonaquatic,229327,314361,0.7465594421101773,0.6003551193806194,0.7327420634920631,6897.833333333333
nonaquatic,229414,309205,0.5743070631925802,0.6478256918016561,0.740970687471981,4984.884132071632
nonaquatic,230339,310222,0.30747109083633467,0.3157499780219781,0.3601541743970312,5877.973333333333
nonaquatic,230520,311895,0.6460845315904141,0.5666338803418803,0.6339610733182155,4172.7555555555555
nonaquatic,230943,310654,0.36919623712762756,0.2868807092043297,6.586322861595738,3084.590354090354
nonaquatic,231066,309952,0.5351609393379788,0.41961850456911515,1.855606139940663,13399.847521367521
nonaquatic,231565,309569,0.6065077552175925,0.6291583142618699,0.539724229640176,3960.232098765432
nonaquatic,231572,312353,0.5035713893155603,0.46402960250180675,3.582807616969108,11060.398412698412
nonaquatic,232438,312903,0.6192114534848753,0.5043487905018956,2.6888307145208463,4649.252991452992
nonaquatic,232446,309102,1.0740438617351704,0.9189073515795769,1.182302060160118,9728.33238095238
nonaquatic,232583,309231,1.1005502765272777,1.4626975451465205,1.44165920776644,9060.0875
nonaquatic,232588,311609,0.5354797362351238,0.5357028063620589,0.7924536515983599,4243.84094017094
nonaquatic,232733,313079,1.08268776844071,1.0256267838827837,1.7432577097505648,7116.966666666666
nonaquatic,232776,309705,0.5645523580512258,0.41468519658119657,0.7543721072578208,5451.211111111111
nonaquatic,232787,312658,0.9278986928104574,0.7742438095238097,0.5573231859410429,7420.1
nonaquatic,233085,309169,0.4439614690320574,0.5242068717948719,0.6304287037037032,3578.1111111111113
nonaquatic,233540,310358,0.3433324810340805,0.33630579656593407,0.5404693331916092,9810.435416666667
nonaquatic,233781,313280,0.7787503363950131,0.6444075871328673,0.8695333832780968,6976.889999999999
nonaquatic,233794,313080,0.6666051060424173,0.7222877802197804,2.8295945176252304,5165.373333333333
nonaquatic,233797,312558,0.6990178004535149,0.5402391360544219,0.8567129818594101,16579.9
nonaquatic,234093,311011,0.6515649764908675,0.5494440028142911,0.8505356158619712,5554.913568376068
nonaquatic,234094,313923,0.5119506639743788,0.4399232470970696,0.6779937263361743,4904.581845238095
nonaquatic,234095,310029,0.7618567206788566,0.6964110820410631,0.6725393562893532,5322.1928042328045
nonaquatic,234180,309315,0.9753210301898543,0.9460118033078032,1.34649565381708,6929.5999999999985
nonaquatic,234189,311059,0.5977796037738766,0.5483678486257507,0.6872762113858852,4390.7269841269845
nonaquatic,234275,311363,0.5883431664368898,0.5724094116059378,0.7186364531955927,4245.827136752137
nonaquatic,234332,311217,0.4887287254916914,0.4390347134724686,2.511200578010881,7241.931746031746
nonaquatic,234396,311412,0.6120116339942274,0.6509420008675536,0.8117175801697883,4806.187606837607
nonaquatic,234449,311516,0.5069808441270134,0.4964322177283869,0.7985228986449847,8874.454517704518
nonaquatic,234463,311156,0.35658808216619997,0.3509162432234432,0.42182175736961397,2373.313333333333
nonaquatic,234474,311461,0.465882244167836,0.4969611278156931,0.5469122015200472,4037.4520512820513
nonaquatic,234618,310721,0.5997664682539683,0.746412272893773,0.9560350623582755,5827.816666666667
nonaquatic,234643,313455,0.8702754701880753,0.6308751772037487,0.949403826530612,15803.599999999999
nonaquatic,234668,311738,0.5948082788671025,0.6252669264069265,0.7928568405139825,4632.9111111111115
nonaquatic,234852,309806,0.5623227412531885,0.5943257564289455,0.6343934437257036,14635.457142857142
nonaquatic,234891,314334,0.8735726054958581,0.7858800386813187,2.997889463374116,8068.561333333332
nonaquatic,235148,309665,0.6377874472664884,0.5248222808302809,1.2659109032501887,5694.966666666667
nonaquatic,235153,312641,0.8626735620915034,1.030260060805861,0.7566455895691606,8393.880000000001
nonaquatic,235189,309474,0.42772661064425793,0.402352293040293,3.3486973922902483,4130.9111111111115
nonaquatic,235254,311677,0.7775990396158464,1.2114545454545458,1.1649766156462567,6962.5
nonaquatic,235369,310241,0.32896515911946067,0.39043343762428045,0.5362239183253192,2871.3325
nonaquatic,235459,310981,0.37933071428571435,0.3747818117216118,1.7119795516388367,3993.2199999999993
nonaquatic,235460,313781,0.7046305595215124,0.6324620645214399,0.762880605262646,4919.009851851852
nonaquatic,235470,313630,0.36558211317964767,0.3421963593599383,0.4797166105340176,10865.0268009768
nonaquatic,235518,310794,0.43478874265985484,0.41237277090528535,0.6899183244602186,3726.6666666666665
nonaquatic,235608,314209,0.43501389449113004,0.47024728923076914,0.7202585907029468,6304.916666666666
nonaquatic,235687,313445,0.5850438520859338,0.5452392641263498,0.7141622159886564,14376.955
nonaquatic,235715,309722,1.0293806560171554,1.0477231356945813,1.0807854613820882,17928.701367521368
nonaquatic,235777,310223,0.2882237301587302,0.26517331257631255,0.44210209750566853,9014.544444444444
nonaquatic,236117,310902,0.34488646125116723,0.3689940293040293,0.5077302154195004,2840.5
nonaquatic,236132,313594,1.3686341247610156,0.7957426333285763,1.0547969333765248,16418.777777777777
nonaquatic,236155,314287,0.44492635096034655,0.5514695182471849,0.5314293258582498,3968.7990740740743
nonaquatic,236184,314179,0.5596967001668293,0.4980123510854058,0.6209004866027029,13950.012008547008
nonaquatic,236206,311444,0.5941351711388482,0.6902633791266378,0.7971708304990307,4807.60387057387
nonaquatic,236356,311274,0.48748684140739906,0.441218500757388,1.5662119732489492,3646.669108669108
nonaquatic,236475,312492,0.39556273459306085,0.32307378571428574,0.5286194689569685,8155.083333333333
nonaquatic,236496,311402,0.5884626828509183,0.4007430347430346,2.632545540438396,3804.6111111111113
nonaquatic,236503,312683,0.4012735060690944,0.37160603679653686,0.5720888038548746,3826.6666666666665
nonaquatic,236513,309969,0.47429674928304516,0.4995479813519814,0.7036234458533686,4284.4
nonaquatic,236578,312992,0.743591036414566,0.7993434285714287,6.036688605442175,6287.3
nonaquatic,236867,312732,0.6450220921702016,0.7253521904761907,0.4935809240362809,13761.933333333334
nonaquatic,237018,309184,0.5756081713118394,0.49043628758227686,2.107808520561571,9524.076203703704
nonaquatic,237065,313842,0.9759339320728292,0.761231721948052,1.055271051020407,5763.613333333333
nonaquatic,237210,312923,0.7135295280334357,0.8564786849816852,3.8055343348450483,5117.344444444445
nonaquatic,237319,313237,0.6031306255864863,0.5761121117023329,3.152835823038849,5135.648376068376
nonaquatic,237376,312271,0.6392646698677129,0.4948280376132639,0.77361789301239,6070.013803418803
nonaquatic,237406,309988,0.7582433425036683,0.75224964848247,0.7965820011337857,5151.3499999999995
nonaquatic,237503,313782,0.4075729475008946,0.35008279853087393,0.5092911242431507,3505.7204166666666
nonaquatic,237515,310194,1.31182588679623,1.354497939149183,10.566668313678997,23078.120085470087
nonaquatic,237520,313941,0.5573278715295645,0.50179023422292,0.6645849163648136,4081.0923809523797
nonaquatic,237746,313686,0.7841305462362241,0.6853837490208622,0.845848279110879,6223.0366239316245
nonaquatic,237876,309316,0.5784367871207314,0.6327298974358975,0.7786417883308562,4181.266666666666
nonaquatic,237951,311157,0.41024338188608783,0.40468971455211455,0.4823954648526071,2693.2999999999997
nonaquatic,237958,313526,0.6117630245249948,0.5121685959444066,3.0019571068988746,19915.040854700856
nonaquatic,238066,310704,0.6084439153439154,0.5807788290598292,0.5599890495086919,4492.499999999999
nonaquatic,238088,309519,0.411309398267575,0.38716647305472307,2.5557492238448423,3232.6250000000005
nonaquatic,238198,309277,0.9925155468090009,0.8768932807688739,1.3112951142424638,8332.509544159544
nonaquatic,238199,314011,0.5376351878492979,0.4824568755798445,2.7558788113543153,4716.403802546659
nonaquatic,238201,313426,0.6909666426374471,0.6136556172161174,0.8834460114998376,16736.683333333334
nonaquatic,238202,311678,1.01053395113601,0.7868628656898659,1.0389319538926671,10452.78888888889
nonaquatic,238237,312874,0.5375897336809784,0.5037518009125378,3.153938718004163,3992.405698005698
nonaquatic,238265,312452,0.5027080073196165,0.4839048142131514,0.5382650416155236,6908.126460840747
nonaquatic,238269,311060,0.7546339483127618,0.7299818181767213,0.9300612297627049,7418.548809523809
nonaquatic,238278,312782,0.5780821406657904,0.7315813069073781,0.9003212868480712,4740.065079365079
nonaquatic,238395,313864,0.5805928514670156,0.4463892316378859,5.413522820321011,5022.358253968254
nonaquatic,238474,312924,0.9086902530297835,0.6205698425469091,3.855853445218532,6058.207142857143
nonaquatic,238507,310066,0.7018735932468226,0.5467254989908051,0.6647371725901242,7094.964285714285
nonaquatic,238664,310527,0.391467782446312,0.353317032967033,0.5199816043083894,3400.083333333333
nonaquatic,238675,312977,0.8507931495358938,0.731471597096237,7.017584313483565,6210.257333333333
nonaquatic,238771,312771,0.3818907096171802,0.337520715018315,1.846894490826633,3194.1833333333334
nonaquatic,238779,310948,0.41526066254766103,0.3740135012499197,0.49597219724849123,4353.583404558404
nonaquatic,238785,309654,0.49147192994845007,0.41374019466248046,0.5293039893100093,4483.246666666666
nonaquatic,238905,312414,0.7970530322153184,0.8155768409485253,4.189401107600056,7452.973646723645
nonaquatic,239024,313381,0.4180716477020245,0.5295604825069666,0.5655386936705079,3635.096581196581
nonaquatic,239132,311226,0.6153601073835829,0.6222275050300577,0.6647991780362082,4388.879273504273
nonaquatic,239161,313902,0.28700073279311733,0.26245810897435895,0.38284757653061174,2848.5194444444446
nonaquatic,239172,310597,0.7129855010685537,0.6808754276460379,2.0369270379881934,5947.360854700853
nonaquatic,239284,313911,0.5956040446249653,0.39292588236244474,0.5029786378762258,7421.366641025641
nonaquatic,239454,313490,0.7793457964519142,0.5687671126273726,0.7632224990594716,4581.056666666666
nonaquatic,239541,313903,0.5272936991981344,0.4195504875515463,0.5561328316875629,3942.2500610500606
nonaquatic,239626,311747,0.5481830546914618,0.5422747737735949,0.5895359152878699,3873.6450427350424
nonaquatic,239660,310722,0.5560289942643726,0.505461854945055,0.6227037414965981,4572.251111111111
nonaquatic,239688,313833,0.700913778084494,0.7268695627604891,0.9617914787797693,7124.642660425994
nonaquatic,239693,309415,0.5149482258224202,0.5097248124542124,0.7614111637304486,4461.28
nonaquatic,239706,311092,0.3006309841269843,0.31488963252747254,0.446551883219954,2701.7033333333334
nonaquatic,239708,311757,0.7575604597697243,0.5072747912176617,0.6017333332159683,10705.411499796499
nonaquatic,239759,312396,0.49794658864379604,0.4265423885372773,0.562714035581152,4853.725836385837
nonaquatic,239932,309858,0.7311900482415187,0.8048442068376072,1.1460418858654562,17177.177777777775
nonaquatic,239991,313281,0.7231590375491387,0.578557855957376,0.77724086156734,4546.348666666667
nonaquatic,239994,311814,0.4874475924378508,0.5363708493948157,0.6725252425826497,3877.7071794871795
nonaquatic,239999,313266,0.8143893011586132,0.7575708467032384,1.019213951723755,6194.082592592593
nonaquatic,240000,310548,0.7434258928571431,0.8247167609890108,1.1959961309523797,10789.491666666667
nonaquatic,240003,314090,0.827355228137256,0.7677109216014397,1.0478932731119577,7280.518689458689
nonaquatic,240121,311582,0.8697105859083263,0.7359738628389153,2.547052203185662,15048.962606837606
nonaquatic,240273,309970,0.8525183892804186,0.7804613546453547,0.8782887182342581,20809.566666666666
nonaquatic,240333,309875,0.37179286909278003,0.3985789790823212,0.5717812210384341,3226.5534900284897
nonaquatic,240361,312453,0.6805840686274511,0.7827271978021979,0.9414891369047613,10766.420833333334
nonaquatic,240363,311248,0.3323056460102283,0.32729152448428767,0.39884083533826203,2550.430235042735
nonaquatic,240417,309767,0.3036002067493665,0.27721417896389333,0.23129836410754764,3107.7142857142853
nonaquatic,240428,310903,1.2399722292250235,1.562448464835165,1.540693032879817,11002.650000000001
nonaquatic,240431,310144,0.4041053725924462,0.41148476190476185,1.7985445355350114,5903.533333333333
nonaquatic,240530,311268,0.5581628734851596,0.5366576163953004,1.8461852062395125,4540.44586894587
nonaquatic,240620,309945,0.397604712675768,0.28264433490319213,0.30705405944986663,2755.711111111111
nonaquatic,240641,310072,0.6807099284475694,0.6216283524706588,0.4601482213429588,15005.014285714286
nonaquatic,240650,313417,0.7057839979128908,0.5383053968253968,0.7155451895043724,17121.055555555555
nonaquatic,240695,313398,0.7401135245999012,0.6818453956709958,0.8330924122966971,6046.64
nonaquatic,240880,309406,0.5563046743697481,0.6325822595482296,0.8674926989795907,5252.568333333333
nonaquatic,241028,311849,0.5579324769814751,0.6673964761904763,0.7342136599511592,10125.141666666666
nonaquatic,241038,313150,0.3711644014272378,0.40889741899529053,2.097464950599287,3031.4071428571438
nonaquatic,241100,314102,1.7388219419310522,1.7362518380349543,1.960851529855172,14853.280959435628
nonaquatic,241188,310976,0.4304732017328911,0.4316309790620902,0.5830798050950314,3628.197530864198
nonaquatic,241222,313374,0.9038696830918316,0.6385244897959185,1.0334777426392325,24192
nonaquatic,241228,314259,0.6107007634118359,0.6198175998146074,0.7308255189689831,4445.1082469911025
nonaquatic,241237,310682,0.308376297185541,0.33636222082679224,0.36088104146420424,2532.5714285714284
nonaquatic,241272,314012,0.7355679424430839,0.7530403104752391,0.6468189590879639,6382.860714285714
nonaquatic,241279,310555,0.5356840517040151,0.4472610436813188,2.926014771825396,5112.745833333333
nonaquatic,241327,310576,0.3679653893557424,0.3235656791208791,1.414344659863945,3467.2733333333335
nonaquatic,241360,313000,0.32873808901338314,0.26783515506715505,0.34705120937263784,3018.5333333333333
nonaquatic,241426,310447,0.47114939026277197,0.4179115551648352,4.295093651721294,3668.638
nonaquatic,241472,309416,0.7225366941463802,0.7252493145319138,1.0324288476899417,5913.92621082621
nonaquatic,241483,310409,0.6418882489403618,0.5640368397602399,2.648593753548375,7079.120000000001
nonaquatic,241498,309768,0.499473382936508,0.5089716434981686,0.42974597157802497,4837.3291666666655
nonaquatic,241523,312472,0.47390382819794585,0.39053619047619037,0.506196116780045,6731.616666666665
nonaquatic,241570,310939,0.4099385635513327,0.4115675268941585,0.5401076963874358,3294.629700854701
nonaquatic,241577,309671,0.940348743466379,0.7678120477237049,1.1804024155037502,20677.233333333334
nonaquatic,241631,312445,0.26396789435650037,0.23778495238095235,0.3701081818710386,2302.6866666666665
nonaquatic,241703,314139,0.3977823969253258,0.3813888307692308,0.49827850838826393,3713.556652421652
nonaquatic,241714,309723,1.4704389847644024,1.0000097712145002,1.1816299812036128,8425.416666666668
nonaquatic,241715,313552,0.7662489846605312,0.6598868123685838,0.8745900453514732,14763.27
nonaquatic,241720,310672,0.47737569240287325,0.4414420279930595,0.5848339603020929,3666.7047008547006
nonaquatic,241732,313687,0.9494218303501614,0.6634231719998631,0.9796273679607785,8151.070256410256
nonaquatic,241808,310646,0.43054803316675516,0.4712602040816328,0.9101375332741792,3540
nonaquatic,241810,313823,0.7086000933706817,0.4725468498168498,0.7025214002267566,4786.833333333333
nonaquatic,241812,314190,0.7557052435176994,0.5404343549853655,0.9800145622599287,5787.380854700854
nonaquatic,241821,311821,0.5514219814561434,0.4362662681318681,0.5993842301878015,4648.964444444446
nonaquatic,241883,310385,0.35600496558681877,0.3698854443184886,0.5624371365723124,2845.9670085470084
nonaquatic,241891,311068,0.8237550703923591,0.8713585404083206,2.4605607613485683,7855.318852258851
nonaquatic,241954,314299,0.6255248493523041,0.4967372185562349,1.8579051735081666,8780.263924501423
nonaquatic,242099,313302,0.3982622111170037,0.43329826939726945,0.49682244888378757,12817.933333333332
nonaquatic,242104,313382,0.39030337668356324,0.29020135426478283,0.42949635386344515,2847.37619047619
nonaquatic,242144,309241,0.542482795696448,0.6077965335918468,0.7838876382278326,9757.981068376068
nonaquatic,242198,313501,0.703529838374618,0.629797812853813,0.7294469785065012,5154.755555555555
nonaquatic,242205,312473,0.37047600373482736,0.32084474458874457,0.3729259580498864,4465.34
nonaquatic,242211,309632,0.7586643977591037,0.9663756923076924,1.1214701530612232,6552.116666666667
nonaquatic,242225,309868,0.29488192577030814,0.248780864968365,0.3299289370748296,2713.3500000000004
nonaquatic,242452,313070,0.6144448099874873,0.5447613632852407,3.751734602866089,4915.421428571428
nonaquatic,242605,313631,0.638731851266681,0.8290960320320033,3.9589324561064365,10571.543376068375
nonaquatic,242765,310802,0.37166048172478094,0.34105234249084265,3.1931202113494974,3872.05
nonaquatic,242772,309242,0.4066383946802887,0.4626568365746808,0.6493006873958167,10612.839826839825
nonaquatic,242815,312559,0.6100709717220223,0.6196587732426304,0.8207949546485257,12312.277777777777
nonaquatic,242836,312462,0.3960584515056023,0.3864849732142858,0.43931801658163233,3376.41875
nonaquatic,242851,313256,0.34182276449217247,0.3429050109163018,1.6790634971560763,2998.1058852258852
nonaquatic,242859,310497,0.37666405744819315,0.32941447217730374,0.5004076566041546,3062.8076835862553
nonaquatic,242860,312002,0.7051035483580119,0.6718194433066933,0.891743163652624,19241.866666666665
nonaquatic,243035,309937,0.363654477926255,0.4501533644572971,0.5274970322689905,3068.6810256410254
nonaquatic,243046,310883,0.6824242589588122,0.7448720229400229,1.108474994625159,6012.472222222222
nonaquatic,243050,310291,0.5545395518207286,0.5501548131868131,0.9861809523809512,4699.7
nonaquatic,243100,312808,0.6715321778726087,0.6103933707029814,5.751958194966136,4934.617521367521
nonaquatic,243240,313408,0.7930620893246191,0.696381790964591,0.9078622252284742,4807.035555555556
nonaquatic,243309,309484,0.3056743001646911,0.32710374190283403,1.435630293416673,2714.6534900284896
nonaquatic,243315,311763,0.30015616363284947,0.596942790746096,0.39792149157706935,3182.733760683761
nonaquatic,243497,313375,1.108727041266094,1.010075442176871,1.3407183041481163,26738.2
nonaquatic,243589,313517,1.0792790369934981,0.8951543525779484,1.136297617620324,8467.133803418801
nonaquatic,243593,309537,0.4440464900608277,0.4304567535531136,0.528189543884686,3551.033333333333
nonaquatic,243596,311031,0.9410209461562404,0.3794737973137974,0.5130022864701431,5604.755555555556
nonaquatic,243597,310893,0.5837534078775014,0.7029710285208621,0.6776193248074721,5014.65484006734
nonaquatic,243599,309494,0.37500528944911304,0.39297330915750917,0.5421696485260765,6136.5
nonaquatic,243613,313553,0.44911501225252026,0.39929831805745275,0.5728901786082392,3071.8638095238102
nonaquatic,243725,312397,0.5946788480428653,0.708779385598612,0.8607502966041686,6278.547136752137
nonaquatic,243739,313742,1.0470171401894097,0.6935475572047003,0.9993509070294784,15610
nonaquatic,243740,313431,0.7335032212885155,0.6142170593406595,0.7741028602350025,6182.933333333333
nonaquatic,243741,312916,0.42145644257703097,0.41087719380619375,1.3777887755102034,3451.0083333333337
nonaquatic,243819,314111,0.6113980759571803,0.5793977141880341,0.7177215088837838,11904.632222222222
nonaquatic,243844,309989,0.9898870868634081,0.8383419018102558,0.668101291777667,6643.603125763124
nonaquatic,243886,310664,0.3432953729724417,0.34920579024233905,0.4605183264483425,3116.5724969474973
nonaquatic,243887,313353,0.4670724769907964,0.4022250109052852,0.6409374033041778,11678.765714285713
nonaquatic,243920,312344,0.9377648366071467,0.8501257984962407,1.1602597954283487,9178.453418803418
nonaquatic,244020,313048,0.6161963824259864,0.5319177736639777,9.918127706896815,11212.520634920635
nonaquatic,244053,311650,0.5208280053688144,0.5377303044455544,0.6906395904195001,3848.020833333333
nonaquatic,244058,311610,0.3426167328090988,0.3565222637041321,0.5120220753664046,3302.9806267806266
nonaquatic,244074,311526,0.413475924369748,0.39980489377289374,0.521050680272108,3063.5666666666666
nonaquatic,244106,310448,0.47042783780178765,0.40152038095238085,6.713228911564625,3630.8666666666672
nonaquatic,244139,312621,0.6020773225957051,0.5174861904761906,2.934695181405895,13112.3
nonaquatic,244283,310848,0.5909168271383685,0.5941084495392328,0.7438961692312482,5896.031794871794
nonaquatic,244443,314362,0.8482700537815128,0.8027644638827839,0.9416906394557812,6886.460000000001
nonaquatic,244447,312231,0.5647575018896448,0.4503099478458051,0.7139902305366586,11155.366666666665
nonaquatic,244498,310449,0.4967393354675205,0.4633007824175824,7.164539926303854,3810.307777777779
nonaquatic,244510,310368,0.43963994339694407,0.42054584036533643,1.773941030083788,3879.8058760683757
nonaquatic,244683,312066,0.25540633069894636,0.26482387479187486,0.3705970734126978,2285.633333333333
nonaquatic,244714,312425,1.0219986855710137,0.7004832203669766,0.9841961092004431,11494.011068376069
nonaquatic,244819,313554,0.7055622220488935,0.6390012822126853,0.8379168720541759,6027.408809523809
nonaquatic,245006,310673,0.4453806391223158,0.4057349716483517,1.4319522188208607,3563.0966666666664
nonaquatic,245010,313813,0.8608122213097585,0.8606245536743374,1.0715802347201866,8563.970014245015
nonaquatic,245063,311696,1.5343884220354813,1.8916971428571432,1.6164167800453495,10335.533333333333
nonaquatic,245139,309109,0.605200571902724,0.5557607279737807,0.583761854546206,4553.637606837608
nonaquatic,245200,313194,0.5927929645191412,0.6533660219780218,5.435555363584826,4400.924999999999
nonaquatic,245212,311093,0.5449704490523167,0.549237001702746,0.7087128703003136,4963.929517704518
nonaquatic,245260,309971,0.5295413857339338,0.651033948717949,0.8150839983920436,4667.525
nonaquatic,245295,311748,1.3178534874095562,1.2590136171197228,0.9851080061445665,8275.108547008547
nonaquatic,245321,310172,0.46436211726595417,0.43782132902743515,0.6340266296450547,3491.851428571428
nonaquatic,245349,310280,0.376195441748128,0.3958583467247038,1.046391603719409,13812.011904761905
nonaquatic,245361,310337,0.28480863808572543,0.2773578951683237,0.436876147753787,2144.5333333333333
nonaquatic,245372,310104,0.4946963368814194,0.49482148981684987,0.6503438922902485,3737.2393333333334
nonaquatic,245387,311611,0.39495282835356366,0.5703047136752137,0.48966619425547964,3098.694444444445
nonaquatic,245400,312103,0.8677900326797386,0.9116716450216452,0.7393278769841262,25230.75
nonaquatic,245412,312532,1.200631347696428,1.038670016666667,1.0449065570342349,13260.654999999999
nonaquatic,245520,313666,0.6760476386337125,0.6019804907092907,0.792471584103726,25791.18666666667
nonaquatic,245531,309576,0.4655037581699348,0.4916141721611722,0.6314552579365073,3644.8
nonaquatic,245551,312836,0.5203126361655774,0.5416640634920635,2.019568669690098,3184.6777777777775
nonaquatic,245680,313257,0.516659889122316,0.5146262721711621,0.6471100428777565,4155.261666666667
nonaquatic,245707,312722,0.5301903728991599,0.5642286707875459,3.392862215136054,4390.004166666667
nonaquatic,245718,311286,0.4831355660564881,0.414340270364556,0.7023454816630833,3954.6111111111113
nonaquatic,245721,310417,0.4363542080999069,0.39840485320512825,0.6497086210317453,3874.345833333333
nonaquatic,245847,309633,0.3385040088416319,0.38829116274201997,0.5015327057013275,3604.621428571428
nonaquatic,246003,311631,0.3552585627065678,0.3296006895756778,0.4543056512057648,2591.151346153846
nonaquatic,246004,309713,0.7360315852039573,0.5867738209239743,0.7363643591399418,4912.173809523809
nonaquatic,246017,313527,0.5302487461651328,0.7607213919413921,0.7519939058956913,11700.583333333332
nonaquatic,246232,312875,0.5766576155498684,0.593928411605938,4.542972299155189,4837.518803418804
nonaquatic,246300,313942,0.7228354925638911,0.6308472001521986,0.7927000760230704,5977.639145299146
nonaquatic,246301,309129,0.5687347630718956,0.5615147976190478,0.8812903769841256,4277.075000000001
nonaquatic,246344,313169,0.43300731209150356,0.4831915624542124,0.5878397307256227,3325.8483333333334
nonaquatic,246349,310329,0.4896264696895631,0.5895978775510207,3.396794456804225,4163.483333333334
nonaquatic,246412,311992,0.5605102501714972,0.5916499555393588,0.6468325177009578,5532.107142857143
nonaquatic,246435,313418,0.6571114759013502,0.6223023157509157,0.9790729837757634,14712.008333333333
nonaquatic,246473,311685,0.689751113778845,0.6470290109890111,0.7923944869614509,28937.458333333332
nonaquatic,246520,313091,0.9896741596711649,0.73729524628879894,7.0614068091947315,8567.904273504273
nonaquatic,246534,310624,0.6925004021635028,0.85291197705803,0.9787186986941218,8778.604273504274
nonaquatic,246631,313337,0.48327991608492465,0.5620524230190862,0.7431798428882513,4550.566068376069
nonaquatic,246935,311590,0.4647272743541863,0.39477541075591077,0.5386490526008377,3468.6333333333323
nonaquatic,247086,311924,0.5470419984260372,0.543048537875458,0.5098992018140586,15339.318666666666
nonaquatic,247159,312067,0.35363768335733553,0.3723018992538326,0.5453042580287921,3477.508148148148
nonaquatic,247169,312183,0.8551766677771869,0.9517046677766681,0.9218673813399993,5809.305555555557
nonaquatic,247257,314288,0.4006368880018674,0.4426531857509158,0.5093201456916095,15167.524333333333
nonaquatic,247291,309608,0.3799167907170165,0.353275573713129,1.248109133300425,3829.5170940170938
nonaquatic,247294,313463,0.5600885840039164,0.4946905751424014,0.6424678206971387,4281.30297008547
nonaquatic,247313,312247,0.8237836433282768,0.7704556940768983,1.7202624261149884,7614.503968253967
nonaquatic,247314,314260,0.5449323678834053,0.5808948610063622,0.5382297203796037,3776.171709401709
nonaquatic,247345,309159,0.7995210185199786,0.9118384862540969,2.5066018636255194,8131.589743589743
nonaquatic,247346,310467,0.4972110177404297,0.6885179633699634,0.6059999801587294,8552.291666666668
nonaquatic,247348,312248,0.5951039190533874,0.718880359843388,0.9233220154551877,6105.044642857142
nonaquatic,247384,310858,0.6232672729170331,0.6976579006816771,0.6990384949785404,4886.807187257187
nonaquatic,247407,313177,0.7154515756302521,0.47814217032967027,6.771418027210882,4872.372222222223
nonaquatic,247438,311477,0.4433878254257766,0.5169484822954823,1.0216829405456378,3830.814814814815
nonaquatic,247439,312375,0.7081429393979816,0.8884003519972091,0.6977858654572936,5702.066666666667
nonaquatic,247443,312048,0.36733457112102735,0.3893708574802391,0.4455062153783663,3436.1255341880346
nonaquatic,247576,313678,0.5388553608109911,0.5453038364302366,0.6089043310657593,11819.873333333333
nonaquatic,247597,312684,0.4387282259570496,0.42613158095238096,0.5864025283446709,7308.386666666666
nonaquatic,247645,309395,0.6519828110447328,0.6297102512579525,1.498181438894418,5227.27297008547
nonaquatic,247771,309769,0.46788927093059446,0.36761354267954277,0.8120971189359579,4341.14861111111
nonaquatic,247801,311778,0.7398247743541863,0.703947070707071,0.8810471741221739,5639.966666666667
nonaquatic,247802,309495,0.877931236246323,1.3402390359180922,1.2679980585911983,7416.411901709403
nonaquatic,247823,310036,0.7259402944752102,0.7478398574823013,0.9348431739443682,11030.7144973545
nonaquatic,247848,313991,0.5983211590441164,0.6259882699055331,0.7719009250798692,5817.524401709401
nonaquatic,247872,310214,0.6383267352955775,0.4157568554848661,3.530012960478402,5238.080854700854
nonaquatic,247880,312945,0.556762194100773,0.50226047259232,3.1067962851827073,4383.317806267806
nonaquatic,247930,309685,1.0379332849595846,0.9172217045177047,1.4880000347559257,20598.244444444445
nonaquatic,247931,309609,0.6621772041531442,0.7370959213145798,1.755977344919097,7094.595764235765
nonaquatic,247932,309232,0.7334435691090678,0.8245503565028831,1.047263292184388,6578.142585470086
nonaquatic,247936,313595,0.5332905609302546,0.45083624404167255,0.5774624184367616,14898.671428571428
nonaquatic,247953,309345,0.7579200709617183,0.6484350566766569,6.83379280560709,12583.313333333334
nonaquatic,247957,312068,0.3788513925763585,0.35740735849952515,0.5947701179092681,3914.3310185185182
nonaquatic,247977,310386,0.3868270418834204,0.43075019706959705,0.623712358276643,3263.953333333333
nonaquatic,247994,313120,0.48429553454715235,0.45138933809523807,1.4922588492063482,11925.009999999998
nonaquatic,247999,311764,0.29969766573296,0.2830030476190476,0.3769506235827658,2809.4666666666662
nonaquatic,248025,309118,0.6603468328998268,0.7779929025379383,0.7736835742630378,5465.691666666667
nonaquatic,248080,310832,0.54040418667467,0.5348401509157508,0.6601622321428565,3887.920833333333
nonaquatic,248150,309309,0.35932900426837405,0.3530164926216641,0.6106840589569156,3169.7999999999997
nonaquatic,248168,311275,0.5721810902138635,0.4575180463980464,4.803229213907784,4795.2222222222235
nonaquatic,248169,313158,0.5915096444350397,0.6217627598478142,4.948577130682177,4777.312942612942
nonaquatic,248173,311257,0.44738827264239045,0.5853214771894772,0.591899738198309,3624.066666666666
nonaquatic,248239,311127,0.5080034407988688,0.49054308545621045,0.6595822459102683,4410.214166666667
nonaquatic,248304,309346,0.6302501524419293,0.6553527385811468,1.7017943549273444,4576.578571428572
nonaquatic,248334,312069,0.42418312866479935,0.3909280539194139,0.49169720294784514,3124.5660000000003
nonaquatic,248357,309509,0.5711906298548606,0.7734015607865822,0.640117927759525,4536.355042735043
nonaquatic,248359,309137,0.6393900015326448,0.6793258417257679,0.7324426836526048,6172.337983312984
nonaquatic,248499,309897,0.6631869025015257,0.7908256582791358,0.9171156663839738,12987.798095238095
nonaquatic,248527,311099,0.2815227450980393,0.28730294798534806,0.34975913265306086,3049.475
nonaquatic,248656,312481,0.6418774990292873,0.7830734367197428,0.7302438637384816,7229.008730158726
nonaquatic,248677,312049,0.4138565390889565,0.517904440148329,0.6288349878711167,3558.7580246913585
nonaquatic,248768,313216,0.9676536269179243,0.824844246234405,8.695260010613701,7962.962255799755
nonaquatic,248880,312649,0.5369771320515784,0.4784818805860806,0.49258807983022235,4971.366666666666
nonaquatic,248900,311424,1.4398054621921732,1.5925166429397661,1.8560495813035758,18259.82094017094
nonaquatic,248903,310904,0.36667839169000943,0.6483729483516484,0.39874201247165497,2935.85
nonaquatic,248944,309527,0.49712455357446994,0.6262838649829703,0.4853106319490523,4146.393447293447
nonaquatic,249065,310874,0.8516600622471214,1.1146672034188037,1.173807311035524,7886.094444444445
nonaquatic,249089,312415,0.4064668172268909,0.4306016987179488,0.5568028486394552,3766.0583333333334
nonaquatic,249201,312142,0.9670861426303106,1.099788753919802,1.2191881572308272,6764.964814814814
nonaquatic,249334,310528,0.35771503081378486,0.30569422596105655,0.4282951067369052,3674.4975213675207
nonaquatic,249613,310173,0.2754518492887352,0.27628585592185595,1.990859785390346,2772.2833333333347
nonaquatic,249684,312213,0.3824006162464987,0.3491372307692307,0.5253352040816319,3349.133333333333
nonaquatic,249896,311012,0.4343502636622366,0.4197122972141894,0.5538926313785348,4038.0534900284897
nonaquatic,249928,312761,0.4008558948023656,0.3970690407370407,0.6553863670720802,3121.7777777777774
nonaquatic,250001,310894,0.5735536579199996,0.6291331942640692,0.6225046284769686,4320.798106060606
nonaquatic,250042,312956,0.6960289212827989,0.6837055528145325,2.9477206865195047,5754.781904761904
nonaquatic,250095,311661,0.606403659560693,0.6487316879592144,0.7217905228132213,4898.84935897436
nonaquatic,250130,311032,0.8523929631212187,0.8209966343779677,1.047298262789258,6564.899259259259
nonaquatic,250143,311797,0.692616441020853,0.5892960533910536,0.7792433295540435,7237.066666666666
nonaquatic,250187,310468,0.5851845805008128,0.7535327655549131,1.8788013849462586,17554.61780626781
nonaquatic,250197,309827,0.5239884436631796,0.5589883683935115,0.5860717687074825,4580.377380952381
nonaquatic,250291,313904,0.40766132041778574,0.38151489996465526,0.4709244233608941,3952.803205128205
nonaquatic,250572,313563,0.6947887955182075,0.6681372796092796,0.9531670918367338,17816.816666666666
nonaquatic,250667,311612,0.3740755979645698,0.39065121655420604,0.5871969283532421,3106.2129629629626
nonaquatic,250730,309686,0.7242953371858556,0.6360770158730158,0.920560564713251,17598.105555555554
nonaquatic,250901,309436,0.46554619714552503,0.37913385597259897,0.39662213718820827,6587.700000000001
nonaquatic,250956,309138,1.0620689017706897,1.013397294837878,5.095404735208034,23661.878703703704
nonaquatic,251061,310174,0.3058690178502774,0.25156917802197803,0.3966668577907349,2775.7466666666664
nonaquatic,251076,312164,0.8290922677440792,0.8561766899609163,0.9072026758816364,14413.243803418802
nonaquatic,251090,311591,0.4706258188989883,0.4271196987964418,0.7842692631857929,3527.3190476190475
nonaquatic,251098,312463,0.268073380952381,0.2597016549450549,0.4286111224489792,2825.893333333333
nonaquatic,251122,313363,1.3922215287106992,1.1142371631796777,1.4344260200898704,29671.746666666666
nonaquatic,251291,312552,0.6838766070970118,0.5921876907052847,3.85832003886584,12010.23903133903
nonaquatic,251312,312070,0.3819603164733256,0.3641571779496223,0.47894119613723646,3131.756790123457
nonaquatic,251364,310242,0.26233681905423684,0.2841510946799232,0.4095931156133947,2263.634444444444
nonaquatic,251381,313071,0.5033995985089887,0.35554812928475044,2.270296816648414,4139.0883760683755
nonaquatic,251417,310201,0.3831222318586337,0.44530964542124557,0.5763338402206253,2991.6183333333333
nonaquatic,251569,313772,0.7754901110999197,0.658306891790749,0.8709354301774657,25452.788888888892
nonaquatic,251716,311670,0.49114433325607687,0.4353105699379985,0.6262217558675885,4369.912698412699
nonaquatic,252001,314314,0.8978177054154995,0.945463805860806,0.972168041383219,19475.441666666666
nonaquatic,252113,314160,0.5598599213281451,0.436506258739623,5.722439328208564,4157.832478632477
nonaquatic,252153,313170,0.6107865312791785,0.6621249047619048,4.559154662698411,5085.45
nonaquatic,252183,311950,0.6773034085090645,0.6957352278700414,0.7859556265513513,6546.085156695156
nonaquatic,252336,309814,0.5907098204416171,0.5443565988457801,0.6045144470602818,13486.731523809523
nonaquatic,252345,310073,0.7031804338457575,0.8226719095870115,0.9348887355373711,13544.965367965366
nonaquatic,252394,313892,0.905154040582796,0.8623005389677493,0.9867946426986973,8296.217920227919
nonaquatic,252396,312434,0.5830606389377456,0.6852374391608391,0.541413700458444,5798.5761111111115
nonaquatic,252400,310588,0.4030786928104576,0.3718054652014652,0.526616383219954,3301.0000000000005
nonaquatic,252413,310387,0.32512513160819895,0.39223734188034187,0.48043314436885814,3310.9333333333334
nonaquatic,252439,312946,0.3732214995343146,0.34232139732828576,1.2284016427591384,3143.34735042735
nonaquatic,252468,312792,0.45829505018893124,0.43092373853865423,2.131513610218737,3305.6929487179486
nonaquatic,252546,312541,0.4271462744083633,0.4807171902145474,0.6780090783423717,8990.540476190477
nonaquatic,252549,311206,0.5542162472974339,0.5017193316033532,0.6411579566350122,3902.798880748881
nonaquatic,252550,311287,0.5557260562558357,0.5333768734598735,0.6001787885229842,4389.758333333333
nonaquatic,252552,312521,0.6864953053857842,0.6332807914828937,1.990507240127866,5950.015873015874
nonaquatic,252599,313159,0.5900243165159689,0.5027225903455657,5.828835180419941,4293.698565323565
nonaquatic,252613,309538,0.582085604106371,0.5711533596992483,0.6586992629696158,4922.100683760684
nonaquatic,252632,313247,0.887783158179351,1.7318532666267075,0.7066875690185067,14306.86
nonaquatic,252635,310803,0.5216550779194142,0.6112937472398946,0.8191922041314827,5156.25113960114
nonaquatic,252637,311452,0.4099858047385623,0.4118690439144189,0.574870245181405,3315.3125
nonaquatic,252638,311151,0.6403731248054779,0.5593088644688645,1.1405709510066644,5551.622222222223
nonaquatic,252657,309560,0.4209165866369307,0.4690230062948748,0.545268616567708,3685.736182336182
nonaquatic,252669,309147,0.500201478037574,0.49929161445279857,0.6744210038634063,3860.9180911680905
nonaquatic,252677,310833,0.5504445913246253,0.4667457525007306,0.6580822882379598,4888.419642857142
nonaquatic,252679,309655,0.35069829598506075,0.28990245421245425,0.36847626133786804,3767.4583333333335
nonaquatic,252680,309528,0.4458573599454376,0.5326729617119722,0.5037718720430279,3865.1941880341874
nonaquatic,252693,310455,0.4433151660664267,0.40271021245421246,1.488135142238713,3526.061904761904
nonaquatic,252694,312093,0.7477920728349712,0.6992455640640063,0.9656033385122471,5213.336752136753
nonaquatic,252697,309148,0.5283565896358544,0.5761915564102565,0.8323237585034005,4442.629999999999
nonaquatic,252701,312589,0.34463667450313473,0.35184661656200944,0.5855960175736958,3356.3416666666667
nonaquatic,252707,309926,0.45426512605042013,0.38997208791208804,0.39433102195423597,3264.4
nonaquatic,252719,312376,0.4523085553268928,0.43593511003962016,0.6141938613540644,3983.661904761904
nonaquatic,252720,310456,0.5062387228965661,0.5157046953046953,2.7910149820197425,4350.877777777778
nonaquatic,252742,311592,0.847929880976275,1.0942473396480068,1.3022497674603914,6274.324074074076
nonaquatic,252757,309297,1.0257892390289451,1.1315254078144081,1.1471581065759626,8756.588888888888
nonaquatic,252762,309724,0.8163498337151555,0.9175615636550585,1.082204432779896,7702.280056980058
nonaquatic,252775,309641,0.6284956956115781,0.813495668864469,0.8378671995464845,5917.433333333333
nonaquatic,252777,312403,0.46537036414565847,0.4598263736263736,0.7186335219542352,4409.793333333333
nonaquatic,252842,311393,0.40592833133253325,0.4233825641025642,0.5384897959183664,2851.547619047619
nonaquatic,252843,311433,0.3418900362404851,0.3308271553631554,0.8699813643674521,2603.0444444444447
nonaquatic,252921,312334,0.3503902325351719,0.314595304029304,2.359484716612962,7716.775
nonaquatic,252953,312993,0.5116913127917836,0.574489336849817,1.553607535147392,3881.313333333333
nonaquatic,252986,312714,0.4871152959897323,0.42685377784461154,0.5898216005150141,4936.624068376069
nonaquatic,253011,310565,0.5622426097154171,0.45377629972366823,0.620314743544787,5127.469515669514
nonaquatic,253063,314003,0.7260414360469224,0.6315105410603431,0.8215521457684837,9461.071418803418
nonaquatic,253084,312345,0.44176777311216336,0.37020768313090424,0.7158382168751725,5018.985042735043
nonaquatic,253180,310683,0.499650451291628,0.6370025787545789,0.6672117535903246,4156.933333333334
nonaquatic,253194,310507,0.4077469187675072,0.3549797257980115,1.4278328010424943,3379.7095238095235
nonaquatic,253492,312809,0.3543166036414568,0.3612944706959707,3.590840291950112,2829.191666666667
nonaquatic,253532,311805,0.3856137644657864,0.40241747120879123,0.40785101484230035,4443.745333333332
nonaquatic,253621,310729,0.7561857822942827,1.2924000000000004,1.4941107305393,8375
nonaquatic,253650,312696,0.6027917327861378,0.67114817982018,0.6243749975352456,5248.822222222222
nonaquatic,253714,309396,1.033298667000134,0.8839081711669282,4.407060566893422,9451.073333333332
nonaquatic,253757,311139,0.5073402164002856,0.5577465846153847,0.6635831260123088,4391.373333333333
nonaquatic,253761,309642,0.613979284377317,0.7772489971361973,0.7921599738736068,4474.68
nonaquatic,253779,313962,0.9987620106412379,1.0549059450724716,1.2571512504023536,7144.002136752136
nonaquatic,253829,312810,0.3331843207282914,0.3230264230769231,5.071743664965984,3116.875
nonaquatic,253991,309972,0.5724118848804526,0.5563604705587746,0.44961227194604303,5042.705333333333
nonaquatic,253997,310842,1.0720383286647999,0.9390036776556778,1.175512471655327,8338.816666666666
nonaquatic,254066,311033,0.44526063492063506,0.3812561831501832,0.46851909297052113,4065.033333333333
nonaquatic,254333,313783,0.8220521840723868,0.7246566991104135,0.9463467563917555,13169.86
nonaquatic,254337,313409,0.6834085901027077,0.5363723076923079,0.8793695011337862,15843.966666666667
nonaquatic,254589,311593,0.5075300408540528,0.6712777362348178,0.6078891251993784,4701.569230769231
nonaquatic,254690,309691,0.4089623790241594,0.34624656776556784,0.3580467486483171,3831.775
nonaquatic,254807,311726,0.4819826641767819,0.4426941147741147,0.6522533068783063,5169.833333333334
nonaquatic,254831,314239,0.6598850780812326,0.6452839693589743,1.1225679175170058,5968.044166666666
nonaquatic,254844,313834,0.5723132577072289,0.5752993908112589,0.7529299029760134,4216.73382051282
nonaquatic,254878,309130,0.3123183435910846,0.32524284612974746,0.4169349734749169,2890.9396367521367
nonaquatic,254881,311857,0.4075865521258937,0.4189493830576442,0.48495067264449426,3489.1657094017087
nonaquatic,254926,310094,0.27736250069065654,0.2854009659976865,0.4120798207941744,2063.231282051282
nonaquatic,254929,310566,0.5052397261126673,0.37679846642246645,0.9836972600151166,3844.1777777777766
nonaquatic,254950,312104,0.5406125516873417,0.5923779047619049,0.7418335884353735,4315.833333333334
nonaquatic,254962,312957,0.5762608013046491,0.6418611926690089,2.8769757181175897,4716.912698412698
nonaquatic,255068,313764,0.9249938558339187,0.6842875315313924,0.9831039130648795,7164.45168091168
nonaquatic,255079,310154,0.7159909975149814,0.7546447392841078,3.1990654880648175,12266.558404558404
nonaquatic,255081,312578,0.5743935369139893,0.7045716739926742,0.7378381281251811,5031.845833333333
nonaquatic,255128,309770,0.4473889365079366,0.30078832380952397,0.29485385461760466,3944.095
nonaquatic,255162,313322,0.3934826225490196,0.4176329596023024,0.590341998299319,3473.233333333333
nonaquatic,255175,310982,0.28365271108443396,0.30295216064887487,0.9309554543245863,2332.335714285713
nonaquatic,255176,310243,0.41839919350996096,0.35299521728937727,0.6072321278417343,3296.653333333333
nonaquatic,255210,312958,0.5080142907162867,0.5847839871794872,3.0177447704081612,4075.733333333333
nonaquatic,255235,313583,0.5750697821360499,0.5016123810680548,0.7550891883159108,5312.11168091168
nonaquatic,255363,310693,0.8438889054209919,0.7686396647485846,0.8760334227405238,5794.693333333333
nonaquatic,255425,309587,0.6903913542060199,0.8283914001831503,0.9443395827882426,5414.5374999999995
nonaquatic,255471,311840,0.8728552052873881,0.8241791811768482,0.7979225130037917,14288.865185185186
nonaquatic,255473,309980,0.7179918720821663,0.5276406996336998,0.667534376417233,5456.266666666666
nonaquatic,255480,313943,0.705576329560699,0.5939663788239831,0.7723301181144213,5293.524757834756
nonaquatic,255481,314279,0.5473310665945205,0.6515812837221258,0.7536326541401643,4239.30349002849
nonaquatic,255548,311039,0.5445651144054068,0.531496500732726,2.475442323648106,4319.8597985348
nonaquatic,255550,313110,0.6749438779733282,0.7652633976286872,2.3621240553087466,5698.253205128206
nonaquatic,255584,312335,0.8739352469105307,1.0300399963369964,1.2837775392467463,16816.016666666666
nonaquatic,255597,310359,0.3504911029426365,0.35229381958743006,0.5798961577573131,19293.43418803419
nonaquatic,255618,309953,0.7989619832319614,0.6505993616734145,0.8809868758047091,8302.737606837607
nonaquatic,255639,311207,0.8660065534583649,0.702094911605938,0.8064696177492932,4930.11047008547
nonaquatic,255650,309742,0.513330826012945,0.501835910941666,0.5658060439270531,3964.078968253968
nonaquatic,255682,311765,0.3012926018333121,0.27345705986119145,0.4087955010926516,2179.896367521367
nonaquatic,255698,310905,0.3924594957983194,0.41749398534798543,0.4276920238095234,2847.9
nonaquatic,255719,313765,0.6467310137877945,0.5890673009927748,0.7968514586747867,5497.208490028489
nonaquatic,255729,311413,0.5047857049486463,0.5496931135531133,0.7552075963718808,4565.333333333333
nonaquatic,255794,310930,0.4956723472722424,0.3958267537938252,0.5717992008275162,4301.330952380954
nonaquatic,255795,313850,0.48227668845315913,0.4036247629703631,0.6197133068783063,3834.604444444444
nonaquatic,255822,310884,0.3720888304200217,0.34456864668664666,0.5255788061321386,3217.8444444444435
nonaquatic,255942,311496,0.28340701680672276,0.23384230769230768,0.36071966991341964,2799.4083333333333
nonaquatic,255991,309278,0.7298592450535466,0.7014103474232999,0.9406141682388727,5523.575661375662
nonaquatic,256222,313584,0.5403950332673324,0.4613305617405337,3.6462955736711473,4024.266168091168
nonaquatic,256224,310301,0.37254324803995675,0.4155563440316297,0.5229414336104807,3671.8851851851855
nonaquatic,256232,313973,0.43371974478680353,0.3621199633699634,0.5345953892668172,3671.5
nonaquatic,256234,314161,0.4821196217105814,0.44391897278300657,0.5250468619181502,3485.8151111111106
nonaquatic,256239,313851,0.42893439500982805,0.3350839365721998,0.4679424355237909,3384.4635683760685
nonaquatic,256244,310895,0.8606672522098532,0.8626763633267318,0.8455341765990806,7068.107394457393
nonaquatic,256277,310457,0.45791607656395905,0.4878206739926741,1.8759206148216854,4558.323333333333
nonaquatic,256279,311403,0.39400069561157813,0.35465774605394607,0.5371647165532873,3200.9333333333325
nonaquatic,256281,312329,0.5438924792583703,0.73614338974359,0.7928372392290244,5247.17
nonaquatic,256305,311963,0.31157667483660145,0.3217404642857143,0.40741138038548697,2821.208333333333
nonaquatic,256376,313735,0.919989372622874,1.0281553156966496,0.997994755336947,17346.125925925928
nonaquatic,256407,313282,0.7844864279489576,0.6763462993850595,0.9582708737717299,5950.568888888889
nonaquatic,256418,310785,0.577971252183044,0.5960777326879471,5.827610312754877,9542.372222222222
nonaquatic,256419,310488,0.4544163422035482,0.42843864102564094,2.564333798443619,3615.633333333333
nonaquatic,256470,312675,0.5902574813258636,0.62280971978022,0.6089095804988659,13688.85
nonaquatic,256479,310164,0.3556172362287978,0.3205809786260523,0.4810861032131828,2884.8616809116816
nonaquatic,256505,311951,0.3991129268392266,0.4674642685319068,0.49198193897668746,3091.255235042735
nonaquatic,256509,309634,0.36396042082605945,0.39973505214785215,0.49715798180137893,8737.546666666665
nonaquatic,256555,309617,0.46512150070423663,0.6935535625559626,0.6287290855877226,3670.255555555556
nonaquatic,256607,310769,0.4723425752133148,0.49344982980738084,0.6243203015085903,17061.06349206349
nonaquatic,256627,313585,0.40703634539530104,0.339891591537714,1.3904231910315141,3456.0457142857135
nonaquatic,256652,310388,0.3355926401819849,0.3583474243300559,0.5542430067615856,2638.517200854701
nonaquatic,256681,309876,0.5127407551426867,0.5033034157027183,0.6431506158840743,13317.712606837607
nonaquatic,256820,314091,1.2320658175098382,0.8645027962013296,3.2189853685233056,13810.21814814815
nonaquatic,256976,310175,0.3642071658885778,0.35418667838827833,2.540980343915343,3447.082222222222
nonaquatic,257079,312012,0.4662681605975725,0.4231375238095238,0.4806822675736954,3547.3199999999997
nonaquatic,257216,310450,0.5346853799578203,0.5649992937343358,5.256192849566668,3855.5175854700856
nonaquatic,257257,309916,0.24818569094304394,0.20172583394383395,0.2932269029581526,2588.5972222222213
nonaquatic,257374,310105,0.3719317596855507,0.42712008475326013,0.5324278936596623,2996.030132565845
nonaquatic,257380,311013,0.8041353174690764,0.8013717917170551,1.1226469181992111,7291.705128205129
nonaquatic,257467,310244,0.816217964560617,0.8020243854082761,4.931457783092295,6503.738854700853
nonaquatic,257484,312003,0.8199329064959319,0.639209393939394,0.7067977607709747,20726.25
nonaquatic,257521,313773,1.3088162071177676,0.9249382526226608,0.9301567441035367,24735.28571428571
nonaquatic,257581,309752,0.2737558996932107,0.4228593281004711,0.24560009920634907,3138.125
nonaquatic,257621,310112,0.6185060690943046,0.6887114285714284,4.053538265306121,4856
nonaquatic,257877,309753,0.49484734603254366,0.48654622607460585,0.4926717510467659,5013.045238095237
nonaquatic,258015,310920,0.3167391979062489,0.29592875759912596,0.41845415208598163,2791.2861823361823
nonaquatic,258101,310254,1.0402393725477772,1.057776334332334,4.475346064678705,20250.63
nonaquatic,258162,313912,0.6501659181499022,0.646358776960717,0.7840009096273814,6829.658404558405
nonaquatic,258175,313290,0.35307727863489224,0.3115105144913566,0.446847320360188,7259.200712250711
nonaquatic,258266,312143,0.7511617403642717,0.8540787614550863,0.6764335933376061,4389.834188034188
nonaquatic,258408,309838,0.7883163605871079,0.7216749946288409,0.8838111396249487,15815.644642857143
nonaquatic,258619,313029,0.3689808703798981,0.3743242806558522,0.5352966931216926,3271.0873015873017
nonaquatic,258907,310750,0.26527876845743464,0.22375893203819988,0.3087477673120527,2694.8273809523807
nonaquatic,258961,311258,0.38847045829442906,0.37479891514041513,2.5342874622071045,3506.8277777777776
nonaquatic,259015,312289,0.3813367837844237,0.31157722573260077,0.4339328107738819,4408.229166666666
nonaquatic,259056,311896,0.4833417927170869,0.5259563476523478,0.4615922047000612,3178.033333333333
nonaquatic,259104,312801,0.5330062994086524,0.42205364102564097,2.1023233938019645,4372.9222222222215
nonaquatic,259107,313953,0.6143429314442888,0.5939824758901061,0.8016377743256109,5014.565410561661
nonaquatic,259747,312094,0.8658471210706506,0.8676995404595406,0.888513359788359,6627.566666666667
nonaquatic,259842,312095,0.9582273684667668,1.2079438095238098,1.0120092921226453,25588
nonaquatic,259860,311468,0.8271408324694167,0.6334615541125541,0.5941433251301261,5448.25
nonaquatic,259908,313081,0.5446177871148461,0.568405695970696,2.438053946351266,3909.3
nonaquatic,260189,309397,0.6496941803388022,0.7208468234432234,2.143492256235827,5682.466666666668
nonaquatic,260360,314033,0.6503238144986319,0.5223566621256437,4.591485492487348,14927.519337606838
nonaquatic,260491,312904,0.7162078514812222,0.8178328891459417,4.627013923707203,5629.6709401709395
nonaquatic,260565,310751,0.2979376991410781,0.3044871070992499,0.45154681861348467,2518.119047619048
nonaquatic,260765,313178,0.501328454131653,0.41858880192307696,3.6705050212585024,4241.645833333333
nonaquatic,260845,312238,0.5481011884230914,0.37230595350228,0.5745530916605256,4079.5285714285715
nonaquatic,261078,309298,0.5937027942267313,0.5884433247863248,0.8462242562552077,5259.433333333333
nonaquatic,261079,312650,0.755477769772505,0.9765769401709405,1.857087332596856,14308.388888888887
nonaquatic,261106,314191,0.8762690299167573,0.5606923298869554,0.7796914497174278,6694.018547008546
nonaquatic,261110,309475,0.7344708748489726,0.9010320224220225,3.246731647105482,4888.703030303031
nonaquatic,261118,313992,0.7634748234745223,0.76061848977689,1.0344123273380188,6309.692863247863
nonaquatic,261139,311671,0.46785635971420053,0.34134860807613443,0.3760099380440779,2814.602136752137
nonaquatic,261143,314051,0.6896615336134455,0.5567533516483518,0.5976658627087196,5096.558333333333
nonaquatic,261150,310598,0.6846805322177512,0.6080093449007133,1.7916908438333865,6162.363960113958
nonaquatic,261182,309946,0.3394687024809926,0.36385301316937035,0.5472071995464846,2780.588888888889
nonaquatic,261211,312876,0.5801179038330642,0.476062243557612,4.594167691390592,4949.480626780627
nonaquatic,261290,312416,0.7253993977664029,0.655671213321766,0.829018628922623,6482.187606837607
nonaquatic,261306,310458,0.6236918394024278,0.5382610805860806,2.304621980648319,5359.7875
nonaquatic,261352,310665,0.32656255835850095,0.33771510827549645,0.4754617185968685,2622.9614850427356
nonaquatic,261363,314343,0.448728119458123,0.4269405916613213,0.5088662268369409,4596.432841880342
nonaquatic,261370,313546,0.7440543252856701,0.6716239977799978,1.0018625171785878,5600.605555555555
nonaquatic,261383,312984,1.0838272175536885,0.8041299926739927,10.28140070861678,6623.700000000001
nonaquatic,261422,313283,0.8813253829764832,0.6701067686409496,0.9222483467200986,5570.249515669516
nonaquatic,261446,312249,0.818527428779483,0.7671291057411979,0.9963411924459298,8027.414285714285
nonaquatic,261605,314373,0.8686047536474908,0.7256720279584363,1.1130710847893055,17167.141269841268
nonaquatic,261616,310567,0.8474308870214753,0.6804368937728938,7.101738548752833,7721.133333333332
nonaquatic,261651,312886,0.4182687535014007,0.4237762234432234,0.6267839498299314,3530.6791666666663
nonaquatic,261668,311679,1.2135822362424227,1.4042031808892868,1.4475603587522758,8300.425213675215
nonaquatic,261753,309407,1.3052372432379247,1.117387691343744,1.364936202618768,9140.87094017094
nonaquatic,261824,310740,0.8118214090070122,0.836165153846154,4.082894733947709,8043.1
nonaquatic,262053,309692,0.3125848406029078,0.2645741476301477,0.3064364512471655,3069.2944444444447
nonaquatic,262075,311334,0.8369685440687649,1.14561038961039,1.32853963166463,34050
nonaquatic,262321,311544,0.478034347576012,0.4389906643531907,0.7306001449601769,4561.852136752136
nonaquatic,262538,309877,0.40956693724025567,0.4483131426129426,0.5136313473167041,3232.963333333334
nonaquatic,262547,312510,0.7512212418766677,0.726492250666567,1.146459023904055,13370.932539682539
nonaquatic,262707,310529,0.8048436998132588,0.7012562326007328,3.806157284580498,6994.583333333333
nonaquatic,262708,309426,0.8073634617180206,0.8643134633699635,1.2397972335600895,6855.986666666667
nonaquatic,262720,312511,0.5724436108266798,0.6185636575491582,0.7292153482120085,8938.992297517298
nonaquatic,262746,311128,0.7427241654995337,0.7056526122710622,1.1821188832199532,7257.766666666667
nonaquatic,262797,309807,0.8201127568926463,0.8619175035837432,0.9265121124631926,25372.9791005291
nonaquatic,262866,310694,0.5337553338001867,0.5157034310689312,2.5417789611678003,14535.541666666666
nonaquatic,262936,310195,1.0057479645191414,0.7431943677655679,1.2041794206349195,26664.976666666666
nonaquatic,263111,310058,0.5201639160098132,0.47043184371184377,0.6152070638796823,4553.5
nonaquatic,263441,310349,0.7583912492799219,0.6776419431796274,1.4178472432765503,7026.390313390312
nonaquatic,263445,311766,0.2569084928415812,0.2803119545454546,0.39806101662887317,2384.638888888889
nonaquatic,263458,310338,0.5419533370014675,0.6867398223443224,0.7613099773242622,5368.9000000000005
nonaquatic,263480,309954,0.45111482293897953,0.3733126437728939,0.5021586774265981,56091.875
nonaquatic,263527,312925,0.6969946436352319,0.5863718070818074,3.837434259259259,6042.3
nonaquatic,263619,313437,0.9455165025887239,0.8843231455561984,1.2820529057285832,16212.004273504273
nonaquatic,263623,314168,0.6340576977902274,0.6301503490420692,5.924863200869235,5511.667222222221
nonaquatic,263662,310589,0.4125200124518574,0.3436733885675728,0.5291772499762001,3157.7792022792023
nonaquatic,263669,313803,0.7071122931709342,0.47186788543152763,0.6058047055675734,4433.8584900284895
nonaquatic,263702,309279,0.6393434936240663,0.6098820185908742,0.8544304220060113,7111.970987654321
nonaquatic,263703,310418,0.34412324929972005,0.4031437142857143,0.5484784863945572,2881.7
nonaquatic,263878,311069,0.6792281521704289,0.5765239321821035,6.9401602560057825,6279.288888888888
nonaquatic,263885,310875,1.214686337959626,0.9553718280638411,1.4282815041432075,18391.10404761905
nonaquatic,263895,312783,0.6178094857413866,0.6140813283330426,1.9193197215923392,4467.213756613757
nonaquatic,264008,313640,0.5678186434059538,0.5197079009858714,0.673109795749666,4116.492307692308
nonaquatic,264011,312569,0.7940025626478328,0.8019220180781622,1.0927858639236554,7284.594822954821
nonaquatic,264013,310770,1.519399952867604,1.0196785714285719,1.2339638142100426,25930
nonaquatic,264067,310215,0.46917026937441647,0.41993975494505503,3.5203053344671202,4660.696666666667
nonaquatic,264075,313555,0.9429477143524078,0.6019127541601255,0.82459165249433,6984.661666666667
nonaquatic,264221,310155,0.9330708520074695,0.9171123854700857,3.988743849206348,12480.016666666666
nonaquatic,264236,311198,0.3431725440200402,0.38701200023368443,0.4645989250603751,2648.818091168091
nonaquatic,264238,311686,1.1675540524885304,1.2712900854700857,1.3396549858242028,26747.333333333332
nonaquatic,264252,311218,1.1588989805136143,0.9772607222672066,1.060337838674988,7705.477777777778
nonaquatic,264255,311453,0.44635574930044997,0.4175833973894526,0.5217944224160711,3278.0920940170936
nonaquatic,264391,309263,0.9823993464052292,1.045993072793873,1.4061540434961852,12137.186666666666
nonaquatic,264652,310124,0.5756903548085903,0.5705596996336997,0.8911572562358265,5451.983333333333
nonaquatic,264674,312837,0.4351403730158732,0.3966095792673993,6.661879062358276,3750.343333333333
nonaquatic,264677,310113,0.37202764439109,0.4132340136054421,0.5938188370586319,2852.1428571428573
nonaquatic,264709,309417,0.9536678649237477,0.8797573666333668,1.1246312547241104,7341.333333333333
nonaquatic,264848,312917,0.44883746965452864,0.43459737409257404,1.2666135147392283,3281.9266666666663
nonaquatic,264923,312723,0.5511077538515409,0.6223353880036631,3.7930107185374147,4318.195833333333
nonaquatic,264944,311916,0.31858671174819136,0.36153987776282676,0.384323592985947,3612.0436507936506
nonaquatic,265019,310786,0.4238761157796453,0.4130241758241758,2.376757276850133,4166.933333333333
nonaquatic,265046,312750,0.5589251949112977,0.5751131093073594,2.225869189342403,4903.15
nonaquatic,265052,314344,0.39786871677637775,0.342339820236839,0.473270630783973,2839.886566951567
nonaquatic,265096,312965,0.5443181325040493,0.4642542291962423,4.52190257779554,5992.317735042735
nonaquatic,265104,309243,0.609466732467659,0.5999588467754469,0.7800192944357223,18174.384444444444
nonaquatic,265157,313270,1.002488061541576,1.0506726904132506,1.072312389369879,12628.926216931217
nonaquatic,265205,314131,0.7601009323729495,0.7357411908091906,0.8540952087198508,21298.573333333334
nonaquatic,265297,311831,0.8369511297732963,1.1456067628044473,0.8873526209149724,9292.812535612535
nonaquatic,265310,312435,0.5407229698575281,0.4002151989446143,0.5128601258630096,5535.1830427350415
nonaquatic,265326,314374,0.7743076621124643,0.6398858745109766,0.8623425968346514,6534.67142857143
nonaquatic,265460,313484,0.6526000479217847,0.5300635051099696,0.7166784902676643,16702.180555555555
nonaquatic,265541,314152,0.9850634738869912,0.9187359471370735,1.2025931957552816,9696.387136752137
nonaquatic,265545,310983,0.49442752054155015,0.28509787157509153,6.227465621315192,3249.98
nonaquatic,265611,309743,0.3953065826330533,0.3630214505494506,0.34681163265306103,3097.253333333333
nonaquatic,265646,313474,0.5642093797911328,0.5166148145021645,0.6703971511426479,10006.76
nonaquatic,265657,311189,0.8506951387221557,0.9376600169639886,1.0873064058956914,7082.826666666666
nonaquatic,265662,310606,0.8446955553818429,0.8108965992673991,1.2822256664694849,18786.646666666667
nonaquatic,265664,312542,0.5903702256096238,0.5465449523809524,0.7359275667052053,25177.8
nonaquatic,265666,310263,0.5876963748165933,0.6830448916797488,4.420411099773242,4535.666666666667
nonaquatic,265669,310949,0.4174226458953395,0.3756058171004434,0.5477737163887494,4321.718803418804
nonaquatic,265696,310369,0.4034828171268509,0.40102060910518056,1.3189763605442173,3034.0428571428574
nonaquatic,265727,312772,0.38448521942110186,0.3431676234432234,1.4101498441043074,4082.708333333333
nonaquatic,265749,311061,0.49762617211111,0.4098352175909611,0.8184323800014134,4292.078231292518
nonaquatic,265768,310921,0.7987321118994611,0.7722807140029562,1.1368383465253804,7414.0507122507115
nonaquatic,265778,310375,0.49694806429238386,0.5921608140526141,0.7230652934961855,13669.23
nonaquatic,265793,309299,1.4164180737677052,1.6053262089699774,1.6477772842580416,10985.065071225075
nonaquatic,265825,314307,0.7133625654706329,0.7041818168498167,0.9263708380574445,10319.916666666664
nonaquatic,265829,310804,0.6779532197052083,0.7779074022315404,1.119522113732486,5529.105235042735
nonaquatic,265843,314140,0.6028429470642501,0.5701839483962704,0.7883694059794695,5609.805666666667
nonaquatic,265901,310350,0.30719071107700957,0.3001674170040486,0.819066015548434,3297.771367521367
nonaquatic,265922,312613,0.42738129412157067,0.3696887020757021,0.5541909257806615,9631.072222222223
nonaquatic,265942,313041,0.38693475256769394,0.3810182472527472,1.2985710104875274,2691.2125
nonaquatic,265964,312733,1.7015849429295529,1.7577639233356217,5.173068353926603,43635.950793650794
nonaquatic,265982,314270,1.0350192343604108,0.7198693831501832,1.2304977834467112,6903.216666666667
nonaquatic,265991,310977,0.36554244631185817,0.38855595604395604,0.5431398185941035,2770.166666666666
nonaquatic,265998,310202,0.3812921730904232,0.3350107106227106,0.8332046167897351,2922.1055555555554
nonaquatic,266002,311158,0.3222894911297854,0.28157006593406597,0.44504278628117866,2372.891666666667
nonaquatic,266009,310114,0.4624898220121384,0.4342711535714285,5.234511948696143,3809.3291666666664
nonaquatic,266036,312221,0.7837467050153398,0.7163575250225964,0.9495843253968244,7451.85
nonaquatic,266038,313874,0.8538658415570974,0.809137522191468,0.9439299797310626,16820.84594017094
nonaquatic,266039,310292,0.5830943043884222,0.5954887619047617,0.9000841269841257,4923.6
nonaquatic,266041,312366,0.3679324229691877,0.27409309523809533,0.47359013605442163,12497.208333333332
nonaquatic,266046,310429,0.3270445043572986,0.31555373369963374,1.289837908163265,2765.8351851851853
nonaquatic,266051,313723,0.7469992254214314,0.5635886308669109,0.7586239939295707,4648.671111111112
nonaquatic,266089,313185,0.6266496693146023,0.5903298153074995,2.630200814705123,4971.668091168091
nonaquatic,266091,309990,0.6203278186830288,0.6859623404151406,0.7324711228269081,4754.585555555555
nonaquatic,266092,309771,0.5283381294740119,0.4495408034188035,0.39960176681783816,5740.65
nonaquatic,266103,309869,0.258904999221911,0.23457281257631257,0.2911030320208888,2267.0833333333335
nonaquatic,266104,309679,0.7274667402290491,0.7993510535341204,0.9245888339793269,25129.999074074076
nonaquatic,266249,313225,0.40809493930905705,0.39655728205128205,2.119828032879818,3661.366666666667
nonaquatic,266279,310006,0.5681936581168416,0.4061580268620268,0.6280131727871519,8184.544444444444
nonaquatic,266283,309991,0.9543770001813194,1.020324664880358,1.2145744722605425,9383.140606060606
nonaquatic,266291,311822,0.4277454839713665,0.394366755022755,0.5778953703703695,10268.711111111112
nonaquatic,266292,311269,0.3977538617347265,0.527193043956044,0.5488715647919721,3325.0238095238105
nonaquatic,266305,310911,0.3401980871515275,0.41212213434065925,0.5847102791950105,3523.004166666666
nonaquatic,266313,310046,0.2811249844382198,0.24699908424908426,0.34737324735449676,2192.936111111111
nonaquatic,266399,312773,0.2901780298786182,0.24496229703629704,2.2109989839723765,2324.5833333333335
nonaquatic,266435,310508,0.5872743650881573,0.6469541390132502,0.7303712672924458,4729.086419753087
nonaquatic,266437,309149,0.4243694569490114,0.4878368690427993,0.5733090727954534,3242.200427350427
nonaquatic,266473,310509,0.49980707983193295,0.38070717149517147,0.6120357568027206,3279.583333333333
nonaquatic,266549,310805,0.6672590902087094,0.6687568118648269,1.8597841988128905,6535.620268620267
nonaquatic,266591,310684,0.38947655728958264,0.4276938273155416,0.40081460560414595,3361.359523809523
nonaquatic,266598,311697,0.24478740813785838,0.24436770877874964,0.38583048922516844,4196.061904761905
nonaquatic,266609,313258,0.39313552521251716,0.4051667208464049,0.49883479008820447,3404.5625356125347
nonaquatic,266649,309947,0.3530279365079367,0.3044312486446886,0.4228413560090696,2343.7133333333336
nonaquatic,266697,313248,0.7300978610861316,0.6276834006553447,0.8642542478510901,17895.404666666665
nonaquatic,266718,310007,0.4391798819527811,0.3815831098901099,0.44491738301381123,3154.855555555555
nonaquatic,266726,309815,0.5040887465010326,0.6135388165285006,0.7653904500036852,18744.94031339031
nonaquatic,266768,310376,0.3679488229158331,0.3577272772161172,0.875316781282209,2941.670666666666
nonaquatic,266783,313013,0.6464114842826021,0.5595991704517705,1.8792018858654564,4123.3711111111115
nonaquatic,266814,313993,0.5396729613055504,0.5543371194139194,0.6976715239027863,4594.922112332113
nonaquatic,266830,313410,0.9031419811061681,0.665092060939061,0.8812722374068666,5907.341666666666
nonaquatic,266900,313994,0.5335426796004118,0.6794041301731601,0.7191410908870035,4411.829285714286
nonaquatic,266902,309981,0.3949001898537193,0.3117197118437119,0.45609225245653773,2986.6222222222223
nonaquatic,266903,310712,0.8801376329879722,1.4153142857142862,1.6658485958485936,12230
nonaquatic,266906,314169,0.7903530246325984,0.6817804892014652,3.8926818010837225,6446.548
nonaquatic,266908,310133,0.358640466631097,0.45794636874236894,1.5669547099395307,3410.2361111111118
nonaquatic,266995,312232,0.556896484010271,0.5023500773809524,0.7954132723922894,9583.479166666666
nonaquatic,267054,311739,0.5410603841536616,0.6693165887445889,0.6231896258503394,4044.333333333334
nonaquatic,267085,311414,0.25832772442310264,0.25717818533847103,0.3873267816650464,7886.880952380952
nonaquatic,267092,311404,0.5454100933706818,0.4847049310689309,0.7189715702947834,4202.583333333333
nonaquatic,267141,313399,0.7091898367198455,0.6268129494260126,0.8372717419812219,5197.989401709401
nonaquatic,267160,312570,0.7000907679762892,0.8152211820962666,0.7950557617950693,6667.841424501426
nonaquatic,267593,312866,0.5122188450046686,0.4678894424908425,1.8023385997732417,4780.996666666667
nonaquatic,267639,314261,0.5943401730368341,0.5781777784196757,0.662127138940424,4121.511619047618
nonaquatic,267646,313001,0.4019594397759106,0.3895659291819293,1.5563235260770967,2962.2111111111103
nonaquatic,267714,309754,0.4943220783789707,0.5326937613559912,0.656879493208848,4790.636904761905
nonaquatic,267789,312041,0.6265148804408198,0.3209745054945055,0.5296534132062187,8459.183333333334
nonaquatic,267852,309347,0.6680168067226894,0.6649222857142855,1.0004360544217672,5570.6
nonaquatic,267864,309374,0.6186380018674137,0.47649226959706953,0.7339576643990919,5623.363333333333
nonaquatic,267961,312299,0.6563443566639592,0.7965766419808262,0.897604003991489,5874.434757834756
nonaquatic,267994,310666,0.5825448600905416,0.5777035930554407,0.7227980899715153,4643.853327228327
nonaquatic,267995,309859,0.2555472082166201,0.21324008791208796,0.3223456349206345,3567.7
nonaquatic,267996,310685,0.3618556783380019,0.3927840431501833,0.37071738208616745,3142.1900000000005
nonaquatic,267997,310339,0.5871692139392239,0.6545523552872567,0.7917619292572293,5017.114636752137
nonaquatic,268046,309456,0.6382122315592906,0.6732379287379288,0.7682053854875271,5044.966666666667
nonaquatic,268088,313014,0.6551106722689076,0.4837263816183816,4.52703537414966,4541.516666666666
nonaquatic,268099,312947,0.4224742999977146,0.3498487848587086,1.7260145845841048,3263.947792022792
nonaquatic,268110,310906,0.4818286788048553,0.48392980146520154,0.5141335430838999,4557.6
nonaquatic,268133,309196,0.4015744584500468,0.3976448901098902,0.5864284467120175,3941.7000000000003
nonaquatic,268135,311969,0.6560487057291682,0.5753014010106854,0.5383225890815395,5258.272535612536
nonaquatic,268158,313658,0.7824243415418195,0.6690859987631418,0.8974805503617325,24343.3
nonaquatic,268226,309725,0.6491789311823063,0.431568102175719,0.623063867925205,4807.3280341880345
nonaquatic,268231,313575,0.49628319994664544,0.35727815964987397,0.46190963497953247,3918.2095238095235
nonaquatic,268283,313564,1.0814284366397726,1.0397003510965224,1.299130505095317,28409.36
nonaquatic,268348,314220,0.8434214194204817,0.6927450369440085,1.0737873049035154,11641.773333333334
nonaquatic,268360,312165,0.6878540184428994,0.6716537002436161,0.6502486300600067,4334.984615384616
nonaquatic,268383,310145,0.5195996457406495,0.4231321904761905,1.7405913670229989,3067.9
nonaquatic,268386,311698,0.6650273389355744,0.9614392637362639,0.7195029761904754,5823.25
nonaquatic,268426,313814,0.9096595756521493,0.6172146111740892,0.85239340624839,24922.689487179487
nonaquatic,268429,313528,0.745349333900227,0.6428448661838162,1.3839857128684803,5941.3499999999995
nonaquatic,268431,313446,0.5605278778580889,0.5223493761984047,0.6782186267705217,13739.96833333333
nonaquatic,268490,311932,0.30431839402427663,0.32265523809523805,0.4903548752834459,3047.6666666666665
nonaquatic,268556,312474,0.7039496598639458,0.7424846233766234,0.7796931122448972,15442.65
nonaquatic,268605,312676,0.6986864928049661,0.6078204755799755,0.9620726962325251,12009.061111111108
nonaquatic,268610,313623,0.840100919182787,0.6261769597319348,0.869589083373636,5782.9375
nonaquatic,268614,311680,0.49222490161090005,0.5031704711126618,2.000534923271634,7459.006878306878
nonaquatic,268624,314112,0.49700121755368826,0.37252923256743264,0.42640711592970487,7813.1241666666665
nonaquatic,268726,312724,0.4210409178338003,0.527299861831502,3.4944991678004533,3749.1
nonaquatic,268762,310556,0.5976109229706476,0.46695810310391384,2.1175741169409865,4716.887521367521
nonaquatic,268766,310203,0.7007747732435411,0.5581016573932335,3.8573419931123434,11373.86225071225
nonaquatic,268780,311445,0.7034614204124425,0.8686402403123192,0.8895216650392641,6701.25641025641
nonaquatic,268785,311620,0.7595300136721359,0.6935999395604399,0.8385738997113991,5665.5
nonaquatic,268796,311052,0.5278207749766574,0.5337010219780219,0.6729183531746028,6302.166666666666
nonaquatic,268814,309119,0.60586806255758,0.5409882426739929,0.6792318555782836,5627.708333333333
nonaquatic,268844,312659,0.5176816059757238,0.3723619047619048,0.46220272108843496,10743.266666666665
nonaquatic,268848,310885,0.3943452915848469,0.43218880518141467,0.5952248683468608,3426.6185185185186
nonaquatic,268958,314251,0.5778896220146961,0.5110728052899481,0.5831902687920545,10446.783333333333
nonaquatic,268974,312571,0.6987426120472511,0.6621250914979757,0.8909014737616737,5632.1186467236475
nonaquatic,269016,310018,0.8263276999688766,0.6925915506715508,0.6188084845049127,17669.666666666664
nonaquatic,269017,313291,0.6066538210839894,0.39432128722071574,0.6244760685082108,11039.022222222224
nonaquatic,269056,309150,0.3139957848623793,0.3403136214521346,0.3615088359273282,2684.445512820513
nonaquatic,269057,312762,0.4001211561796761,0.37598578005438893,1.9027841680255757,3613.8898046398044
nonaquatic,269070,310741,0.3863442670401495,0.3436225465201465,3.5567863492063485,3634.4933333333333
nonaquatic,269071,313852,0.3680087341603309,0.5199655706959707,0.4663720011337865,4199.533333333333
nonaquatic,269106,309680,0.3670582726423903,0.42193729816849834,0.5704284750566886,3611.649999999999
nonaquatic,269108,311887,0.2329791690009338,0.22384569523809525,0.32613362811791347,2590.2
nonaquatic,269147,312135,1.8778574238584325,1.3086785321789325,1.2583920445956154,21436.246666666666
nonaquatic,269174,312715,0.47842124050036944,0.3931612300090887,0.5644580795009742,4562.504346764347
nonaquatic,269180,310896,1.346402322936144,1.5682155169150582,2.1091498347433486,30096.8816017316
nonaquatic,269184,313364,0.7957801228967616,0.7324707857412428,0.9031769482750172,19947.655555555557
nonaquatic,269314,311040,0.40954466008353074,0.33447385402104163,1.3105893037008047,3481.485195360195
nonaquatic,269410,310912,0.20509144444444458,0.22380905890109887,0.35644678684807213,2572.9799999999996
nonaquatic,269501,311288,0.5850855474674341,0.5477943939096618,0.66681051529489,7383.570833333333
nonaquatic,269551,310302,0.5255715752967856,0.4539743267399267,0.578023106575963,3862.1133333333332
nonaquatic,269613,314375,0.571493064082776,0.38777473732525974,0.5972880889906981,4098.439047619047
nonaquatic,269633,310931,0.6936732683092919,0.5748185118236151,0.6624310468097325,13683.741880341879
nonaquatic,269682,311699,0.40646710550887033,0.51507093772893775,0.4624818542568538,3686.733333333333
nonaquatic,269836,312115,0.6850064705882354,0.6201833806193806,0.6797579081632649,4278.35
nonaquatic,269874,310389,0.29923794545717675,0.3344802403765825,0.4425094020615556,2523.3729344729345
nonaquatic,269878,310095,0.6055662272441937,0.6489740255731923,3.2395756197924888,4588.94074074074
nonaquatic,269943,309808,0.5957970282281168,0.6616975683322776,0.6549876962335841,4542.749566137567
nonaquatic,270171,313082,1.0568166199813263,1.1473264029304029,1.8479321995464832,45346.53333333333
nonaquatic,270185,312021,0.2924693355119827,0.2655466507936508,0.34282564247921354,3247.6666666666665
nonaquatic,270199,310950,0.9445406089144229,1.0562183986697515,1.2528909486795856,10951.004273504273
nonaquatic,270203,309982,0.99307339344071,1.2532744396520152,1.1246217743764166,17172.6625
nonaquatic,270301,312105,0.68848243464052306,0.5835980952380952,0.8458501984126979,15327.166666666666
nonaquatic,270360,313292,0.3673062029256149,0.3571070423354424,0.5545777581254717,3305.628888888889
nonaquatic,270375,314170,0.5336062051487263,0.5048195610256411,3.7480349160997726,4831.821333333333
nonaquatic,270376,314013,0.7948627719390366,0.7392744967647225,0.7785074495160645,6521.43935693936
nonaquatic,270378,310489,0.41561119514472467,0.4085100695970695,2.539855598072562,3203.133333333333
nonaquatic,270589,312239,1.1633807532951064,1.2451537124542125,1.1181454161579152,10371.116666666667
nonaquatic,270798,309375,0.8005021358616409,0.9740242517833043,1.0757109758613992,9847.087606837606
nonaquatic,270870,314171,0.6949018446878752,0.6862007854029305,3.892856215986393,6467.315833333332
nonaquatic,270894,310557,0.45191512465131983,0.35902496024677083,0.49609279041037463,3682.127521367521
nonaquatic,271035,313217,0.6498690069984513,0.5726827227106226,2.6880437580699716,5217.118
nonaquatic,271069,310490,0.5935714534702773,0.5905627448107448,0.8659408257747534,4678.338888888888
nonaquatic,271107,312533,0.6958968665192091,0.6269053968253969,0.9430633514193036,9779.377777777778
nonaquatic,271112,314280,0.5385074325075039,0.5728711618970505,0.6803943893577777,4590.445683760684
nonaquatic,271215,310647,0.2823847539015608,0.3011195729984302,0.4656540087463548,2340.4523809523803
nonaquatic,271283,313924,0.6857336897235087,0.7107205125366699,0.8866563450834867,19207.908730158728
nonaquatic,271287,312512,0.6613891016732779,0.6393549220159092,0.8712307186301164,6255.203571428571
nonaquatic,271288,312513,0.48569161836059466,0.5042060810346117,0.5911080228218037,5017.560317460318
nonaquatic,271294,311767,0.2607753768173937,0.29508333333333336,0.39804498299319696,2454.4333333333325
nonaquatic,271324,311159,0.40277834920634936,0.4362228747252747,0.528663956916099,3145.6200000000003
nonaquatic,271429,309131,0.4968372889981563,0.47697487573260083,2.171374970528809,4298.329166666666
nonaquatic,271502,310655,0.26424879433916426,0.25641183523024613,2.092852891156462,3095.7089285714287
nonaquatic,271601,313724,0.9698398899528755,0.7769208155311358,1.1264019693652896,25653.010000000002
nonaquatic,271634,313195,0.47468013352299454,0.4609321798342009,4.31146754175664,3832.1117094017095
nonaquatic,271640,314024,1.1070514860207648,0.8207451381684983,4.458562579167899,8686.396666666667
nonaquatic,271682,311168,1.2203789565972312,1.567883267302873,1.27128921362756,9633.79188034188
nonaquatic,271746,311952,0.4514025677655595,0.48012864749337747,0.46939270964013247,3210.5259757834756
nonaquatic,271834,311227,0.6352941176470588,1.0368000000000004,1.23142857142857,5320
nonaquatic,272191,314271,0.3463068246043516,0.38487539487179506,0.3632708461068407,2725.045
nonaquatic,272228,313447,0.6176320505653256,0.5463460441843869,0.8015278804135173,14209.086666666666
nonaquatic,272239,309539,0.6693873327108621,0.7740161904761904,1.099006934996219,5910.555555555556
nonaquatic,272249,309120,0.6374853134645562,0.7245937674130384,0.7596411503036312,4990.503418803419
nonaquatic,272257,309529,0.7296156026311575,0.9092453801812224,0.8020642678967783,6127.917378917379
nonaquatic,272264,312078,0.5408175617158268,0.5322096306149993,0.7438146388880067,5594.641737891738
nonaquatic,272302,310922,0.3206458856884879,0.29570070053338476,0.4284840673651604,3397.951424501425
nonaquatic,272387,313604,0.5212087577718132,0.5249282732842667,0.7273773381411115,11215.496761904762
nonaquatic,272444,312926,0.6731965966386555,0.5304340732600732,2.216762117346938,5818.683333333333
nonaquatic,272476,312309,0.5037323478057892,0.4303600054945056,0.697974394454751,4968.923333333334
nonaquatic,272485,311719,0.48848179271708697,0.3602361904761905,0.45712993197278873,5307.2
nonaquatic,272546,309643,0.4639234197012138,0.5383888100233101,0.4505201530612243,4553.65
nonaquatic,272555,310165,0.2983641394335514,0.30761064713064706,0.46049406651549435,2375.7555555555564
nonaquatic,272556,310115,0.5428130874572054,0.5690420952380952,2.10048976568405,4936.127777777777
nonaquatic,272565,312784,0.7694862161531282,0.8677473761904766,2.7527810742630376,11862.283333333333
nonaquatic,272723,313126,0.7359992063492066,0.7778527350427353,4.193797522675736,5916.772222222222
nonaquatic,272851,310270,0.5713508965252769,0.5000054206959706,0.6886569246031737,4664.258333333333
nonaquatic,272860,311554,0.7655439519359962,0.6898909055330634,0.8670498210082336,6171.046153846154
nonaquatic,272867,310625,0.7181564795960287,0.6858844168848697,0.8325350699947784,6730.204273504273
nonaquatic,272933,313804,0.8329732050825235,0.8217149170421246,0.8945244034054091,8443.809583333332
nonaquatic,272985,313547,0.6028408143857958,0.4890159252383981,1.716411466731921,10878.966666666667
nonaquatic,273127,310439,0.42227148167600387,0.44304135503663,2.2005357114512463,3827.7999999999997
nonaquatic,273129,314014,0.943291034080299,1.0666776521367525,0.9498497335600902,7712.372222222223
nonaquatic,273148,309828,1.0914443458559897,0.9628174945054945,1.0427895198339068,28001.283333333333
nonaquatic,273358,309816,0.4768017553688142,0.2734593113553113,0.3713308956916096,12940.033333333333
nonaquatic,273459,311004,0.5541610830999067,0.5681529684981685,0.7284507256235818,5026.879999999999
nonaquatic,273514,313030,0.5150775470188078,0.49023704845630556,0.7865673809523799,3813.6566666666663
nonaquatic,273578,312685,0.5013784943304443,0.5454675904761904,0.6376826510262219,7693.259999999999
nonaquatic,273629,311867,0.640188546253659,0.7616544368992537,0.8107013550764602,5708.313568376068
nonaquatic,273661,312845,0.6826764234539822,0.6610497629926465,0.8644337746241644,5875.691422466423
nonaquatic,273662,310271,0.7678112103211099,0.7301120123385387,1.1703883252322855,6059.9521367521365
nonaquatic,273695,309962,0.8677424019680835,2.099831834200887,0.8542193942287453,24868.604273504272
nonaquatic,273709,309577,0.7389860437054556,0.7836523302038314,1.3193362226247696,5347.81298212898
nonaquatic,273903,310224,0.32254948219287727,0.38832689230769235,0.4807689795918363,6639.713333333333
nonaquatic,273912,312579,0.37591594571161807,0.36726785021645003,0.5189734920634914,7142.553333333333
nonaquatic,273913,310626,0.42342758403361347,0.41184834029304035,0.5372461734693872,3618.6566666666663
nonaquatic,273926,312022,0.3039628851540616,0.22350380952380963,0.26680867346938775,3474.833333333333
nonaquatic,274002,310134,0.43597250350505035,0.47643140061692685,2.958797367182399,3789.96047008547
nonaquatic,274030,310978,0.2983230497220861,0.30815070402848177,0.37617058042855334,2518.9382716049386
nonaquatic,274034,310377,0.6847601933019755,0.7219750345327187,2.1335375116061033,18146.001424501424
nonaquatic,274045,309714,0.701678689809257,0.6185503296703297,0.7350624484642339,19082.75
nonaquatic,274104,310234,0.3236331465919702,0.2952794285714285,0.44104485260770915,2682.286666666667
nonaquatic,274124,310293,0.6062181761593529,0.6492053968253967,2.683061545729401,5042.7333333333345
nonaquatic,274208,311906,0.47073852085765183,0.47550223073709913,0.7273704313754747,3856.5361823361823
nonaquatic,274238,312590,0.6314578977919892,0.6883949896582114,0.8384038712090193,5253.048195631529
nonaquatic,274250,313338,0.42569634536354234,0.3640310424733997,0.45938182161753527,2926.008730158731
nonaquatic,274251,312985,0.4739504468454051,0.5674152925170068,0.7064225623582755,3520.457142857143
nonaquatic,274377,312126,0.87702853234317,0.616149350649351,1.0268208370304643,4730
nonaquatic,274564,314289,0.38069664612511694,0.3759690652014653,0.5005208786848065,2821.453333333334
nonaquatic,274830,310940,0.37751601307189553,0.36156783882783883,0.5466559807256228,2774.7333333333336
nonaquatic,274837,312446,0.2872768713040773,0.295375373015873,0.4807731953892662,3043.6833333333334
nonaquatic,274939,310779,0.3747149159663866,0.38412054334554335,0.46848812358276576,3012.244444444444
nonaquatic,274946,311062,0.5020047641503108,0.39850720490393987,0.6800650075763773,4182.7735449735455
nonaquatic,275132,314042,0.47465543366552987,0.4076540275756897,0.559404827027739,4034.5503174603173
nonaquatic,275144,313049,0.5809983727272424,0.587055105710616,0.8355363887206079,10141.130952380952
nonaquatic,275156,313020,0.970305437066521,0.7899735324392616,0.9814579119507086,10590.91250793651
nonaquatic,275224,312725,0.5572060932150641,0.6129989593406594,4.439469639077854,4659.105555555556
nonaquatic,275273,310360,0.33997375873015884,0.31255683393406586,0.4973731575963711,10149.341066666666
nonaquatic,275275,311535,0.5377360558486963,0.5871809970029969,0.7625226165828639,4462.7
nonaquatic,275443,312763,0.6352452731092438,0.5931481875124873,2.7236307908163253,5098.066666666667
nonaquatic,275481,311993,0.3122145453419463,0.24159628279883388,0.3064686340182334,3840.752380952381
nonaquatic,275598,311651,0.40335894607843154,0.4020925824175825,0.5276335372217061,2811.5729166666665
nonaquatic,275615,309139,0.829939027001887,0.8983706812734591,3.063939042257728,8311.44938271605
nonaquatic,275682,311943,0.25043452351207335,0.2574257061457062,0.39533288272573924,2585.4074074074074
nonaquatic,275691,312404,0.6116877100840339,0.6632262454212455,0.9284288903061211,20612.3125
nonaquatic,275697,313050,0.2989844070961719,0.2863905347985348,0.7224231859410427,2208.166666666667
nonaquatic,275700,312300,0.5159849317304671,0.4828382832210395,0.6668559173843769,4498.753418803418
nonaquatic,275794,311425,0.7729159897292252,0.7327977981684982,0.850092973356009,10813.286666666667
nonaquatic,275927,310913,0.3659618371793163,0.34573691375291365,0.4898042139077846,3247.133333333334
nonaquatic,275958,311199,0.4054286694677873,0.4230775477855478,0.8646611819727884,3636.4666666666662
nonaquatic,276088,312522,0.38624755299324465,0.2639119706959707,2.039541277472527,5741.191666666667
nonaquatic,276102,312336,0.42370599380065926,0.3889137156177157,0.6098250273222761,11065.42
nonaquatic,276223,309288,0.9984984040321085,0.8405509837285522,1.239662638868159,9578.05840455841
nonaquatic,276225,312280,0.5570036305451396,0.4994064838511197,0.6843744394905978,5999.512136752137
nonaquatic,276276,311497,0.5035633588456334,0.47033339695392334,0.6443454346572532,4631.73547008547
nonaquatic,276280,311498,0.3064423976912452,0.3109097291791542,0.44196226163221636,2610.432083333333
nonaquatic,276302,312867,0.4503437273576098,0.4456620769896771,2.9805556575963723,4496.1466666666665
nonaquatic,276375,314113,0.8218726037970745,0.919409503563104,0.8505749769806902,12920.993333333332
nonaquatic,276431,311638,0.5734998146157689,0.48232984432234427,0.7356136189983232,9170.916666666666
nonaquatic,276497,313753,0.6881549640536184,0.6886032282067138,1.0040484353995165,4637.346908831909
nonaquatic,276579,311345,0.3990588772343915,0.4546627950342382,0.4455750022480542,3496.8900997151
nonaquatic,276610,311354,0.38591839402427647,0.2698227838827838,0.38576899092970496,3188.5833333333335
nonaquatic,276684,312686,0.4996635815437287,0.5743102936507937,0.6568019179894174,6722.516666666666
nonaquatic,276709,312734,0.9295363728101159,1.0900725177880601,13.68949340161598,15089.42849002849
nonaquatic,276909,312504,0.6838842427080274,0.5941051807885098,0.7426101712750919,5667.056410256409
nonaquatic,277025,312703,0.49056244331065774,0.4801181708529565,0.8239632369614505,4522.75
nonaquatic,277191,312744,1.8047411796119686,1.2696064729192738,6.00502444065354,24709.513175213673
nonaquatic,277250,312214,0.8238444133208842,0.9520590231990232,1.0671410138802988,19565.844444444447
nonaquatic,277325,311749,1.034657421417876,0.9465111426585111,1.7548374340553343,8831.702849002852
nonaquatic,277339,314363,0.7529360010670937,0.6403981108669109,0.8524904308390014,6199.2666666666655
nonaquatic,277345,312895,0.6501999066293185,0.658924590964591,2.8459381519274367,6866.211111111111
nonaquatic,277442,309376,0.7117022720199192,0.6918931648351648,0.8091713340891907,6494.622222222221
nonaquatic,277507,311372,0.7324921092568819,0.6521202884133411,0.6824240652126636,4875.77094017094
nonaquatic,277654,312877,0.5987455104312588,0.5967974181607865,4.7288703935825795,5369.2361823361825
nonaquatic,277751,310627,0.4198901847417309,0.4495730057065741,0.5062116450267122,3464.294017094017
nonaquatic,277780,311727,0.486426061853313,0.5465299203857368,0.5981397586075239,4503.098809523809
nonaquatic,277871,309530,0.5722582889837196,0.670432751455562,0.6361497065101477,4612.534188034187
nonaquatic,277884,311832,0.6129532905161692,0.6883827134113009,0.7121905425975044,10750.843675213675
nonaquatic,277896,311469,0.45352158751872007,0.5339977216117215,0.4939284599879833,4212.944444444443
nonaquatic,278043,312354,1.9227886464109452,1.473488899080512,1.2725764967984718,30779.445238095235
nonaquatic,278220,313464,0.4700737409867055,0.45401146084441857,0.7565247201409054,10792.450641025642
nonaquatic,278570,314180,1.0318465115323912,1.0419879734981687,0.8125656756424788,12460.005833333333
nonaquatic,278574,310876,1.476696208776844,1.1723946602197806,10.101918583900225,12552.102
nonaquatic,278714,311583,0.5518330345471522,0.4132559413919414,0.6585790331890325,3359.2266666666665
nonaquatic,278725,311639,0.6239448232626382,0.5425138126635269,0.8621981519274371,4180.273333333333
nonaquatic,279120,312184,0.5814296640973674,0.5903889877776547,0.681440727968325,9200.657407407407
nonaquatic,279305,311208,0.8686006302550208,0.8065466530942744,1.0304038213897044,5390.0883760683755
nonaquatic,279320,313475,0.3895688202189223,0.3493392863785338,0.48074827931511777,2752.5528062678054
nonaquatic,279324,312174,0.8108967229126504,0.8786639710277191,2.5153046996129804,20776.995427350426
nonaquatic,279455,309963,0.5443120243089473,0.49695389743589746,0.6613800286353848,13444.616666666667
nonaquatic,279584,309213,0.9963017209718756,1.079688120328365,1.2116350305376906,9796.711892551892
nonaquatic,279631,310116,0.3305983566760038,0.3937997333333334,2.31312192063492,2870.2933333333335
nonaquatic,279663,311970,0.7158354808590104,0.5406693333333334,0.9223957596371885,6530.02
nonaquatic,279774,314240,0.718938393357343,0.6425093376242805,0.9269252271622929,5989.359523809522
nonaquatic,279806,313933,0.7760791576625328,0.7547428567881244,0.9753997050727614,6434.811004273504
nonaquatic,279838,310695,0.8848312780595249,0.7274420502189739,2.423803790895571,14105.508957264956
nonaquatic,279840,312196,0.4721160830999068,0.5147730350601777,0.646801388888888,22944.191666666666
nonaquatic,279846,310730,0.4128699136321196,0.415338694871795,0.6259066950113374,3875.736666666666
nonaquatic,280087,311070,0.8797282513005205,0.9365489274725276,1.1021751020408146,7945.4
nonaquatic,280100,313311,0.7565108396343758,0.6424404222987898,0.9955743885720427,19354.857142857145
nonaquatic,280140,311237,0.3018580252100841,0.30071171428571436,0.39242682823129216,2496.758333333333
nonaquatic,280440,309386,0.4347573996294371,0.4954120479660692,0.5610194356960331,4159.435042735044
nonaquatic,280491,311276,0.6560304077186434,0.526625982905983,0.7673552532123951,4620.38888888889
nonaquatic,280506,309233,0.5734571084057555,0.6280994702772317,1.715333824572334,4732.6474017094015
nonaquatic,280540,313051,0.3605759870614914,0.31923635693829977,0.5133463259637181,2542.688333333333
nonaquatic,280541,313061,0.6538746311858078,0.4947352716616716,0.7084357539682528,3949.8166666666666
nonaquatic,280696,312670,0.31515744106158206,0.30827886502707824,0.4415943992941477,2971.150235042735
nonaquatic,280747,312994,0.5742415939709219,0.4883502600732602,4.3098139172335594,4101.858333333334
nonaquatic,280779,312250,0.6798107382699456,0.7165738130933691,0.7654102258926416,6740.755952380952
nonaquatic,280858,312687,0.4755905022008804,0.4702305020408164,0.6653779081632648,7965.199999999999
nonaquatic,280956,314335,0.7258042215285364,0.7001402662479494,3.131346322557562,6189.9873148148145
nonaquatic,280957,313893,0.6419788124595891,0.5468647745132063,0.7197966887205135,6482.167564102564
nonaquatic,281095,310179,0.8206614340180518,0.8757691898656899,2.8819885676492802,13568.199999999999
nonaquatic,281233,312355,0.8068959938737402,0.8120134029677804,2.504445178671345,9028.680952380952
nonaquatic,281236,312651,0.32644700261056814,0.32718921402407125,0.8038220278587623,3700.3142857142852
nonaquatic,281238,309160,0.6676774311413122,0.6502135260844417,0.9305690098786001,6234.851282051283
nonaquatic,281246,314210,0.5709997325096707,0.6387407842673993,0.9186197645846208,7913.046666666667
nonaquatic,281413,312629,0.5147226890756305,0.5149691428571429,0.721515646258503,5160.200000000001
nonaquatic,281453,310469,0.3710050621495663,0.5845441800000001,3.4392164272633248,3606.0566666666664
nonaquatic,281484,310867,0.3453771081776468,0.34002361843895446,0.4482084954178412,3442.798229548229
nonaquatic,281580,309140,0.6503478816526611,0.6553538763736265,3.829695174319727,6280.620833333333
nonaquatic,281605,309510,0.6578431528611447,0.6817294454212453,0.8873432312925162,5593.219999999999
nonaquatic,281805,310568,0.39548007936507945,0.34099578534798547,0.48390876417233486,4189.166666666667
nonaquatic,281913,309889,0.4173241020217613,0.38640005232862384,0.5743752503165764,3651.285714285714
nonaquatic,281931,310370,1.2576862721755375,1.2550539476190476,3.1645006405895666,10387.05
nonaquatic,282054,309269,0.5841470296488411,0.7314883123385386,0.7986902129873877,4845.022136752137
nonaquatic,282139,313099,1.077020892356943,1.3513410842490845,7.467815816326528,8403.733333333334
nonaquatic,282271,310330,0.5038012232024593,0.4829507823129253,2.4766207238758478,9496.7
nonaquatic,282308,310074,1.0635234430541034,1.0537226308849046,1.7733579965914454,17199.089316239315
nonaquatic,282360,311823,0.5571359701213819,0.47198098754578766,0.6990720882292306,9069.133333333333
nonaquatic,282488,309938,0.5950086291600091,0.5640736225914437,0.6952185698279466,4776.0517094017105
nonaquatic,282546,311405,0.49983616129785263,0.5136232639194138,0.6288380924036271,3803.7416666666663
nonaquatic,282768,311228,0.5915952776004646,0.5768316248987182,0.7549933380209403,3962.0808021038783
nonaquatic,283088,313535,0.8498539225023343,0.7651948075657674,1.0114693015873004,15659.279999999999
nonaquatic,283188,311888,0.388528711484594,0.4310158730158731,0.559922392290249,3061.6555555555556
nonaquatic,283216,314211,0.7584843699979994,0.8347090142559823,0.9799185965522561,8971.495833333332
nonaquatic,283217,314353,0.786052264246328,0.5641649792225318,0.7759125631629863,15535.337606837606
nonaquatic,283220,309955,0.6140636156423355,0.46432054945054946,0.7935536422902492,19144.541666666664
nonaquatic,283265,312764,0.8031577751100443,0.8290430412787209,4.123738476190475,6972.386666666666
nonaquatic,283266,313713,0.8260095016565169,0.7036917816794318,0.8827067657530787,6854.66
nonaquatic,283545,313196,0.48247420541549974,0.4821140438228438,0.710815214388785,7865.486666666667
nonaquatic,283579,311758,1.5861076024955159,1.681974262638402,1.50005792486787,13179.168361823362
nonaquatic,283641,310549,0.9346710550887026,1.0151643443223441,1.5146546201814037,16474.216666666667
nonaquatic,283850,309244,0.4431219761604944,0.4713004997995918,0.6310800774465338,12103.800607012034
nonaquatic,283895,313021,1.5855247491853885,1.1830398221574348,3.996644215715042,24146.82023809524
nonaquatic,284014,311209,0.8676978057889823,0.7497178141858143,0.8417484126984124,6582.966666666666
nonaquatic,284106,311868,0.6192886999244142,0.7282600589569163,0.6725691232048371,5878.233333333333
nonaquatic,284129,314043,0.869882520533056,0.7087588842301389,0.7483927135762799,8406.87274453941
nonaquatic,284169,313350,0.7918744183715685,0.6644419450930024,0.8860094339233451,12641.016666666668
nonaquatic,284351,313491,0.38610476277125755,0.4135244382728384,0.49706234618776257,3225.928888888888
nonaquatic,284503,312543,0.4144582286247835,0.4274701077969648,0.6725153061224481,9451.333333333334
nonaquatic,284542,314354,0.9027299019680836,0.7989908839844366,2.418296264977045,15513.337606837606
nonaquatic,284609,310019,0.9527707438530967,0.9455848840048843,0.6855706160241871,25068.9
nonaquatic,284788,313913,0.6853016310764664,0.6754049810362446,0.8228424812852603,7094.48485042735
nonaquatic,285024,314221,0.461624624382051,0.35743878212454216,0.4527619098564572,10296.472222222223
nonaquatic,285149,310340,0.3868230444967926,0.44332259751943975,0.5031158363019185,3770.7729344729332
nonaquatic,285379,311858,0.9241935807729388,1.067627312222865,1.1248926652038023,9235.087606837606
nonaquatic,285458,310166,0.267516732026144,0.2713369758241758,0.419295829725829,2258.0533333333333
nonaquatic,285549,314241,0.6756074963267047,0.6093823605330634,0.9645292876799801,6045.838525641025
nonaquatic,285563,309185,0.9406947327330181,1.0443764257717594,1.1199715768865681,18926.19814814815
nonaquatic,285578,310849,0.41820080610021804,0.4714205846153848,0.6843932388510958,4795.011111111112
nonaquatic,285634,311640,0.8015552437014026,0.8131272539682542,1.6628846616083262,9086.544444444446
nonaquatic,285636,309366,0.532156797385621,0.4581861684981684,2.1542307256235813,4604.450000000001
nonaquatic,285677,310378,0.4720652910052912,0.45135865823065824,1.1744481644678062,3583.0888888888876
nonaquatic,285726,312846,0.5704643910262006,0.4794973737147209,8.486413352928812,5385.546258503401
nonaquatic,285845,312060,0.33250066709223375,0.48531747035957246,0.34188388557236904,3675.8269841269844
nonaquatic,286002,312847,0.8403531430903888,0.7287097361719317,4.779542020932035,7770.7122100122115
nonaquatic,286134,311249,0.579805327968169,0.5675477632542898,0.6133601789737829,4287.2021367521365
nonaquatic,286264,309254,0.7720790356862453,0.7988596864382486,1.1070709642533179,6327.648565323565
nonaquatic,286323,314315,0.7375060800083487,0.6792377561355312,0.8191317217207384,19386.5275
nonaquatic,286348,311555,0.31741080766126206,0.3364294630936315,0.42002640454251966,3271.2384045584045
nonaquatic,286354,313207,0.658400404606287,0.8882429841269843,4.770448885109597,11612.033333333333
nonaquatic,286504,312464,0.23971819706895836,0.2321262761904762,0.4042369918389608,2756.7
nonaquatic,286547,310106,0.6003882578679614,0.6546193496942737,0.8375643889068075,4437.346058879392
nonaquatic,286562,311140,0.490550976724023,0.55577007992674,1.26544673356009,4565.1466666666665
nonaquatic,286565,313400,0.6588205671157352,0.6498877374054516,0.806485978835978,4597.644444444444
nonaquatic,286840,312482,0.5318936531779891,0.5421792134139285,0.7013183913549328,4783.22563085063
nonaquatic,287395,311869,0.4456826295904428,0.5582645266313934,0.5783731572008641,3754.0985185185186
nonaquatic,287494,310037,1.3922863822511913,1.3888128123110226,1.4802260247123467,11145.755606060608
nonaquatic,287509,312896,0.4917879940913896,0.5292628784782469,4.103154747324077,3874.5472934472928
nonaquatic,287639,313697,1.0078703783118101,0.8049578609200323,0.9878266309642567,23907.95
nonaquatic,287786,312642,0.7281239052382857,0.7425090024253298,0.9687946446514284,5565.92838095238
nonaquatic,287813,312205,1.8272906000739053,1.617708302239115,1.5185129697676452,10599.035470085471
nonaquatic,287908,314201,0.8264985849895515,0.782876164835165,0.9505952758881321,6702.544444444445
nonaquatic,287951,313127,0.6530783771286295,0.6392093797313798,3.944556623204837,5678.894444444447
nonaquatic,287954,311259,0.3630241713376339,0.2836665674442517,0.4433327119084479,8852.423646723646
nonaquatic,288030,309485,0.4636063920012452,0.5614855805860807,0.679332615268329,4143.444444444443
nonaquatic,288031,313754,0.7650582768996492,0.7465697179365078,0.9548612775888123,12500.239444444445
nonaquatic,288073,314082,1.9989529640794201,1.7192881700732607,1.2890452613960104,17791.68833333333
nonaquatic,288603,314052,1.0948518674136323,0.6483621997557999,0.6962764862914854,12616.082222222223
nonaquatic,288650,312560,0.6137869572989991,0.5853844517006803,0.8911964304903682,9406.32
nonaquatic,288811,313267,0.9381378539798249,0.7332022444222444,1.0859093280661132,19156.69777777778
nonaquatic,288922,311129,1.1751000700280112,0.9125598882450882,15.386536428571425,10679.874999999998
nonaquatic,288929,309973,0.4687381384553821,0.6185735360639362,0.460960044836116,4046.7699999999995
nonaquatic,288947,312600,0.4797329598506071,0.4571690476190476,0.5075902494331062,8912.45
nonaquatic,288991,310914,0.5046247747450555,0.5677519686817569,0.8077347139199971,4691.705235042736
nonaquatic,289013,311277,0.4551031746031747,0.37477380952380956,0.5648696145124713,4305.125
nonaquatic,289070,312260,0.3809539763000741,0.5333159852596385,0.4837634346630747,4025.3253246753243
nonaquatic,289074,310674,0.46161356209150345,0.43582511501831495,0.6123125623582759,3492.75
nonaquatic,289142,312704,1.6869637251505207,1.4386391475191478,1.349894010733677,32653.333333333336
nonaquatic,289338,311944,1.3612414777011561,1.3092931344211347,5.936853528526146,9951.166666666666
nonaquatic,289339,311200,0.36847992250525397,0.34654590712024813,0.4594232429522689,2770.0950427350426
nonaquatic,289352,311878,0.5186175482118635,0.5376030144399462,0.629998026602856,4638.255534188034
nonaquatic,289409,309503,0.5708486150015561,0.6670116581196581,4.487672770219198,4170.1
nonaquatic,289539,309693,0.3708034925419306,0.34810082766993783,0.4205293379127752,3255.1197358197355
nonaquatic,289598,312514,0.331580315868238,0.33732658752585293,0.41153738462388806,3905.913492063492
nonaquatic,289638,312454,0.5846704407953659,0.9286080194363465,0.9818825570364196,9460.128571428571
nonaquatic,289639,312630,0.9260378151260505,0.5113095238095239,1.08931462585034,25838.833333333332
nonaquatic,289640,311484,0.7161087546178224,0.6724685610337866,0.8069932050303915,8737.280626780626
nonaquatic,289655,309387,0.7652438494908603,0.8222392983104331,0.9870498640374281,7850.475445665446
nonaquatic,289760,311327,0.6209885465297231,0.6122394432234433,0.7195275132275125,5252.644444444445
nonaquatic,289771,311599,0.4516590034990285,0.4011793485162083,0.6385404663517817,5438.267735042735
nonaquatic,289787,313160,0.5369691230099951,0.5849261131832724,5.9322214422205795,4596.258089133089
nonaquatic,289794,311316,0.7004974131319197,0.6986181277888777,0.8343222531436806,5608.441666666667
nonaquatic,289815,311384,0.42624737862208345,0.38027199183653076,0.5429896612410039,3865.748310948311
nonaquatic,289834,309317,1.1333248677248682,1.2591183192363193,1.4721850529100506,7902.644444444441
nonaquatic,289845,311485,1.0888161329677797,1.047762555597911,1.16399682803696,16975.01688034188
nonaquatic,289848,309141,0.4832818413488667,0.4668387660176081,3.1511039031953425,4409.5284900284905
nonaquatic,289850,311517,0.4087064783090792,0.30787721799603907,0.5068182203930419,3318.761709401709
nonaquatic,289906,313151,0.34286047152194227,0.3498457362637363,0.46798261621315135,2830.325
nonaquatic,290162,313392,0.7045598240990854,0.6568744154892728,0.9468588039252821,4888.577777777778
nonaquatic,290169,310272,0.5488054477138783,0.5226050818584924,3.3153390375759075,4134.320854700854
nonaquatic,290218,311556,0.6738087348272644,1.0427032842490844,0.9762907709750559,5394.096666666666
nonaquatic,290311,310067,0.699085391299377,0.5722999732874836,0.6612202313640357,5167.3079365079375
nonaquatic,290391,312023,0.30645316993464067,0.2867638,0.40160167800453467,2846.583333333333
nonaquatic,290468,311179,0.7321609652230707,0.6319595254920518,0.7875826395489222,10152.960470085469
nonaquatic,290522,313914,0.5846489421517204,0.49262384418629,0.6793658925742826,12636.388888888889
nonaquatic,290531,310008,0.47791490662931857,0.47410973260073264,0.648317757936507,4429.549999999999
nonaquatic,290534,313393,0.520250567159555,0.4245208960277817,0.8109384100830889,13262.891666666666
nonaquatic,290558,310419,0.9352149056844961,0.8083118128815628,5.1203220190854095,8098.025
nonaquatic,290586,311859,0.7337570396158464,0.7280220263736263,0.8591333673469376,4797.01
nonaquatic,290634,309463,1.1839837461738918,1.30414642668209,2.598076039514404,9666.471794871795
nonaquatic,290720,312367,0.4684430438842204,0.38109047619047626,0.5286640589569158,4642.9
nonaquatic,290778,313667,1.2578272642390291,1.1326531601731604,1.5865100907029468,35523.8
nonaquatic,290900,314290,0.3915365294117647,0.28969753626373634,0.41992215986394527,3040.7850000000003
nonaquatic,290908,314242,0.8847143517795354,0.807558383025641,1.1084385380466466,7042.392333333333
nonaquatic,290915,312726,0.4721241694162137,0.5052723403846154,4.29217298669254,4169.029166666667
nonaquatic,290951,310967,0.4731393018522107,0.5122165091575092,0.7908353010481574,4529.22
nonaquatic,290971,309520,0.6984111668169062,0.7435153263531553,0.8388150947283627,5281.287871387872
nonaquatic,290972,312927,0.5488988523187053,0.6322900897435899,3.1812860874905518,4818.369444444445
nonaquatic,290981,311545,0.34138826155644675,0.31969204346530666,0.5095109284891588,3188.5844017094014
nonaquatic,290984,312475,0.8886595138055224,0.7172646753246755,0.9996815476190473,17051.75
nonaquatic,290989,309907,0.2923918535600288,0.33694203516483523,0.41277501599849376,2397.813333333333
nonaquatic,291005,314326,0.8602396180694504,0.851044212747253,1.114679437710437,10591.797777777776
nonaquatic,291010,313432,0.9926516106442578,0.7414512857142855,1.2546228586889294,18330.166666666664
nonaquatic,291121,311169,0.7212266573295987,0.6600819047619049,0.9512290249433097,14280.5
nonaquatic,291380,312493,0.44159438375350146,0.4163209238095238,0.6004292053184906,7551.153333333333
nonaquatic,291381,310273,0.6192312044817929,0.6244071282051282,0.957700595238094,4572.4
nonaquatic,291395,310569,0.9979698879610215,0.8435636299980723,4.257603338512246,8259.570085470084
nonaquatic,291458,313002,0.3822859430438843,0.3789996520146519,1.6666621882086157,2953.1666666666665
nonaquatic,291480,311082,0.3678751711795831,0.44511594017094025,0.5578276266061977,3955.222222222222
nonaquatic,291487,309388,0.36664657640834125,0.3873025079365079,0.5469609032501884,3801.6666666666665
nonaquatic,291516,311071,0.7005709468283439,0.5966559144426999,7.67946460859706,6050.266666666666
nonaquatic,291523,310558,0.7271703909897295,0.625569896886447,0.9174066978458038,6380.658333333333
nonaquatic,291526,310274,0.4427317663176383,0.42301708431013435,0.5483725614134538,3462.313888888889
nonaquatic,291704,310824,0.5527078895806319,0.5919852380952382,0.7825443947280376,4650.0666666666675
nonaquatic,291762,313774,0.7571222026366408,0.60394355133438,0.6913679355668481,19310.446666666667
nonaquatic,291855,313596,0.8823036499597561,0.7996912925170069,0.9695304968816054,25103.6
nonaquatic,291886,311063,0.3137367829934765,0.2737723701689467,0.44034146780158023,3305.636904761905
nonaquatic,292093,312175,0.7614293707149531,0.8261072103349033,0.8788832367434151,6127.8099999999995
nonaquatic,292188,312671,0.4949123112833267,0.5654688667385247,0.6217022862924688,3659.4644244644255
nonaquatic,292492,309186,0.744143398112541,0.7269848405915074,0.8046853774455512,4625.324074074074
nonaquatic,292581,310459,0.6381525144724558,0.6013269787545787,3.859692989074417,4986.9766666666665
nonaquatic,292709,312106,1.0964467009025833,0.9362657142857145,1.0494154006046856,26563.044444444444
nonaquatic,292732,314222,0.8129916160933139,0.5781200609729453,0.999280900254493,12619.321424501426
nonaquatic,292735,314103,0.5305882078541222,0.4414191702271063,0.48766336716729924,3835.3846666666664
nonaquatic,292736,313944,0.8948700454259071,0.9270015262515265,1.008731605825161,7908.625555555557
nonaquatic,292737,313465,0.5322587682034742,0.4693585022363601,0.5992117740222576,10893.582307692308
nonaquatic,292762,310577,0.34008409984827276,0.3190495151307027,0.47454555665069004,2927.9645833333334
nonaquatic,292785,313853,0.4418885231882692,0.4912522548343469,0.5724248924243674,3723.6812678062674
nonaquatic,292957,312677,0.7118613328664803,0.7385115769230769,1.1983787981859393,15989.083333333332
nonaquatic,292958,311335,0.9667242452536573,0.7674587012987016,1.1849745842781547,27339.777777777777
nonaquatic,293051,310825,0.8187144199358574,1.014514388728231,0.8353710838453797,6113.584045584044
nonaquatic,293169,311768,0.44721965452847817,0.3799675555555556,0.5008399659863942,16208.244444444445
nonaquatic,293190,312751,0.47332787698412715,0.4583067636530137,2.17356017573696,4648.808333333333
nonaquatic,293211,312116,0.5880780717620383,0.6844475825507828,0.6292394227994222,4580.973333333333
nonaquatic,293244,312405,1.3076549019753825,1.6058874156545215,1.1467739075051115,11340.825213675213
nonaquatic,293247,313208,0.652477758523372,0.6599521255731924,3.893220700574802,5245.274074074074
nonaquatic,293290,310656,0.2937785060997963,0.2608482097315504,1.2273712089213666,2836.333298447584
nonaquatic,293327,314355,0.8604448519314551,0.5304611691641692,0.757493081719867,15495.566666666666
nonaquatic,293328,313565,1.5310264015931856,1.2492248608534324,1.6079518559999915,29969
nonaquatic,293428,313974,0.47293968920901713,0.45690577276057276,0.5353500103071525,3441.953333333333
nonaquatic,293630,312631,0.47821482074006183,0.204617380952381,0.2856417399270199,2594.725
nonaquatic,293748,310559,0.3792133482726425,0.2937097787545788,0.41417505668934196,2943.453333333333
nonaquatic,293828,311841,0.8408585434173671,0.7703095238095239,0.8005034013605433,6577.333333333333
nonaquatic,293988,311759,1.490113710091333,1.3157502802215337,1.452823246269562,10568.099273504275
nonaquatic,294144,310460,0.6732971210706505,0.5806792478632479,0.8672024161684864,4573.216666666667
nonaquatic,294195,314316,0.7781695838273194,0.6787706886446886,1.0440915896273026,7139.833333333333
nonaquatic,294358,312705,0.2596322501222712,0.2749181753008896,0.3198103835978832,2211.722222222222
nonaquatic,294513,312887,0.6293863772175539,0.6229920879120878,0.9246479024943298,5144.116666666667
nonaquatic,294557,313688,0.8600092014359796,0.6972986396968113,0.8848557261735396,5361.568888888887
nonaquatic,294633,313394,1.177524101549978,1.082241357393484,1.13062073052163,8707.34547008547
nonaquatic,294698,312222,0.6319639260355308,0.4815055416012558,1.138660418515232,4910.166666666666
nonaquatic,294923,314376,0.6250482024174748,0.502327729944432,0.6090011220528199,5125.834761904763
nonaquatic,294994,312848,1.1462760866773956,0.8797827681511471,16.620675234214794,9813.228076923075
nonaquatic,294995,313339,0.5867781979458452,0.7054035164835166,0.8342212868480714,5118.1833333333325
nonaquatic,295010,314162,0.711526809881723,0.6920954188093925,0.9509862785781039,5400.160801282051
nonaquatic,295065,310984,0.33916282824726535,0.33113367725199977,1.6497875624424163,3675.325714285714
nonaquatic,295201,313383,0.5205538957492635,0.3608298701298703,0.6418282411416838,13092
nonaquatic,295205,312387,0.32055244991543896,0.3261813834068427,0.46488055082290347,4156.5297619047615
nonaquatic,295207,309289,0.6218732368551619,0.5309738408714091,0.7777964480043484,5576.325071225071
nonaquatic,295272,313556,1.1887327731092436,1.032635244755245,1.1629700680272106,27000.36666666667
nonaquatic,295387,312465,0.4369822770774977,0.3264201547619048,0.6386183531746029,5128.125
nonaquatic,295405,311434,0.41070492557086336,0.34123755910966885,0.5468976588688419,3489.9863960113958
nonaquatic,295414,311041,0.5138754783000755,0.4266326723597455,0.5252691081085088,4279.99346153846
nonaquatic,295417,310614,0.3469612308824579,0.42376917016901233,0.45270066245460155,2840.7062678062675
nonaquatic,295467,311435,0.43665765666330036,0.3769554811875909,0.5690988068280255,3715.186396011396
nonaquatic,295488,312176,1.3816704235056538,0.8040589609007535,1.1007570830883235,27702.65170940171
nonaquatic,295596,310321,0.4927920490974169,0.45508161480186493,0.6396764863773786,7394.208333333332
nonaquatic,295927,310009,0.5088017584811704,0.4062862759462758,0.6221953136810272,3564.477777777778
nonaquatic,296294,312013,0.7019275058422618,0.8552014320987658,0.7246782945736429,5918.114814814815
nonaquatic,296592,310771,1.1099821587738736,1.0500583222695676,4.342125966243019,15940.338095238094
nonaquatic,296637,309744,0.47675539549153,0.9270824029304031,0.34983430839002255,3942.253333333333
nonaquatic,296719,310578,0.4452708982259572,0.3798830124542125,0.5635566780045344,3671.173333333333
nonaquatic,296761,312580,0.7887519179942841,0.8095104419703105,1.0464519412016269,13570.452849002848
nonaquatic,296881,314345,0.48030695186121664,0.44957191261453466,0.6232818938858449,4133.901955128205
nonaquatic,296923,310599,0.37741093557422983,0.3635066461538462,1.1618398299319719,10958.986666666668
nonaquatic,297020,309809,1.0510637457205771,1.1487606965748538,1.4417523466354063,7463.030000000002
nonaquatic,297022,311130,0.686489256701047,0.7511091782600735,3.76123386616237,6226.961388888888
nonaquatic,297023,309681,0.40767593790849677,0.4776851216117217,0.6669034793083892,13233.060833333333
nonaquatic,297071,314004,0.6909072065845948,0.7173414523761953,0.5452382478365491,11875.605238095239
nonaquatic,297117,311141,0.7240304040868262,0.8280206267892204,3.222680877779525,6416.799790685506
nonaquatic,297126,312688,0.34084709617180214,0.3003188380952381,0.4904601587301583,2923.6
nonaquatic,297166,310303,0.44537743907086674,0.45812816603124773,0.6557548266925807,3350.8142857142843
nonaquatic,297355,312096,0.8633282088029012,1.049936536796537,0.9458361628709446,5765.1
nonaquatic,297810,312523,0.43838341530841024,0.3222390130260896,0.45574792221026716,4187.4702380952385
nonaquatic,297819,310850,0.5264280703939073,0.48192132152233735,9.432696496869125,5774.642948717949
nonaquatic,297913,309270,0.5261012721755371,0.380031245054945,0.7512124603174597,13695.503333333334
nonaquatic,297914,310787,0.9631672857378248,0.8850826007326008,7.304501591350823,18539.45
nonaquatic,297939,310628,0.3587918847539017,0.45075077927786505,0.4783851214771617,3117.6619047619047
nonaquatic,297985,310788,0.3764507547463431,0.3661278131868132,3.093268896447467,3896.377777777778
nonaquatic,297999,313743,0.8632480323247796,0.6414411785493419,1.0268411913715496,15215.714285714286
nonaquatic,298016,309588,0.813762230625584,0.9063431736929735,1.3149960770975035,7540.296666666666
nonaquatic,298108,311769,0.29813678804855287,0.2934570303030303,0.42369708049886545,2534.7999999999997
nonaquatic,298116,313641,0.8225385274109646,0.6947554671043246,0.8050331632653055,4620.566666666667
nonaquatic,298117,310859,0.5757213643052365,0.5836232004937476,0.6008090700263012,4352.850474294224
nonaquatic,298118,313576,0.8761930176494895,0.7951610717104767,0.7830111019468469,16050.109259259263
nonaquatic,298126,310125,0.36385938942088225,0.347642967032967,0.6033490737106803,3269.2916666666665
nonaquatic,298375,310314,0.9880145953749855,1.3331751146239819,7.149576514804779,46318.330357142855
nonaquatic,298391,311364,0.4605100081735843,0.4263253639868902,0.6334808564114244,3386.96047008547
nonaquatic,298396,313854,0.6452161735284517,0.6123726567219627,0.7921493821972867,5290.00468975469
nonaquatic,298665,313092,0.834047899159664,0.704190915750916,6.904141666666665,9024.833333333334
nonaquatic,298945,310075,0.6986683432103001,0.8267097856519902,0.9071163917040737,11256.998412698413
nonaquatic,299052,312660,0.5735434990662933,0.36985469047619046,0.658098497732426,14316.55
nonaquatic,299097,312888,0.3720921549953316,0.34471626080586076,4.218772261389404,6949.0599999999995
nonaquatic,299195,310430,0.33613304699657653,0.3594380757020757,1.474991912320483,2791.28888888889
nonaquatic,299206,310579,0.43126255368814204,0.38868049597069604,0.5487000340136048,3638.7833333333338
nonaquatic,299224,309408,0.6175590429505138,0.654877330989011,0.8654593390022668,5264.473333333333
nonaquatic,299489,312156,0.6862317045496542,0.612214526585695,0.7783722912852153,12337.134017094017
nonaquatic,299631,310076,0.458847761101815,0.3012226874034323,0.43344189734461636,13928.254314204314
nonaquatic,299949,311575,0.8711071293054137,0.7524316487417347,2.2368706613176306,17296.666666666664
nonaquatic,300098,310675,0.45333206115779656,0.45048645384615377,0.614381808390022,3423.308333333333
nonaquatic,300103,311897,0.7014301120448181,0.7616938561438564,0.7793234925788491,13752.833333333334
nonaquatic,300217,314232,0.6683076918267308,0.7054609565018315,0.8777779433364248,5588.754166666667
nonaquatic,300351,312948,0.41940675945378164,0.3797068725191476,1.4083274702380946,3466.7374999999997
nonaquatic,300377,309197,0.6493549019666237,0.6335397779834202,0.7768205061065586,5768.336752136753
nonaquatic,300378,312185,0.9185407111058337,1.0646068702138545,1.0010913466510838,6471.320987654322
nonaquatic,300380,310834,0.532949840993169,0.5803182714677138,0.6601690354704745,4319.2062678062675
nonaquatic,300673,313650,0.7154268822969568,0.5739529736032764,0.8307422030676528,5065.891388888889
nonaquatic,300777,309110,0.8096681428126808,0.6802923565323565,0.8397444822373389,6210.2666666666655
nonaquatic,301285,312337,0.435573389167433,0.4407612174254317,0.7137259799217184,8957.964285714286
nonaquatic,301355,313456,1.3520168067226892,0.7289766233766236,1.396496598639455,16860
nonaquatic,301464,313536,0.5851976557915091,0.42352463395937395,0.6088999824994221,16787.686666666665
nonaquatic,301507,312857,0.44260697032156865,0.41702801509444737,1.3619469438753198,3387.0867419617425
nonaquatic,301537,313824,0.46836222766884544,0.4592540592185593,0.5864697570947567,3780.038888888889
nonaquatic,301557,313384,0.5735128972325106,0.5415150668552356,0.6204191453387835,13809.73759157509
nonaquatic,301609,312186,0.8570966183139922,0.969590204395605,1.1774516737528338,6716.200833333333
nonaquatic,301632,311170,1.1549876526610643,1.007838921611722,6.632325170068025,18107.573333333334
nonaquatic,301685,312494,0.47832679655195426,0.5035641850649352,0.6894326672335596,14015.541666666666
nonaquatic,301771,312838,0.2207411292016807,0.2087817821428572,0.7829535586734689,2544.8125
nonaquatic,301970,313725,0.906191166344462,0.6799746376262337,1.0733299576348072,6476.87547008547
nonaquatic,302240,313354,0.5799959150326799,0.47925858608058597,0.7829881660997722,4457.141666666667
nonaquatic,302243,310135,0.6725419366413232,0.6186644593073594,5.0489252281746015,5631.235833333333
nonaquatic,302411,312310,0.5992701809093454,0.6609078291883554,0.8080764861784834,5309.777136752136
nonaquatic,302422,311121,0.8607211017740429,1.1316987252747255,1.293468764172334,18741.833333333332
nonaquatic,302455,310530,0.3668336817245139,0.32811634316560634,4.1388481308701115,3379.0594017094013
nonaquatic,302460,314346,0.3794928828222278,0.36464478966647396,0.5134015327701259,4085.4569800569802
nonaquatic,302476,310047,0.502759586056645,0.42549105494505496,0.5544326908541186,4408.122222222222
nonaquatic,302485,309540,0.49837157563171214,0.509774480393291,0.6783115597362864,3958.460854700854
nonaquatic,302489,313476,0.5778916357431028,0.5083869357239251,0.685842832880382,10670.294871794871
nonaquatic,302516,313365,1.4207929656513774,1.2601167710575139,2.202507898416282,30111.786666666667
nonaquatic,302520,310985,0.4783111981361173,0.42730376789638935,1.2060085442986717,3637.9666666666667
nonaquatic,302553,311824,0.6293066559957318,0.5816990476190477,0.9402804988662121,15252.133333333333
nonaquatic,302556,309367,0.7098786062043869,0.7225151914480077,2.6807748918274776,6202.207142857143
nonaquatic,302569,312436,0.535380189181961,0.5364260037851039,0.5103004998334422,4999.201742424243
nonaquatic,302573,309797,0.8003847168671392,0.7542725567765567,0.7487345319080007,6609.666666666667
nonaquatic,302649,309761,0.6884171449844401,1.0083218962453524,0.9368033967191446,5577.178306878308
nonaquatic,302658,314336,0.7450473147874428,0.685286149081291,0.7209345882092711,6697.534269434269
nonaquatic,302687,309589,0.7997026382962725,0.7682156680074312,0.9694448072757154,7339.542735042734
nonaquatic,302993,309300,0.6591251756401151,0.5435954787738578,0.771518328748226,5008.33641025641
nonaquatic,303123,310637,0.5627551855742298,0.5146651005494505,3.7707245673572456,5028.758333333333
nonaquatic,303193,312406,0.9496327450980395,1.1085396043956046,1.311803593073591,7440.986666666667
nonaquatic,303195,312752,0.7330445728291318,0.7712502918747919,3.979246556122449,6245.624999999999
nonaquatic,303233,312301,0.5050382454107346,0.5258795003511109,1.1649287446809715,4244.645299145298
nonaquatic,303249,309789,0.4623721543855638,0.33235104355236605,0.4923654642741446,5003.135714285714
nonaquatic,303348,311546,0.5076675233451036,0.5056348223005065,0.7187794806159307,4382.745868945868
nonaquatic,303543,313843,0.7399937889061539,0.7077604284242075,0.925126592591393,5847.430997150997
nonaquatic,303671,312591,0.6037602911102885,0.716395796482966,0.769972583816673,5130.052136752137
nonaquatic,303717,312097,1.0925485527544352,1.3178723809523814,0.9452866213151919,7110.6
nonaquatic,303873,310995,0.950041036414566,0.7295522857142858,15.177015986394556,28996.6
nonaquatic,303884,314212,0.47641374635270795,0.4555247055357142,0.7052152721797044,6748.1327083333335
nonaquatic,304113,311710,0.4174887955182074,0.42839200000000005,0.46325680272108777,14881.7
nonaquatic,304692,310615,0.4155571453581434,0.41156026648351657,1.4544841372912796,2942.1749999999997
nonaquatic,304749,309234,0.6411184752852134,0.6270864472444222,0.9249559080109196,5677.729166666667
nonaquatic,304959,309214,0.8536949678215827,0.9357171457216469,1.1504823088855793,11429.783042735042
nonaquatic,305073,310264,0.7760848152594375,0.7921882951334381,0.9794968253968243,7862.633333333333
nonaquatic,305078,309625,0.4231765602240897,0.39854779076923075,0.875363500680272,19136.377333333334
nonaquatic,305312,313963,0.4709475940376151,0.3664132861027861,0.41438258606472833,3519.2500000000005
nonaquatic,305594,310877,0.7858248778400251,0.6872787544566545,1.0808305196523045,7135.6611111111115
nonaquatic,305861,309318,0.8667274509803927,0.7613710465090464,1.0851798185941028,5992.188888888888
nonaquatic,305862,312166,0.5285525193425297,0.5005249368035473,0.620096979752778,4468.350854700855
nonaquatic,306003,313884,0.5095613789715512,0.6065369444638251,2.089303252303828,3527.624074074074
nonaquatic,306016,313492,0.43980018700813667,0.367946191941392,0.5575680243764167,13143.045
nonaquatic,306037,310126,0.4530391279829738,0.4439651684981685,0.7256431156607934,3771.5083333333337
nonaquatic,306043,309348,0.9579538126361656,0.7759951213231215,1.1490796674225237,6234.111111111111
nonaquatic,306094,310156,1.1070211678099673,1.109460875110266,10.16946098423793,26791.57485754986
nonaquatic,306154,309121,1.023905829846531,1.2630281052149606,1.0165912119268796,7445.4918803418805
nonaquatic,306183,313312,0.9490251867116138,0.92081072184233,1.1166494366959372,19561.547936507934
nonaquatic,306575,309570,0.6736795051353875,0.7162780952380953,0.7285097505668925,4415.2
nonaquatic,306909,311917,0.2711941194096687,0.329092909982308,0.3290027291869127,3098.296825396825
nonaquatic,306913,312868,0.602201206042837,0.5639362728616413,3.798324957074643,5132.241737891738
nonaquatic,306924,310723,0.4631714252367614,0.392250457875458,0.5345555169037308,4462.625
nonaquatic,306934,310281,0.3767640563392026,0.3925899270146519,0.5395386040249426,2973.339166666667
nonaquatic,306959,313355,0.43511402694411117,0.402918072129775,0.5542625571752501,16463.194285714286
nonaquatic,306999,314083,0.7435400366165957,0.6723531867900522,0.8005580328580215,7171.527051282052
nonaquatic,307062,314092,0.6233049318394026,0.7062521025641026,0.7507343905895684,4603.8099999999995
nonaquatic,307161,313668,0.8077075873015875,0.6936577166833165,0.9904980725623572,25145.28
nonaquatic,307215,313651,0.6968741206520996,0.6486443547444036,0.8454682231138342,5486.423703703704
nonaquatic,307342,313259,0.45168431061508063,0.4548006265827739,0.5796958218321245,3389.840028490029
nonaquatic,307346,309927,0.39407762215997505,0.2645845665445666,0.34849276266061946,2653.233333333333
nonaquatic,307366,313954,0.8652069596185926,0.7518057659114487,1.0621380789268964,7027.774753764754
nonaquatic,307432,310986,0.4517843192178834,0.44291529670329666,4.626164374797537,3843.7000000000003
nonaquatic,307866,312206,0.3264915379485128,0.4325080732600734,0.4140284178519889,3293.02
nonaquatic,307888,309427,1.301722150286471,1.1612273090528518,4.831426136991027,9951.523333333333
nonaquatic,307939,311289,1.0633286111111115,0.6932402151848152,0.7665963486909908,10875.119999999999
nonaquatic,307948,310136,0.4960737184873951,0.5153163805860806,0.6985651984126976,3822.983333333333
nonaquatic,307955,309898,0.6079090079443583,0.7460170503663004,0.8841934962071545,10212.425
nonaquatic,308123,309548,0.9580978036250982,1.0016691057451321,1.0082307430327395,6397.5354700854705
nonaquatic,308213,314073,0.49982067888266424,0.626693412930403,0.5152585432728641,4540.546111111113
nonaquatic,308386,310096,0.3362530701278467,0.404115727119683,0.4883234013873495,2377.3033211233214
nonaquatic,308399,310077,0.35476318568562765,0.9061167750007617,0.2450282442473903,7789.971957671958
nonaquatic,308522,313031,0.761324682544549,0.7397285341559023,1.214302782093539,5644.813960113961
nonaquatic,308652,312144,0.8832352777890032,1.0323700748668705,0.829937766048967,6708.810066476734
nonaquatic,308731,311100,0.35743502334267047,0.35458918534798534,0.4629009750566887,2890.106666666666
nonaquatic,308736,313340,0.4705279458450047,0.4955455970695971,0.640247732426303,4182.5
nonaquatic,308773,312377,0.9594245853897114,0.9879943202511777,0.919198955541812,9584.22222222222
nonaquatic,308784,313022,1.2209093242154008,1.1166483416043822,3.3518226431474254,20639.928095238094
nonaquatic,308806,310510,0.5067804271708685,0.43773240159840154,2.9272115182436598,4316.583333333334
nonaquatic,308884,311600,0.5001206513458097,0.4623900863764808,0.5516514967241172,7363.181333333332
nonaquatic,308917,310705,0.3191217709305946,0.3367775653235653,0.4981095190854113,2446.777777777778
nonaquatic,308972,309798,0.39267245175848126,0.39960598595848607,0.4949959243798524,3319.2777777777774
nonaquatic,309013,309687,0.77494029988466,0.6754544615384617,1.4254680272108833,25769.766666666666
nonaquatic,309021,311317,0.8085455164346332,0.6154084553948975,1.0418753460021128,6410.547863247863
nonaquatic,309057,309829,0.6716103184130797,0.7281897064613388,0.8461290506060176,5397.255555555556
nonaquatic,309065,309504,0.7623618230756045,0.804514917882118,6.902669693529365,7007.453333333334
nonaquatic,309576,311700,0.7796358543417369,0.9897485714285716,0.8771564625850328,6295
nonaquatic,309716,311373,0.8427672463454149,0.9098015333672177,1.0117095448638518,7123.234757834758
nonaquatic,310065,311042,0.3698697529577115,0.33265507502409863,1.5022007557762282,3167.8811253561253
nonaquatic,310484,309817,0.34013615099373096,0.34511676483516496,0.4784537301587295,10904.48
nonaquatic,310510,312311,0.4473120607131742,0.4455626395429967,0.6262442374424512,10061.93888888889
nonaquatic,310592,314141,0.5743453888422038,0.5317880730715951,0.6899836730880221,4820.345666666667
nonaquatic,310645,310814,0.41438268157335906,0.3783965760940814,0.5750459870419217,3219.330427350427
nonaquatic,310735,309672,1.1837872704637413,0.7735928290756862,2.220097790833505,34737.03333333333
nonaquatic,310943,310180,0.9963996109554935,0.8089646178266178,3.3583843159486007,13440.400000000001
nonaquatic,310964,309476,0.6682307824580825,0.6500603619047619,0.9053834632830285,5346.046666666667
nonaquatic,310990,312136,0.4227612158165543,0.41940254317111475,0.5128032008713125,3388.592857142857
nonaquatic,310997,309790,0.559156835283133,0.4258888595848596,0.5611932171569921,4587.055555555555
nonaquatic,311026,310470,0.525173863678805,0.548783292014652,0.5383273356009065,11858.678666666667
nonaquatic,311125,311470,0.37586458057895167,0.33178354891367134,0.4745429593061285,7835.032380952382
nonaquatic,311133,310181,0.5789222922502336,0.7156590512820511,1.9861382653061213,8062.577777777779
nonaquatic,311196,312033,0.516941970121382,0.4849272380952382,0.6972052607709744,5261
nonaquatic,311222,313128,0.6554372549019609,0.5632529493839494,3.830546853741496,5347.833333333334
nonaquatic,311236,309983,0.8218341456582638,0.7131544615384615,1.0338837043908462,16876.066666666666
nonaquatic,311428,312107,1.3026138305358628,1.9529143054620823,1.2312550627606311,8299.960470085469
nonaquatic,311494,312678,0.37384098389355747,0.35501851739926743,0.5803620323129244,13031.525
nonaquatic,311559,314202,0.8795560424169668,0.7968606799866801,0.8688334508348786,18193.713333333333
nonaquatic,311676,313624,0.9150655855908623,0.7087500927079937,0.8951347771468146,6662.576182336182
nonaquatic,311689,312320,0.8421101752081945,0.9554678287545789,1.1230976028042217,12976.879166666666
nonaquatic,311773,309715,1.449407873322587,2.439524929534663,1.2615971785666347,26998.604814814815
nonaquatic,311817,312108,2.140646258503402,1.8642342857142866,1.5229795918367346,31983
nonaquatic,311851,309799,0.4982138834780977,0.5060927326007326,0.6979442253461935,7402.293333333333
nonaquatic,312078,314300,0.6501965206082434,0.7608680523286239,1.1574680697278898,7248.191666666667
nonaquatic,312084,313003,0.31725075630252114,0.27087850061050056,2.410890362811791,2508.4777777777776
nonaquatic,312085,310010,0.3687335200746966,0.38704087912087914,0.4561829519686657,18502.86666666667
nonaquatic,312090,314192,0.7412860595539154,0.540662545461556,0.8946132819523737,5387.580854700855
nonaquatic,312095,311933,0.38161577964519167,0.41030895238095233,0.5825202947845796,3436.7
nonaquatic,312236,312145,0.8121901940908196,0.8555725688262356,0.9573242749337215,6873.837962962963
nonaquatic,312249,313605,0.703504781094287,0.5428797313978537,0.8375904822404168,11881.965714285714
nonaquatic,312264,313744,0.8876289275400085,0.6568099567099568,1.0163105097111302,15950
nonaquatic,312356,313537,0.6979964115403233,0.579557376969697,0.8263391601925403,4541.828888888889
nonaquatic,312498,313984,0.5923912707767287,0.6180488679937607,0.8291382169731748,4748.621025641025
nonaquatic,312516,311180,0.667194089638774,0.6108646300906113,0.7968779413649674,5294.117709401709
nonaquatic,312542,311336,1.31940124647685,1.481610922410923,1.3949760058724336,32212.199999999997
nonaquatic,312799,309290,0.5367459547181391,0.5817821748629817,0.7716135966937657,4642.7183760683765
nonaquatic,312915,311728,0.5769635473236915,0.6696366647230322,0.7036125549539539,13427.52380952381
nonaquatic,312965,310440,0.5282431617647061,0.5514139583028084,1.8459226502267556,4307.475
nonaquatic,313015,311278,0.36925093370681616,0.3109672161172161,0.47008326247165483,3278.4583333333335
nonaquatic,313113,309464,0.49259800507757845,0.47854374141122036,0.601370838070557,4646.13782051282
nonaquatic,313120,309644,1.0542773395737397,1.0314088045288043,1.3969544438633865,7527.955555555555
nonaquatic,313226,313745,0.8713142113457784,0.7241637213403882,0.9433011607707396,14997.42962962963
nonaquatic,313282,312426,1.1389170646036193,0.7636391359243934,1.2231055723905737,11911.756666666668
nonaquatic,313319,311355,0.6102076563958919,0.6357720146520147,0.7598219954648519,4750.88888888889
nonaquatic,313500,310379,0.8519773154595179,0.906185039227439,2.1095798541537802,6819.989999999999
nonaquatic,313593,309111,0.4222882130630031,0.4184573204573203,0.5500829554043831,3407.7777777777783
nonaquatic,313626,312290,0.5001275842402173,0.4229427046983629,0.9731470151474154,4159.9702380952385
nonaquatic,313959,309319,0.9058127917833804,0.8938261258741259,1.2973789399092948,6513.916666666666
nonaquatic,314110,311536,0.4898364539593199,0.4895531794503741,0.6408979446044862,3826.769102564103
nonaquatic,314143,309291,0.7076608251633987,0.9139402793040293,3.9285786281179127,6123.733333333333
nonaquatic,314174,309338,0.37463721433606806,0.36599623947497867,0.40875355871858426,3452.5860670193997
nonaquatic,314297,313356,0.9669596951128184,0.9215200242818408,1.8581305740713896,26635.432142857142
nonaquatic,314355,309465,0.48439348739787774,0.5038461959514172,0.5005274515690494,3947.148376068376
nonaquatic,314517,309878,0.7388807432432534,0.5583172980765772,0.5277463619271466,15365.991534391535
nonaquatic,314525,313934,0.9962647042621429,0.6861796684004886,0.8564557701325051,14126.05603988604
nonaquatic,314865,310380,0.6623273837571514,0.6668819920088684,0.7831197226245765,5340.553803418804
nonaquatic,314876,313023,0.9302247513291031,1.0089349281031899,4.946786311038328,8708.982857142857
nonaquatic,314878,313042,0.385215214752568,0.4093727472527471,1.3171680980725615,3162.875
nonaquatic,314909,313129,0.7287452614379086,0.710094048951049,0.8988511621315182,6346.316666666667
nonaquatic,314916,310182,0.7537583426704019,0.8187194424908424,1.8967932539682522,13408.873333333333
nonaquatic,314917,310742,0.9890609138691959,1.1075612280894545,4.11403855765859,9054.118803418804
nonaquatic,314940,312918,0.39491204948646136,0.35599277988677985,0.5118400793650788,3241.866666666667
nonaquatic,314941,310183,0.9288721599751015,0.9612356654456654,1.4256385676492804,14449.744444444445
nonaquatic,314957,312878,0.863498926266358,0.6875977836899942,1.0102669760079546,5754.517094017094
nonaquatic,314975,312905,0.5966197604078114,0.6745932211297475,3.742259697114372,5005.7021367521365
nonaquatic,314993,313130,0.4579501556178027,0.48686175169275175,2.159900080309901,3889.5416666666656
nonaquatic,315027,310282,0.40630213015438754,0.35781428571428586,0.6647515527950312,2800
nonaquatic,315054,312906,1.4683926867632604,0.887352337767496,1.1310296396023376,8642.46282051282
nonaquatic,315055,312938,0.526776859632742,0.9234045880341883,1.0480039436885848,4785.9766666666665
nonaquatic,315098,312907,0.874114402442236,0.780087243493349,7.022035500475631,7747.84188034188
nonaquatic,315114,311072,0.5280195598239297,0.6108690782626898,0.8488046569484928,5302.058095238095
nonaquatic,315115,310498,0.3866986088935113,0.3446386645580986,0.5083701948153297,3101.0889865689865
nonaquatic,315148,313004,0.2716111713256733,0.3186368004784332,1.9023511158545046,2501.6309523809523
nonaquatic,315178,313186,0.7046761963191572,0.6801976629554657,3.774916347176592,5474.579273504273
nonaquatic,315200,310657,0.36272201213818867,0.3069023626373626,1.9048848781179133,3226.25
nonaquatic,315214,312966,0.65657549819928,0.43753790371533247,3.183537657920311,4677.638095238094
nonaquatic,315223,310304,0.5107516922762894,0.40556872234432234,0.595693886853886,4215.68
nonaquatic,315228,310283,0.3848293604019291,0.4166623872348203,1.0273457258839755,11295.66512820513
nonaquatic,315259,312928,0.6455340562415445,0.695883165919115,3.8796900297908277,5770.679761904762
nonaquatic,315266,312753,0.6594582503434521,0.6293162388105721,3.135987493273383,4690.966203703704
nonaquatic,315274,310020,0.8905560177404296,0.721597490842491,0.8076067743764168,26204.15
nonaquatic,315300,313052,0.8536933239962652,0.6913066560106562,6.963459297052155,6912.183333333333
nonaquatic,315307,310204,0.6696185178222428,0.7973978389812567,2.4384718438869326,5999.629166666666
nonaquatic,315313,313197,0.585146211484594,0.4145908058608058,5.252472704081631,3908.5833333333335
nonaquatic,315314,310322,0.5900421325863678,0.519877184948385,2.590087561327562,9468.42
nonaquatic,315323,312754,0.9608574483126586,0.9203801742543172,3.974308286767087,7873.141666666666
nonaquatic,315334,312829,0.513890365312792,0.46642447194472203,2.1866162698412688,8327.858333333334
nonaquatic,315345,313141,0.45403854691876755,0.4061627760073261,0.5943414030612237,3642.041666666667
nonaquatic,315365,313032,0.31671291772522986,0.341357142857143,0.7276656314699794,3040
nonaquatic,315367,313033,0.46855919027499626,0.434214715111956,0.5133763070916971,4137.347374847376
nonaquatic,315368,312858,0.6001489764239031,0.5253444536630036,1.3688362471655324,5866.549999999998
nonaquatic,315393,313062,0.5724516608309993,0.47771648096903097,0.6632941354875275,4192.725
nonaquatic,315399,313072,0.6555189309129947,0.6634281034316563,6.775966389693598,5989.4209401709395
nonaquatic,315409,312897,1.3146415032971701,1.3311243551185659,8.83480507124605,11486.017094017092
nonaquatic,315412,312908,1.379600723651979,0.8946067470599577,1.1069766131961634,9345.850427350428
nonaquatic,315421,313015,1.034001260504202,0.7060187838827836,2.6204602040816316,25343.4
nonaquatic,315429,313226,0.45360474323062566,0.42821297036297035,2.1316497165532873,3788.766666666667
nonaquatic,315439,310184,0.5812544017607045,0.634585453689168,1.791035811467443,10410.442857142858
nonaquatic,315481,312830,0.5530087768440711,0.452730695970696,3.7555003117913817,13624.216666666667
nonaquatic,315487,310185,0.8054710628695925,0.8270731416361414,1.3125506991685547,12798.855555555558
nonaquatic,315496,310284,0.38415420561557984,0.4382215926007325,0.6040724247165523,3009.8673333333336
nonaquatic,315501,313111,0.2973319872442063,0.31164248775785613,1.8965719336430487,2537.586182336182
nonaquatic,315514,313218,0.7453193286793977,0.6270311350684402,0.9619843213373099,5126.76188034188
nonaquatic,315538,310038,0.7772736495578624,0.656379655677656,0.6466522973356008,5595.154166666667
nonaquatic,315554,309645,0.5639848132586368,0.8179216295038294,0.6521761976911971,5698.446666666666
nonaquatic,315641,312117,0.774350539217146,0.7737926877192984,1.1476782155804428,5102.150854700855
nonaquatic,315827,310886,0.629980388912149,0.5541045278530992,0.8700116993783754,5913.866666666666
nonaquatic,315842,309377,0.3578126083129104,0.36924256891845003,0.4921625071246046,2787.8583760683755
nonaquatic,315845,310968,0.501352037037037,0.4967086184260185,0.6487143168075304,4291.1833333333325
nonaquatic,315850,309329,0.8349564229814703,0.9056359500283473,1.097640814209213,6597.482621082621
nonaquatic,315884,311918,0.19556947334489352,0.314952191522763,0.20475365376309237,2333.902777777778
nonaquatic,315918,312572,1.0536741750116838,1.0166118251584089,1.3013619099827645,8006.976396011397
nonaquatic,315977,310616,0.4308441626650661,0.3891740641025641,0.6121755102040809,3512.9666666666667
nonaquatic,315978,312898,0.5628770024749529,0.6712386034316561,2.1860423817570895,4355.537606837606
nonaquatic,316013,312544,0.41559377217553695,0.37496502564102574,0.47580555555555487,5548
nonaquatic,316061,313366,0.807142942748528,0.6910175663718596,1.0306709046057192,20563.15630952381
nonaquatic,316095,312534,0.9990011933920064,1.4032047254174396,4.920144474485884,9786.411111111114
nonaquatic,316125,310607,0.6653820998197729,0.67727036996337,6.288392892758551,14260.958333333334
nonaquatic,316167,311356,0.6566204481792718,0.6210934505494505,0.56246156462585,4169.833333333333
nonaquatic,316183,309779,1.4100405994533973,0.771651992895993,0.6367662769235044,25956.927777777775
nonaquatic,316214,313271,0.4918278991596641,0.42215772390656947,0.6363404645286675,17044.718095238095
nonaquatic,316376,311787,0.5183629362856255,0.5646902412698414,0.64114980914588,9944.633333333333
nonaquatic,316395,314093,0.6851339376167136,0.6997061573717951,0.8903283170351464,5841.182916666667
nonaquatic,316422,309635,0.5059833466720023,0.5587515457875458,0.7596943022057298,7857.133333333333
nonaquatic,316478,314181,0.4282429043617447,0.3026281417582418,0.4270318069727885,3267.8725
nonaquatic,316479,313272,0.5684189281045753,0.42520339621978004,0.6988812988662125,27527.672
nonaquatic,316490,313485,0.6510626084254039,0.5674362198829743,0.7253013375770045,13042.28
nonaquatic,316497,309948,0.29592617022778106,0.2782193498168498,0.4020585151089418,2558.2833333333333
nonaquatic,316538,312118,0.9514036579668349,0.8681252577597843,0.9183964318082499,6132.218803418804
nonaquatic,316599,314281,0.5655602282579699,0.5418324514652014,0.8825504109977319,5176.391666666667
nonaquatic,316616,311842,0.6229896890260868,0.6480363343415768,0.6511173021426251,4985.717714285714
nonaquatic,316621,309378,0.35134606442577043,0.38591196117216126,0.4772370748299314,3784.9666666666662
nonaquatic,316640,309772,0.32406055088702157,0.29454384015984014,0.41093725005153525,2586.766666666667
nonaquatic,316645,313707,0.8999022976398946,0.910296570741799,3.9810960697929,7626.085712250713
nonaquatic,316776,311729,0.5190337826797388,0.6874501456043958,0.709985721371881,5267.575
nonaquatic,316887,313227,0.4485208776844074,0.4408366593406593,0.6552640022675728,4531.5
nonaquatic,316891,310323,0.9245900735487995,0.7702175445506875,0.8772963669525775,5835.766666666666
nonaquatic,316895,310617,0.4493292116846741,0.41806663003663,0.6029340986394551,3639.208333333333
nonaquatic,316935,313198,0.36722879785247436,0.2931639633699634,0.43767559394970046,2412.0583333333334
nonaquatic,317022,313457,0.7340915480859012,0.6126905958041958,4.49764873015873,12289.082222222223
nonaquatic,317073,309780,0.8490534045999355,0.7553563586481545,0.8571129882224986,15862.973809523808
nonaquatic,317182,310789,0.43138920693824745,0.4100150432330827,3.212139333086525,4274.636538461538
nonaquatic,317280,310780,0.3414656793193469,0.3264576924422517,0.4591051267990184,2886.1247619047613
nonaquatic,317371,312967,0.5951330172068828,0.6405421707815996,5.020621605928086,5008.654761904763
nonaquatic,317373,310420,0.4458278835978837,0.38817230769230765,0.5758682161753582,3830.066666666666
nonaquatic,317411,310410,0.3440313841536615,0.35047239780219785,0.4544830828695113,3361.693333333333
nonaquatic,317892,310294,0.2789499813258637,0.2677783589743591,0.28826111111111097,2855.85
nonaquatic,317900,310713,0.4895768605790243,0.5229882820416426,0.6261115051083751,4644.525854700853
nonaquatic,317987,314053,0.8605883683473388,0.6134538612454211,1.0393986233766226,10187.596666666666
nonaquatic,318250,311328,0.4432124708537659,0.4406717561904762,0.6963927095972802,5142.913333333333
nonaquatic,318566,311298,0.8660947533915526,0.7886541838827841,0.9205216622125033,6572.633333333333
nonaquatic,318696,311576,1.072428454037929,0.7585816983080417,3.1794281363918273,21138.67888888889
nonaquatic,318711,311238,0.37940452847805795,0.32407745421245415,0.6258743480725623,3320.6833333333334
nonaquatic,318727,312793,0.6294317180205417,0.5252406520146521,6.809828713151927,5248.65
nonaquatic,318732,310752,0.50417344137189,0.4234505641025641,0.4909578078667362,5439.416666666666
nonaquatic,318891,312356,0.34047249406750263,0.33846593905584216,1.1940351472506405,7871.269642857143
nonaquatic,318917,309271,0.33831447478991594,0.26282772622710626,0.4140004387755101,2836.6299999999997
nonaquatic,318995,311394,0.40411786492374735,0.36485772893772894,0.5577962207105056,3103.1444444444446
nonaquatic,319146,310146,0.5117097105508872,0.4839024761904762,4.332250453514739,14357.366666666667
nonaquatic,319157,311279,0.6375154995331468,0.517570402930403,0.8685107709750562,5845.333333333333
nonaquatic,319307,312632,0.600686391223156,0.5621944761904762,0.7317159297052148,4418.6
nonaquatic,319322,313714,0.7206439264800276,0.6021432778840207,0.7060688798035857,14151.035
nonaquatic,319352,313438,0.5777547430281507,0.5210850432620011,5.3317969328452435,10052.842307692306
nonaquatic,319356,309368,0.3568443602202787,0.36607596880942195,0.39936322721172524,2754.232380952381
nonaquatic,319362,311374,0.8801878734900258,0.7502253323693852,0.8575154118024416,15682.529273504273
nonaquatic,319603,314062,0.824261373218873,0.7475994706766914,2.3530850411382103,6294.328376068376
nonaquatic,319684,314364,0.7292532928171273,0.6239701923181579,0.8068732762059362,5985.144166666666
nonaquatic,319818,311478,0.3946763932239564,0.44200700784929353,0.5618278223194031,3214.0476190476197
nonaquatic,319830,311454,0.3971321195144727,0.43174266666666655,0.6383546201814051,3260.616666666667
nonaquatic,319900,312622,0.3264114923747278,0.3210177777777778,0.4456046107331818,3347.477777777778
nonaquatic,319974,309928,0.481369654528478,0.46505010989011003,0.4949905895691606,4013.6222222222227
nonaquatic,319990,311687,0.718163282646392,0.5822396590076591,0.8412491135848273,12822.366666666667
nonaquatic,320164,312995,0.4055980221421903,0.2919198587545789,1.5552534172335597,2313.7333333333336
nonaquatic,320207,312794,0.6115064684275692,0.47555675998079966,1.4673511513714703,3615.0374389499393
nonaquatic,320211,313755,0.6879304136355375,0.715800593240654,0.8259323112855649,5221.356393162393
nonaquatic,320239,312050,0.5760233528741119,0.5150738598602735,0.6688597327493866,5399.1491249491255
nonaquatic,320281,311613,0.5205163048625747,0.5206824503181029,0.6786682264282919,4925.53094017094
nonaquatic,320311,310958,0.5007758292501908,0.45514340006426324,1.7293385390333762,4947.198290598289
nonaquatic,320330,309215,0.694969514477322,0.6859011008114694,0.9294215462658751,5701.669515669516
nonaquatic,320346,309899,0.4257535597326939,0.29371806335068446,0.5270279617731308,11270.688376068376
nonaquatic,320391,310097,0.42743691725110955,0.4130301881810294,1.5630496858675393,12796.288012820512
nonaquatic,320406,310048,0.34718100684718345,0.3357419413919414,0.3708208664021158,2261.702777777778
nonaquatic,320421,312716,0.7388761951781083,0.7664938813158254,0.8611615027941609,6333.104695156694
nonaquatic,320496,311395,0.335970518207283,0.32026758241758235,0.4852993197278906,2848.7916666666665
nonaquatic,320509,313161,0.4185413709977079,0.3812897893451577,7.666134348609035,3512.808404558404
nonaquatic,320535,310608,0.7862696465104283,0.9883137307684798,5.5998803722894035,20321.714401709403
nonaquatic,320561,309272,0.4048956023007494,0.45182935106612687,0.553506590329364,3468.4983760683754
nonaquatic,320579,312561,0.4334976223841112,0.4006461256747639,0.5717324350084334,5934.188568376068
nonaquatic,320681,310795,0.20920188744024754,0.18062985402407122,0.22291235664990625,2124.5966666666664
nonaquatic,320732,312079,0.5773942657062826,0.5191810695970697,0.6595839002267571,4684.377777777778
nonaquatic,320737,313625,0.7587549896559933,0.646757397944278,0.9035653564409881,5220.451111111111
nonaquatic,320976,313268,0.6958175223143499,0.6213926911488511,0.7778036523925801,20822.692666666666
nonaquatic,320986,312483,0.35258055067679245,0.31378310362562617,0.5397500138779799,3350.262380952381
nonaquatic,321010,312562,0.6264628759837271,0.6422617670068026,0.918801096423417,10064.208333333334
nonaquatic,321133,313005,0.4320008558998612,0.3980838766660241,1.5924758671835983,3133.2011396011394
nonaquatic,321185,309170,1.074203583899066,1.5833665646353643,1.1656580558916576,7296.790303030302
nonaquatic,321186,311621,0.8253597439709093,0.8897578594534686,2.8230333464569752,15576.826469135802
nonaquatic,321309,313466,0.5588294877212172,0.36833616400742125,0.5425336329449905,14219.746666666666
nonaquatic,321568,311601,0.9506486352910981,0.9777727649145342,1.6000093487325948,11329.67047008547
nonaquatic,321610,311688,1.0925919514037974,0.6885000000000003,2.6012533261539477,16593
nonaquatic,321721,311101,0.37077535014005614,0.3157778691308691,0.4257961309523803,3048.7583333333337
nonaquatic,321744,313844,0.8106696031775228,0.7172014670136881,0.87814390281621435,5663.435042735043
nonaquatic,321769,310761,0.42759210775977075,0.38548916892987967,0.573897081916099,2908.0208333333335
nonaquatic,321820,309310,1.0285486394630814,1.1812438852212954,1.189699836405616,8446.154273504273
nonaquatic,321868,313439,0.8439040517611105,0.7527903022927692,3.739833490599378,16161.72962962963
nonaquatic,322009,309505,0.8250181590624647,0.886663677016317,7.079047520744265,5185.734303030304
nonaquatic,322052,309956,0.4025666106442578,0.16884644688644687,0.29720122448979563,9883.226666666666
nonaquatic,322137,311486,0.843493045551554,0.9319045627943486,0.8447241638321991,10904.75
nonaquatic,322171,309818,0.5478397898588009,0.46005960355290976,0.5423962598917117,4685.774285714286
nonaquatic,322224,311385,0.42161221989160497,0.45221522754000393,1.2217842139665678,2994.7604700854704
nonaquatic,322270,312581,0.27597930071873455,0.2703876190476191,0.41140478516192774,7690.483333333334
nonaquatic,322389,309819,0.5461451118420939,0.5510573783595567,0.7074048418462016,15779.137246087246
nonaquatic,322486,312251,0.5044733405719946,0.4713271515100546,0.5699187629041669,4955.565476190476
nonaquatic,322496,311229,0.6218040771912963,0.5596888858042542,0.7479778379239532,4264.0917378917375
nonaquatic,322618,311415,0.43899371281846084,0.37286289760239766,0.7299674674036274,3519.045833333333
nonaquatic,322646,312061,0.40483756375566105,0.5818791224489798,0.40396047981550864,4649.96984126984
nonaquatic,322773,309917,1.0091206841593783,0.8433435782013907,1.1126813293072322,9102.115238095237
nonaquatic,322807,313669,0.7201665268774178,0.6027794146425003,0.7678759637188198,23892.986666666668
nonaquatic,322833,309280,0.9004745326417313,0.7315627053113551,0.9797566145560779,7333.541666666666
nonaquatic,322917,312127,0.6010799696545288,0.51239301998002,0.701396478174602,14335.220833333333
nonaquatic,322979,311131,0.400879303388022,0.42094291208791207,0.625585721371881,4466.254166666667
nonaquatic,323126,311111,0.5133228104575165,0.42529681030081024,0.5717334750566884,17049.87222222222
nonaquatic,323194,311527,0.9674981326058323,0.8730796408971144,2.1573949038843656,6595.8891737891745
nonaquatic,323281,312484,0.40230682448963,0.4295692396028009,0.499620830739465,4324.587301587302
nonaquatic,323697,309206,0.3853219098750614,0.4112390317460318,0.4323056878306874,3167.633333333333
nonaquatic,323714,312346,0.9076087838541712,0.7255231162521689,0.9762296975167286,10010.19594017094
nonaquatic,323715,311971,0.4579850212581151,0.48692215367965375,0.57527774816123,3397.275
nonaquatic,323733,311308,0.6860510659868144,0.7602428662682348,0.9237162552605844,5361.547293447294
nonaquatic,323755,311053,0.9184756190072929,0.9032413757195186,0.9638165508232276,9849.833333333334
nonaquatic,323760,309879,0.34617557573150864,0.37837963170747385,0.4899930282898244,2777.3951566951564
nonaquatic,323772,309694,0.6770170046082751,0.8122583797535796,0.9237773619302218,5099.0199999999995
nonaquatic,323931,309695,0.4470200107246056,0.5954884195804196,0.5455450447145314,4218.286666666667
nonaquatic,323952,311239,0.35648583877995654,0.27822930402930407,0.4811002456538168,2994.9999999999995
nonaquatic,323977,313100,1.0388196341800178,1.2089305192307693,5.691711333656421,8284.162499999999
nonaquatic,323997,312697,0.6212074704881956,0.8046302429356362,1.1081640151515146,5614.9
nonaquatic,324018,311879,0.3808548651609057,0.42442567654320973,0.5308166308411651,3767.4814814814813
nonaquatic,324056,312485,0.74908312839840685,0.692119976048835,0.9538386002946537,6706.660225885225
nonaquatic,324237,312098,0.5455544884620518,0.5547017142857144,0.671278344671201,15171.133333333333
nonaquatic,324297,313401,0.5980809321976714,0.629549707958708,0.8019512900459317,5478.529166666667
nonaquatic,324313,310107,0.4907593906395894,0.6122315499084249,0.7540514129818583,3931.0225
nonaquatic,324333,312455,0.905973216715258,1.0556204572026615,1.0988799782498027,8275.176190476192
nonaquatic,324448,311983,0.5671007119514473,0.5084414047619048,0.7525473072562356,5423.25
nonaquatic,324461,313187,0.7154898957360724,0.7033419181929181,2.901804043839757,5555.511111111113
nonaquatic,324614,311346,0.7525356886087771,0.7009847893772894,1.1214321995464842,6186.533333333333
nonaquatic,324978,312291,0.6933087408773035,0.7204824782462436,0.7808813416863345,8999.345238095237
nonaquatic,325024,309398,0.38130945105709985,0.40091464182921754,0.5394021705343106,3617.93211029711
nonaquatic,325034,311455,0.586227843137255,0.5246529204129203,0.6483741496598632,4534.9
nonaquatic,325058,313538,0.6570134727747317,0.47471902889998896,0.6442501328263548,3942.955555555555
nonaquatic,325062,312601,0.7382884220354812,0.5717950476190478,0.6649984807256227,8559.32
nonaquatic,325063,312706,0.4133067293584102,0.36534362114076396,0.5920054550608114,3306.1
nonaquatic,325088,311953,0.3483616207618479,0.3822640643917486,0.40260166504525835,2958.6569800569796
nonaquatic,325108,312215,0.6730479808590102,0.6028739194139198,0.9040694122345903,15352.008333333335
nonaquatic,325195,311299,0.9873797910867499,1.1538544082759348,2.9069243938263893,7316.33547008547
nonaquatic,325196,312240,0.6461419923218229,0.6777953434705288,0.6309739477831178,6068.135225885225
nonaquatic,325250,309549,0.49591002534347084,0.6251384380952382,0.5797261451247159,4470.540000000001
nonaquatic,325441,312281,0.5866794458841347,0.6271000731733573,0.7372517181126217,14423.02419047619
nonaquatic,325517,309264,0.8755309056956116,0.9867894505494507,0.8744053287981851,5890
nonaquatic,325794,311487,0.7498284547152194,0.677863076923077,0.8697986111111103,13811.25
nonaquatic,325915,311488,0.761753337536474,0.7859171671065778,1.9249834629521185,5663.274188034186
nonaquatic,325927,311318,0.5658028336334535,0.4923104255625327,0.7053572510822503,4566.875
nonaquatic,325929,311102,0.2498310247432307,0.22989183966033963,0.2932034580498861,2588.2666666666664
nonaquatic,325963,309216,0.5236016797385622,0.5674651553779553,0.6822758106575956,4366.013333333333
nonaquatic,325970,311689,0.9457157122002652,1.2758863125295754,1.0544475679740124,6643.034401709402
nonaquatic,326027,312602,0.33677598817304716,0.33447476190476183,0.5346061980347687,6247.305555555555
nonaquatic,326195,310815,0.4074385497016862,0.46778571428571447,0.8842743059956899,3492
nonaquatic,326280,313228,0.4765432835356364,0.3683205809745811,0.4941260128495839,3257.5055555555555
nonaquatic,326287,311112,0.4503297105508871,0.35086112820512816,0.5472116780045343,22795.733333333334
nonaquatic,326299,310087,0.6828157329598509,0.586521553113553,1.269443235930735,17355.11666666667
nonaquatic,326500,311073,0.3720394382197325,0.39784797289377277,1.6966095086923654,3436.2888888888883
nonaquatic,326582,314172,0.609203745231426,0.5226541104029304,3.222877887896824,5783.908333333333
nonaquatic,326670,311972,0.5767762916277622,0.5318809365079366,0.6661276832955401,5453.000000000002
nonaquatic,326859,313131,0.6615448268003054,0.5854320871602082,3.871816833655217,5144.171709401709
nonaquatic,326910,309781,0.9707666158526903,0.8657872921454962,0.798075178552146,19121.798412698412
nonaquatic,326996,313659,0.8202620393346576,0.6805502164502165,1.020526160963161,24532
nonaquatic,327118,312042,0.8052200508110224,0.8877027816627817,1.2086483905156256,6615.42222222222
nonaquatic,327172,313964,0.6319320121381887,0.578340953712954,0.7014213151927431,5858.366666666667
nonaquatic,327257,311518,0.8272978641529578,0.761345396638449,2.147128918038269,6843.970940170941
nonaquatic,327323,312241,0.6752968041201982,0.6243616331950363,0.7451239514325699,5691.265476190476
nonaquatic,327337,311925,0.8712412455648925,0.8238880351648353,0.7005718140589566,15407.446666666667
nonaquatic,327351,311537,0.39251590969721234,0.3910074768564769,0.48992646582442456,3487.3333333333335
nonaquatic,327412,314132,0.5511358193277311,0.4026628553113553,0.6037400510204075,4185.65
nonaquatic,327419,313121,0.4608676455075118,0.389922829638198,0.6688964517836381,3650.780626780627
nonaquatic,327461,312978,1.1581062625050018,0.8208114220779222,11.80052207482993,7741.875
nonaquatic,327510,311622,0.7605807187020468,0.730034206698064,2.6634471786797587,7612.523809523808
nonaquatic,327642,311365,0.3800016273175938,0.3894495531135531,0.5089068189180427,2820.1238095238095
nonaquatic,327650,309550,0.5055693947579032,0.660734913919414,0.7216967687074822,4544.4
nonaquatic,327678,312603,0.36077976905047754,0.36806457402008425,0.4558310796427411,3525.0301587301583
nonaquatic,327736,311907,0.2709710550887023,0.26300190476190477,0.37257596371882046,2730.6666666666665
nonaquatic,327766,309696,0.5437082726423904,0.502149351981352,0.7190071995464842,5190.533333333334
nonaquatic,327942,312338,0.48208483761463256,0.43893563021105886,0.5311852763810833,21676.344444444443
nonaquatic,327950,313715,0.7330569801103567,0.6534163283667044,3.61848815862691,13614.092250712252
nonaquatic,327979,312357,0.3918185376531566,0.34054680470210064,0.5006680110270758,3617.244642857143
nonaquatic,328058,310390,0.3013804481792718,0.29959483076923077,0.406727585034013,2608.873333333333
nonaquatic,328068,312261,0.5473875258674898,0.5964644560065786,0.5829988542968203,4543.149047619048
nonaquatic,328228,309466,0.9777374416433243,1.9281971062271066,8.742494586167798,8360.833333333334
nonaquatic,328229,311602,0.5537533096571964,0.6324901926311784,0.7100687811791379,4575.636666666666
nonaquatic,328281,311375,0.3565835678740261,0.3926310088361931,0.5205031106234896,3564.645868945869
nonaquatic,328334,312652,0.5561991363211951,0.5759242014652016,2.2187912698412693,5404.666666666667
nonaquatic,328364,311043,0.4419070080722305,0.5349140752226721,0.5311739351781416,3707.678034188034
nonaquatic,328464,311337,0.6991444841161095,0.577575591075591,0.8492762824146746,20617.166666666664
nonaquatic,328525,311690,1.2045495024536719,0.8118255111555113,1.1375290216727707,9741.383333333333
nonaquatic,328527,312347,1.0423810675381266,1.0339489474969477,1.340767876039305,9403.72222222222
nonaquatic,328577,310618,0.47124936641323206,0.4805163974358975,0.6224698412698407,3688.1583333333333
nonaquatic,328722,312582,0.5289627596890333,0.5264062387700019,0.6798459766750997,4455.609401709402
nonaquatic,328728,310796,0.5171611156090345,0.4514863346938778,0.8299368540775995,4951.2
nonaquatic,328793,311641,0.6255614593837537,0.5735451726007327,0.5479406957328385,4510.945333333333
nonaquatic,328849,309908,0.31731923436041093,0.2521506959706959,0.3410593820861674,3058.75
nonaquatic,328881,309281,0.3280465775030942,0.2793812357142858,3.46730410862171,2917.975
nonaquatic,329124,311083,0.39173721612417595,0.4399136382173383,0.5426512382513385,3702.780555555554
nonaquatic,329132,313586,0.46209498232004986,0.48352356279434844,0.7298413486975981,14612.666666666666
nonaquatic,329151,313698,0.6383000458285443,0.5181941601731601,0.5720721396529552,14005.775
nonaquatic,329203,310205,0.3635793375008908,0.3903826702250131,2.372105039973254,2995.7200000000003
nonaquatic,329292,311973,0.605217203548086,0.5979776190476191,0.8153153344671207,5407.9
nonaquatic,329302,310731,0.37058138597215,0.3996997172546752,0.4390559264245608,8402.071474358974
nonaquatic,329377,312051,0.47839302034812686,0.47620158300547194,0.570907776986763,3372.158024691359
nonaquatic,329379,309578,0.7665460317460322,0.8451209157509156,1.1779855158730141,6303
nonaquatic,329478,312839,0.3608332399626518,0.31388556190476186,2.305108752834467,3510.0399999999995
nonaquatic,329490,313385,0.5288670097490425,0.34495657509741723,0.477954415998236,3399.211823361822
nonaquatic,329499,310225,0.7655672759770576,0.4488387018315019,0.49439284065141165,7072.780000000001
nonaquatic,329686,310732,0.42074281823840654,0.42864361050061056,0.5434664021164018,6068.077777777778
nonaquatic,329728,312524,0.8282004872342305,0.7188908586379607,1.1186756573808077,5835.838095238098
nonaquatic,329773,309697,0.5944007097139516,0.6362594583194584,0.3852613781194216,4851.222222222223
nonaquatic,329777,309688,1.0500527245015656,0.8428104945054943,1.2481839650145765,17422.033333333333
nonaquatic,329893,310480,0.4147229756069096,0.4216935198717948,2.1647260104875277,3739.2541666666666
nonaquatic,329926,314142,0.6286518751945221,0.7137788020646019,0.8650385222978068,5876.06888888889
nonaquatic,330000,312146,1.0020168171374015,1.2204137420406753,0.8740780996006566,18798.643703703703
nonaquatic,330099,313448,0.7423708107687521,0.5500647344877346,0.8552665098261522,18780.905555555553
nonaquatic,330101,312968,0.5406571739508996,0.47974444200244215,4.755773278511984,5412.722222222222
nonaquatic,330414,313509,0.7288855620921004,0.5656190911310911,0.7607055505915703,5111.316666666667
nonaquatic,330478,314063,1.5961164763442994,0.9939696233766238,1.435348924759062,22866
nonaquatic,330607,311190,0.5519377779473842,0.4973836755871947,1.3331446649375545,9018.553803418803
nonaquatic,330874,312592,0.6566483784626997,0.7945664356786072,0.8909001055259436,5504.653333333334
nonaquatic,331124,311815,0.7683325516873419,0.649510869701727,0.9502511276025551,12224.38
nonaquatic,331327,309762,0.4641942784351836,0.4312795724900951,0.5053608554306072,10814.49238095238
nonaquatic,331356,312128,0.8782786606775795,1.0164472158277937,0.8620502194033349,5822.751604938271
nonaquatic,331412,310499,0.32948621567674696,0.31349295545525896,1.6221516978458042,2731.819642857143
nonaquatic,331417,313101,0.6460245032661097,0.6061780688644691,3.132862896389325,4447.86
nonaquatic,331421,311898,0.5990048552754438,0.7091463026307024,0.5801312440733863,4083.8333333333326
nonaquatic,331593,311934,0.28281605975723634,0.28340666666666664,0.4037607709750562,2645
nonaquatic,331728,310987,0.7233521693121694,0.5873231062271063,1.7052215196179474,5908.333333333333
nonaquatic,331763,313188,0.5386266821395226,0.5990315589743589,3.1509311167800447,4364.51
nonaquatic,331798,314356,0.8570088459824161,0.6458794185901818,0.910705152982298,6889.726068376068
nonaquatic,331836,313102,0.5509709550486863,0.5802839131344847,4.900430780840474,4104.804761904761
nonaquatic,331958,311935,0.2803783426733212,0.2615345915558126,0.3797081205032894,2637.148376068376
nonaquatic,332027,309839,0.9041654640045105,0.8220316049484092,0.8865013918085152,15701.008478835978
nonaquatic,332068,313518,0.8548073177674859,0.7175889130899976,0.8402632405367033,5967.132376068375
nonaquatic,332236,311908,0.2371727357609712,0.3397333333333334,0.38704399092970476,5184.9333333333325
nonaquatic,332311,311603,0.6010508092150071,0.5258489665451508,0.7926357387757601,7379.723646723646
nonaquatic,332369,314365,0.7211290661092455,0.6598831974906495,0.8607562301915064,6702.269641025641
nonaquatic,332376,309358,0.6506304128317997,0.5504514715284717,0.5847481003916711,3896.133333333333
nonaquatic,332399,313411,0.9048121791352202,0.7932119920841063,1.0873165059647036,17618
nonaquatic,332558,309579,0.4201976353889482,0.3819009858877964,0.6043489695486964,3182.5341880341875
nonaquatic,332722,309187,0.39938042408139746,0.4266658745421246,0.5580479972833281,12841.375
nonaquatic,332844,310667,0.36651097343942707,0.3403985055220469,0.48208132301955897,3378.154599104599
nonaquatic,332865,312774,0.39966214845938386,0.37791115451215457,1.9481217563388988,3629.2799999999993
nonaquatic,332883,313249,0.5670490559267006,0.45491225611055613,0.6192100336041018,11172.66125
nonaquatic,333126,313894,0.6295452103249307,0.6521445661037211,0.8161629013707336,5459.185863247863
nonaquatic,333234,311219,0.4840474183028966,0.3927476924198251,2.182172321355634,4435.589285714285
nonaquatic,333570,313112,0.3703069400055206,0.2764648537369063,1.374289641772208,3321.198717948718
nonaquatic,333714,312661,0.8396778711484595,0.6592304761904764,0.5788310657596368,11195.000000000002
nonaquatic,333751,314366,1.0047234905432763,0.9181915075129634,1.2590363493683179,8794.751666666667
nonaquatic,333800,310887,0.392548861537368,0.34355798182769604,0.4846624668100853,3876.7222222222217
nonaquatic,333843,313427,0.7297827018293478,0.7750993780369292,0.9566658859935561,10800.185714285715
nonaquatic,333855,310500,0.462463047187129,0.40935816256759117,3.089342932728647,3376.968253968255
nonaquatic,333877,313440,0.48567522890351755,0.4586861939673884,0.595178077265475,16377.40936100936
nonaquatic,333892,313784,0.9088750336339262,1.023984831732829,1.3594760900053315,8666.71638888889
nonaquatic,333946,311160,0.4474116713352009,0.42359504761904765,0.49845133786848,2914.66
nonaquatic,334046,313566,0.6284275234527903,0.5339127759542047,0.6734802743002144,11247.805555555557
nonaquatic,334092,309918,0.3349506477687975,0.2653630289769755,0.34873908483683325,3438.0416666666665
nonaquatic,334093,314182,0.638829421434724,0.5449407661050061,0.7031212196260138,10953.98
nonaquatic,334097,312495,0.4355773264861501,0.4064688571428572,0.5666367518724655,6754.944444444443
nonaquatic,334208,309626,0.9433041137009545,0.8729756663611857,0.9658676129508909,17403.38324514991
