fish_name,species_group,scientific_name_group,city,2020,habitat,method,food_prep,sciname,taxonomic_level,species,genus,family,order,class,phylum,kingdom,VitaminA,Thiamin,Riboflavin,Niacin,VitaminB6,Folate,VitaminB12,VitaminC,VitaminD,VitaminE,Calcium,Chromium,Copper,Iodine,Iron,Magnesium,Manganese,Phosphorus,Potassium,Selenium,Sodium,Zinc,Protein,Leucine,Lysine,Methionine,Phenylalanine,Threonine,Tryptophan,Valine,ALA,DHAEPA
Ekor kuning,Fusilier,Caesio,Halmahera Barat,0.089,Marine,Capture,Raw,caesio cuning,,caesio cuning,caesio,caesionidae,eupercaria,actinopterygii,chordata,animalia,7,0.120645161290323,0.07,8.01333333333333,0.2,3,4.4,0,2,0.1,51,0,0.0688,27.8533333333333,0.5,36,0.01,290,510,60.0512278481013,48,1.39833333333333,20.2,1389.83306095238,1946.872204,506.032877547619,731.365455095238,815.941941473684,172.076454545455,969.389430047619,0.009,0.263
Ekor kuning,Fusilier,Caesio,Halmahera Tengah,0.129,Marine,Capture,Raw,caesio cuning,,caesio cuning,caesio,caesionidae,eupercaria,actinopterygii,chordata,animalia,7,0.120645161290323,0.07,8.01333333333333,0.2,3,4.4,0,2,0.1,51,0,0.0688,27.8533333333333,0.5,36,0.01,290,510,60.0512278481013,48,1.39833333333333,20.2,1389.83306095238,1946.872204,506.032877547619,731.365455095238,815.941941473684,172.076454545455,969.389430047619,0.009,0.263
Ekor kuning,Fusilier,Caesio,Kepulauan Sula,0.053,Marine,Capture,Raw,caesio cuning,,caesio cuning,caesio,caesionidae,eupercaria,actinopterygii,chordata,animalia,7,0.120645161290323,0.07,8.01333333333333,0.2,3,4.4,0,2,0.1,51,0,0.0688,27.8533333333333,0.5,36,0.01,290,510,60.0512278481013,48,1.39833333333333,20.2,1389.83306095238,1946.872204,506.032877547619,731.365455095238,815.941941473684,172.076454545455,969.389430047619,0.009,0.263
Ekor kuning,Fusilier,Caesio,Halmahera Selatan,0.06,Marine,Capture,Raw,caesio cuning,,caesio cuning,caesio,caesionidae,eupercaria,actinopterygii,chordata,animalia,7,0.120645161290323,0.07,8.01333333333333,0.2,3,4.4,0,2,0.1,51,0,0.0688,27.8533333333333,0.5,36,0.01,290,510,60.0512278481013,48,1.39833333333333,20.2,1389.83306095238,1946.872204,506.032877547619,731.365455095238,815.941941473684,172.076454545455,969.389430047619,0.009,0.263
Ekor kuning,Fusilier,Caesio,Halmahera Utara,0.121,Marine,Capture,Raw,caesio cuning,,caesio cuning,caesio,caesionidae,eupercaria,actinopterygii,chordata,animalia,7,0.120645161290323,0.07,8.01333333333333,0.2,3,4.4,0,2,0.1,51,0,0.0688,27.8533333333333,0.5,36,0.01,290,510,60.0512278481013,48,1.39833333333333,20.2,1389.83306095238,1946.872204,506.032877547619,731.365455095238,815.941941473684,172.076454545455,969.389430047619,0.009,0.263
Ekor kuning,Fusilier,Caesio,Halmahera Timur,0.036,Marine,Capture,Raw,caesio cuning,,caesio cuning,caesio,caesionidae,eupercaria,actinopterygii,chordata,animalia,7,0.120645161290323,0.07,8.01333333333333,0.2,3,4.4,0,2,0.1,51,0,0.0688,27.8533333333333,0.5,36,0.01,290,510,60.0512278481013,48,1.39833333333333,20.2,1389.83306095238,1946.872204,506.032877547619,731.365455095238,815.941941473684,172.076454545455,969.389430047619,0.009,0.263
Ekor kuning,Fusilier,Caesio,Pulau Morotai,0.093,Marine,Capture,Raw,caesio cuning,,caesio cuning,caesio,caesionidae,eupercaria,actinopterygii,chordata,animalia,7,0.120645161290323,0.07,8.01333333333333,0.2,3,4.4,0,2,0.1,51,0,0.0688,27.8533333333333,0.5,36,0.01,290,510,60.0512278481013,48,1.39833333333333,20.2,1389.83306095238,1946.872204,506.032877547619,731.365455095238,815.941941473684,172.076454545455,969.389430047619,0.009,0.263
Ekor kuning,Fusilier,Caesio,Pulau Taliabu,0.07,Marine,Capture,Raw,caesio cuning,,caesio cuning,caesio,caesionidae,eupercaria,actinopterygii,chordata,animalia,7,0.120645161290323,0.07,8.01333333333333,0.2,3,4.4,0,2,0.1,51,0,0.0688,27.8533333333333,0.5,36,0.01,290,510,60.0512278481013,48,1.39833333333333,20.2,1389.83306095238,1946.872204,506.032877547619,731.365455095238,815.941941473684,172.076454545455,969.389430047619,0.009,0.263
Ekor kuning,Fusilier,Caesio,Kota Ternate,0.07,Marine,Capture,Raw,caesio cuning,,caesio cuning,caesio,caesionidae,eupercaria,actinopterygii,chordata,animalia,7,0.120645161290323,0.07,8.01333333333333,0.2,3,4.4,0,2,0.1,51,0,0.0688,27.8533333333333,0.5,36,0.01,290,510,60.0512278481013,48,1.39833333333333,20.2,1389.83306095238,1946.872204,506.032877547619,731.365455095238,815.941941473684,172.076454545455,969.389430047619,0.009,0.263
Ekor kuning,Fusilier,Caesio,Kota Tidore Kepulauan,0.067,Marine,Capture,Raw,caesio cuning,,caesio cuning,caesio,caesionidae,eupercaria,actinopterygii,chordata,animalia,7,0.120645161290323,0.07,8.01333333333333,0.2,3,4.4,0,2,0.1,51,0,0.0688,27.8533333333333,0.5,36,0.01,290,510,60.0512278481013,48,1.39833333333333,20.2,1389.83306095238,1946.872204,506.032877547619,731.365455095238,815.941941473684,172.076454545455,969.389430047619,0.009,0.263
"Tongkol, tuna, cakalang, dencis, ikan kayu",Tuna/skipjack,Thunnus/Katsuwonus,Halmahera Barat,0.224,Marine,Capture,Raw,actinopterygii,gigaclass,,,,,actinopterygii,chordata,animalia,21.70558509590767,0.102318982742961,0.1052796594737323,12.709651162790687,0.6449274809160306,7.90759820426487,2.54992671394799,0.8141050903119883,5.29750972762646,0.8433665468975473,23.382333040265067,29.850663017031632,0.09963663935863273,31.116483977807334,1.88320785285954,35.64866426363677,40.64696166432913,264.26713222475166,376.2574992013263,62.82849471576226,88.17117952960244,1.5102346186079556,21.822661916465666,1780.37318385391,1945.53708468254,614.7572124979797,887.3151105229167,988.1299308231706,261.8218688888887,1140.4018579944443,0.053157196071829435,0.41216794237614235
"Tongkol, tuna, cakalang, dencis, ikan kayu",Tuna/skipjack,Thunnus/Katsuwonus,Halmahera Tengah,0.262,Marine,Capture,Raw,actinopterygii,gigaclass,,,,,actinopterygii,chordata,animalia,21.70558509590767,0.102318982742961,0.1052796594737323,12.709651162790687,0.6449274809160306,7.90759820426487,2.54992671394799,0.8141050903119883,5.29750972762646,0.8433665468975473,23.382333040265067,29.850663017031632,0.09963663935863273,31.116483977807334,1.88320785285954,35.64866426363677,40.64696166432913,264.26713222475166,376.2574992013263,62.82849471576226,88.17117952960244,1.5102346186079556,21.822661916465666,1780.37318385391,1945.53708468254,614.7572124979797,887.3151105229167,988.1299308231706,261.8218688888887,1140.4018579944443,0.053157196071829435,0.41216794237614235
"Tongkol, tuna, cakalang, dencis, ikan kayu",Tuna/skipjack,Thunnus/Katsuwonus,Kepulauan Sula,0.252,Marine,Capture,Raw,actinopterygii,gigaclass,,,,,actinopterygii,chordata,animalia,21.70558509590767,0.102318982742961,0.1052796594737323,12.709651162790687,0.6449274809160306,7.90759820426487,2.54992671394799,0.8141050903119883,5.29750972762646,0.8433665468975473,23.382333040265067,29.850663017031632,0.09963663935863273,31.116483977807334,1.88320785285954,35.64866426363677,40.64696166432913,264.26713222475166,376.2574992013263,62.82849471576226,88.17117952960244,1.5102346186079556,21.822661916465666,1780.37318385391,1945.53708468254,614.7572124979797,887.3151105229167,988.1299308231706,261.8218688888887,1140.4018579944443,0.053157196071829435,0.41216794237614235
"Tongkol, tuna, cakalang, dencis, ikan kayu",Tuna/skipjack,Thunnus/Katsuwonus,Halmahera Selatan,0.262,Marine,Capture,Raw,actinopterygii,gigaclass,,,,,actinopterygii,chordata,animalia,21.70558509590767,0.102318982742961,0.1052796594737323,12.709651162790687,0.6449274809160306,7.90759820426487,2.54992671394799,0.8141050903119883,5.29750972762646,0.8433665468975473,23.382333040265067,29.850663017031632,0.09963663935863273,31.116483977807334,1.88320785285954,35.64866426363677,40.64696166432913,264.26713222475166,376.2574992013263,62.82849471576226,88.17117952960244,1.5102346186079556,21.822661916465666,1780.37318385391,1945.53708468254,614.7572124979797,887.3151105229167,988.1299308231706,261.8218688888887,1140.4018579944443,0.053157196071829435,0.41216794237614235
"Tongkol, tuna, cakalang, dencis, ikan kayu",Tuna/skipjack,Thunnus/Katsuwonus,Halmahera Utara,0.248,Marine,Capture,Raw,actinopterygii,gigaclass,,,,,actinopterygii,chordata,animalia,21.70558509590767,0.102318982742961,0.1052796594737323,12.709651162790687,0.6449274809160306,7.90759820426487,2.54992671394799,0.8141050903119883,5.29750972762646,0.8433665468975473,23.382333040265067,29.850663017031632,0.09963663935863273,31.116483977807334,1.88320785285954,35.64866426363677,40.64696166432913,264.26713222475166,376.2574992013263,62.82849471576226,88.17117952960244,1.5102346186079556,21.822661916465666,1780.37318385391,1945.53708468254,614.7572124979797,887.3151105229167,988.1299308231706,261.8218688888887,1140.4018579944443,0.053157196071829435,0.41216794237614235
"Tongkol, tuna, cakalang, dencis, ikan kayu",Tuna/skipjack,Thunnus/Katsuwonus,Halmahera Timur,0.256,Marine,Capture,Raw,actinopterygii,gigaclass,,,,,actinopterygii,chordata,animalia,21.70558509590767,0.102318982742961,0.1052796594737323,12.709651162790687,0.6449274809160306,7.90759820426487,2.54992671394799,0.8141050903119883,5.29750972762646,0.8433665468975473,23.382333040265067,29.850663017031632,0.09963663935863273,31.116483977807334,1.88320785285954,35.64866426363677,40.64696166432913,264.26713222475166,376.2574992013263,62.82849471576226,88.17117952960244,1.5102346186079556,21.822661916465666,1780.37318385391,1945.53708468254,614.7572124979797,887.3151105229167,988.1299308231706,261.8218688888887,1140.4018579944443,0.053157196071829435,0.41216794237614235
"Tongkol, tuna, cakalang, dencis, ikan kayu",Tuna/skipjack,Thunnus/Katsuwonus,Pulau Morotai,0.187,Marine,Capture,Raw,actinopterygii,gigaclass,,,,,actinopterygii,chordata,animalia,21.70558509590767,0.102318982742961,0.1052796594737323,12.709651162790687,0.6449274809160306,7.90759820426487,2.54992671394799,0.8141050903119883,5.29750972762646,0.8433665468975473,23.382333040265067,29.850663017031632,0.09963663935863273,31.116483977807334,1.88320785285954,35.64866426363677,40.64696166432913,264.26713222475166,376.2574992013263,62.82849471576226,88.17117952960244,1.5102346186079556,21.822661916465666,1780.37318385391,1945.53708468254,614.7572124979797,887.3151105229167,988.1299308231706,261.8218688888887,1140.4018579944443,0.053157196071829435,0.41216794237614235
"Tongkol, tuna, cakalang, dencis, ikan kayu",Tuna/skipjack,Thunnus/Katsuwonus,Pulau Taliabu,0.267,Marine,Capture,Raw,actinopterygii,gigaclass,,,,,actinopterygii,chordata,animalia,21.70558509590767,0.102318982742961,0.1052796594737323,12.709651162790687,0.6449274809160306,7.90759820426487,2.54992671394799,0.8141050903119883,5.29750972762646,0.8433665468975473,23.382333040265067,29.850663017031632,0.09963663935863273,31.116483977807334,1.88320785285954,35.64866426363677,40.64696166432913,264.26713222475166,376.2574992013263,62.82849471576226,88.17117952960244,1.5102346186079556,21.822661916465666,1780.37318385391,1945.53708468254,614.7572124979797,887.3151105229167,988.1299308231706,261.8218688888887,1140.4018579944443,0.053157196071829435,0.41216794237614235
"Tongkol, tuna, cakalang, dencis, ikan kayu",Tuna/skipjack,Thunnus/Katsuwonus,Kota Ternate,0.279,Marine,Capture,Raw,actinopterygii,gigaclass,,,,,actinopterygii,chordata,animalia,21.70558509590767,0.102318982742961,0.1052796594737323,12.709651162790687,0.6449274809160306,7.90759820426487,2.54992671394799,0.8141050903119883,5.29750972762646,0.8433665468975473,23.382333040265067,29.850663017031632,0.09963663935863273,31.116483977807334,1.88320785285954,35.64866426363677,40.64696166432913,264.26713222475166,376.2574992013263,62.82849471576226,88.17117952960244,1.5102346186079556,21.822661916465666,1780.37318385391,1945.53708468254,614.7572124979797,887.3151105229167,988.1299308231706,261.8218688888887,1140.4018579944443,0.053157196071829435,0.41216794237614235
"Tongkol, tuna, cakalang, dencis, ikan kayu",Tuna/skipjack,Thunnus/Katsuwonus,Kota Tidore Kepulauan,0.224,Marine,Capture,Raw,actinopterygii,gigaclass,,,,,actinopterygii,chordata,animalia,21.70558509590767,0.102318982742961,0.1052796594737323,12.709651162790687,0.6449274809160306,7.90759820426487,2.54992671394799,0.8141050903119883,5.29750972762646,0.8433665468975473,23.382333040265067,29.850663017031632,0.09963663935863273,31.116483977807334,1.88320785285954,35.64866426363677,40.64696166432913,264.26713222475166,376.2574992013263,62.82849471576226,88.17117952960244,1.5102346186079556,21.822661916465666,1780.37318385391,1945.53708468254,614.7572124979797,887.3151105229167,988.1299308231706,261.8218688888887,1140.4018579944443,0.053157196071829435,0.41216794237614235
Tenggiri,Spanish mackerel,Scomberomorus,Halmahera Barat,0.009,Marine,Capture,Raw,scomberomorus,genus,,scomberomorus,scombridae,scombriformes,actinopterygii,chordata,animalia,6,0.0775,0.164,12,0.276,7.5,6.18333333333333,0,3.5,0.2775,18.9775,30.75,0.0677,0,0.905740833333333,32.438,63.015,233.657142857143,335.755,70.0373333333333,58.9285714285714,0.960166923076923,20.44,1578,1246,579,843,936,215.5,920,0.0314825,0.796046
Tenggiri,Spanish mackerel,Scomberomorus,Halmahera Tengah,0.02,Marine,Capture,Raw,scomberomorus,genus,,scomberomorus,scombridae,scombriformes,actinopterygii,chordata,animalia,6,0.0775,0.164,12,0.276,7.5,6.18333333333333,0,3.5,0.2775,18.9775,30.75,0.0677,0,0.905740833333333,32.438,63.015,233.657142857143,335.755,70.0373333333333,58.9285714285714,0.960166923076923,20.44,1578,1246,579,843,936,215.5,920,0.0314825,0.796046
Tenggiri,Spanish mackerel,Scomberomorus,Kepulauan Sula,0.018,Marine,Capture,Raw,scomberomorus,genus,,scomberomorus,scombridae,scombriformes,actinopterygii,chordata,animalia,6,0.0775,0.164,12,0.276,7.5,6.18333333333333,0,3.5,0.2775,18.9775,30.75,0.0677,0,0.905740833333333,32.438,63.015,233.657142857143,335.755,70.0373333333333,58.9285714285714,0.960166923076923,20.44,1578,1246,579,843,936,215.5,920,0.0314825,0.796046
Tenggiri,Spanish mackerel,Scomberomorus,Halmahera Selatan,0.001,Marine,Capture,Raw,scomberomorus,genus,,scomberomorus,scombridae,scombriformes,actinopterygii,chordata,animalia,6,0.0775,0.164,12,0.276,7.5,6.18333333333333,0,3.5,0.2775,18.9775,30.75,0.0677,0,0.905740833333333,32.438,63.015,233.657142857143,335.755,70.0373333333333,58.9285714285714,0.960166923076923,20.44,1578,1246,579,843,936,215.5,920,0.0314825,0.796046
Tenggiri,Spanish mackerel,Scomberomorus,Halmahera Utara,0.004,Marine,Capture,Raw,scomberomorus,genus,,scomberomorus,scombridae,scombriformes,actinopterygii,chordata,animalia,6,0.0775,0.164,12,0.276,7.5,6.18333333333333,0,3.5,0.2775,18.9775,30.75,0.0677,0,0.905740833333333,32.438,63.015,233.657142857143,335.755,70.0373333333333,58.9285714285714,0.960166923076923,20.44,1578,1246,579,843,936,215.5,920,0.0314825,0.796046
Tenggiri,Spanish mackerel,Scomberomorus,Halmahera Timur,0.009,Marine,Capture,Raw,scomberomorus,genus,,scomberomorus,scombridae,scombriformes,actinopterygii,chordata,animalia,6,0.0775,0.164,12,0.276,7.5,6.18333333333333,0,3.5,0.2775,18.9775,30.75,0.0677,0,0.905740833333333,32.438,63.015,233.657142857143,335.755,70.0373333333333,58.9285714285714,0.960166923076923,20.44,1578,1246,579,843,936,215.5,920,0.0314825,0.796046
Tenggiri,Spanish mackerel,Scomberomorus,Pulau Morotai,0.014,Marine,Capture,Raw,scomberomorus,genus,,scomberomorus,scombridae,scombriformes,actinopterygii,chordata,animalia,6,0.0775,0.164,12,0.276,7.5,6.18333333333333,0,3.5,0.2775,18.9775,30.75,0.0677,0,0.905740833333333,32.438,63.015,233.657142857143,335.755,70.0373333333333,58.9285714285714,0.960166923076923,20.44,1578,1246,579,843,936,215.5,920,0.0314825,0.796046
Tenggiri,Spanish mackerel,Scomberomorus,Pulau Taliabu,0.006,Marine,Capture,Raw,scomberomorus,genus,,scomberomorus,scombridae,scombriformes,actinopterygii,chordata,animalia,6,0.0775,0.164,12,0.276,7.5,6.18333333333333,0,3.5,0.2775,18.9775,30.75,0.0677,0,0.905740833333333,32.438,63.015,233.657142857143,335.755,70.0373333333333,58.9285714285714,0.960166923076923,20.44,1578,1246,579,843,936,215.5,920,0.0314825,0.796046
Tenggiri,Spanish mackerel,Scomberomorus,Kota Ternate,0.003,Marine,Capture,Raw,scomberomorus,genus,,scomberomorus,scombridae,scombriformes,actinopterygii,chordata,animalia,6,0.0775,0.164,12,0.276,7.5,6.18333333333333,0,3.5,0.2775,18.9775,30.75,0.0677,0,0.905740833333333,32.438,63.015,233.657142857143,335.755,70.0373333333333,58.9285714285714,0.960166923076923,20.44,1578,1246,579,843,936,215.5,920,0.0314825,0.796046
Tenggiri,Spanish mackerel,Scomberomorus,Kota Tidore Kepulauan,0.022,Marine,Capture,Raw,scomberomorus,genus,,scomberomorus,scombridae,scombriformes,actinopterygii,chordata,animalia,6,0.0775,0.164,12,0.276,7.5,6.18333333333333,0,3.5,0.2775,18.9775,30.75,0.0677,0,0.905740833333333,32.438,63.015,233.657142857143,335.755,70.0373333333333,58.9285714285714,0.960166923076923,20.44,1578,1246,579,843,936,215.5,920,0.0314825,0.796046
Selar,Trevally,Selar,Halmahera Barat,0.036,Marine,Capture,Raw,carangidae,family,,,carangidae,carangiformes,actinopterygii,chordata,animalia,12.8367346938776,0.123333333333333,0.168888888888889,8.27625,0.390555555555556,5.1578947368421,6.565,0.8,11.6764705882353,1.25291666666667,63.3907653061224,32.431475409836104,0.156499082568807,27.1428571428571,1.62772931506849,38.5849794871795,37.0064406779661,261.831895957447,374.516920930233,84.9104166666667,89.2663441860465,1.59244112244898,19.7339790325301,1470.04000777778,1713.73562555556,565.555463666667,782.336427333333,875.920044111111,237.125,982.032043333333,0.0461494444444444,1.06195148148148
Selar,Trevally,Selar,Halmahera Tengah,0.048,Marine,Capture,Raw,carangidae,family,,,carangidae,carangiformes,actinopterygii,chordata,animalia,12.8367346938776,0.123333333333333,0.168888888888889,8.27625,0.390555555555556,5.1578947368421,6.565,0.8,11.6764705882353,1.25291666666667,63.3907653061224,32.431475409836104,0.156499082568807,27.1428571428571,1.62772931506849,38.5849794871795,37.0064406779661,261.831895957447,374.516920930233,84.9104166666667,89.2663441860465,1.59244112244898,19.7339790325301,1470.04000777778,1713.73562555556,565.555463666667,782.336427333333,875.920044111111,237.125,982.032043333333,0.0461494444444444,1.06195148148148
Selar,Trevally,Selar,Kepulauan Sula,0.092,Marine,Capture,Raw,carangidae,family,,,carangidae,carangiformes,actinopterygii,chordata,animalia,12.8367346938776,0.123333333333333,0.168888888888889,8.27625,0.390555555555556,5.1578947368421,6.565,0.8,11.6764705882353,1.25291666666667,63.3907653061224,32.431475409836104,0.156499082568807,27.1428571428571,1.62772931506849,38.5849794871795,37.0064406779661,261.831895957447,374.516920930233,84.9104166666667,89.2663441860465,1.59244112244898,19.7339790325301,1470.04000777778,1713.73562555556,565.555463666667,782.336427333333,875.920044111111,237.125,982.032043333333,0.0461494444444444,1.06195148148148
Selar,Trevally,Selar,Halmahera Selatan,0.065,Marine,Capture,Raw,carangidae,family,,,carangidae,carangiformes,actinopterygii,chordata,animalia,12.8367346938776,0.123333333333333,0.168888888888889,8.27625,0.390555555555556,5.1578947368421,6.565,0.8,11.6764705882353,1.25291666666667,63.3907653061224,32.431475409836104,0.156499082568807,27.1428571428571,1.62772931506849,38.5849794871795,37.0064406779661,261.831895957447,374.516920930233,84.9104166666667,89.2663441860465,1.59244112244898,19.7339790325301,1470.04000777778,1713.73562555556,565.555463666667,782.336427333333,875.920044111111,237.125,982.032043333333,0.0461494444444444,1.06195148148148
Selar,Trevally,Selar,Halmahera Utara,0.043,Marine,Capture,Raw,carangidae,family,,,carangidae,carangiformes,actinopterygii,chordata,animalia,12.8367346938776,0.123333333333333,0.168888888888889,8.27625,0.390555555555556,5.1578947368421,6.565,0.8,11.6764705882353,1.25291666666667,63.3907653061224,32.431475409836104,0.156499082568807,27.1428571428571,1.62772931506849,38.5849794871795,37.0064406779661,261.831895957447,374.516920930233,84.9104166666667,89.2663441860465,1.59244112244898,19.7339790325301,1470.04000777778,1713.73562555556,565.555463666667,782.336427333333,875.920044111111,237.125,982.032043333333,0.0461494444444444,1.06195148148148
Selar,Trevally,Selar,Halmahera Timur,0.004,Marine,Capture,Raw,carangidae,family,,,carangidae,carangiformes,actinopterygii,chordata,animalia,12.8367346938776,0.123333333333333,0.168888888888889,8.27625,0.390555555555556,5.1578947368421,6.565,0.8,11.6764705882353,1.25291666666667,63.3907653061224,32.431475409836104,0.156499082568807,27.1428571428571,1.62772931506849,38.5849794871795,37.0064406779661,261.831895957447,374.516920930233,84.9104166666667,89.2663441860465,1.59244112244898,19.7339790325301,1470.04000777778,1713.73562555556,565.555463666667,782.336427333333,875.920044111111,237.125,982.032043333333,0.0461494444444444,1.06195148148148
Selar,Trevally,Selar,Pulau Morotai,0.035,Marine,Capture,Raw,carangidae,family,,,carangidae,carangiformes,actinopterygii,chordata,animalia,12.8367346938776,0.123333333333333,0.168888888888889,8.27625,0.390555555555556,5.1578947368421,6.565,0.8,11.6764705882353,1.25291666666667,63.3907653061224,32.431475409836104,0.156499082568807,27.1428571428571,1.62772931506849,38.5849794871795,37.0064406779661,261.831895957447,374.516920930233,84.9104166666667,89.2663441860465,1.59244112244898,19.7339790325301,1470.04000777778,1713.73562555556,565.555463666667,782.336427333333,875.920044111111,237.125,982.032043333333,0.0461494444444444,1.06195148148148
Selar,Trevally,Selar,Pulau Taliabu,0.062,Marine,Capture,Raw,carangidae,family,,,carangidae,carangiformes,actinopterygii,chordata,animalia,12.8367346938776,0.123333333333333,0.168888888888889,8.27625,0.390555555555556,5.1578947368421,6.565,0.8,11.6764705882353,1.25291666666667,63.3907653061224,32.431475409836104,0.156499082568807,27.1428571428571,1.62772931506849,38.5849794871795,37.0064406779661,261.831895957447,374.516920930233,84.9104166666667,89.2663441860465,1.59244112244898,19.7339790325301,1470.04000777778,1713.73562555556,565.555463666667,782.336427333333,875.920044111111,237.125,982.032043333333,0.0461494444444444,1.06195148148148
Selar,Trevally,Selar,Kota Ternate,0.056,Marine,Capture,Raw,carangidae,family,,,carangidae,carangiformes,actinopterygii,chordata,animalia,12.8367346938776,0.123333333333333,0.168888888888889,8.27625,0.390555555555556,5.1578947368421,6.565,0.8,11.6764705882353,1.25291666666667,63.3907653061224,32.431475409836104,0.156499082568807,27.1428571428571,1.62772931506849,38.5849794871795,37.0064406779661,261.831895957447,374.516920930233,84.9104166666667,89.2663441860465,1.59244112244898,19.7339790325301,1470.04000777778,1713.73562555556,565.555463666667,782.336427333333,875.920044111111,237.125,982.032043333333,0.0461494444444444,1.06195148148148
Selar,Trevally,Selar,Kota Tidore Kepulauan,0.069,Marine,Capture,Raw,carangidae,family,,,carangidae,carangiformes,actinopterygii,chordata,animalia,12.8367346938776,0.123333333333333,0.168888888888889,8.27625,0.390555555555556,5.1578947368421,6.565,0.8,11.6764705882353,1.25291666666667,63.3907653061224,32.431475409836104,0.156499082568807,27.1428571428571,1.62772931506849,38.5849794871795,37.0064406779661,261.831895957447,374.516920930233,84.9104166666667,89.2663441860465,1.59244112244898,19.7339790325301,1470.04000777778,1713.73562555556,565.555463666667,782.336427333333,875.920044111111,237.125,982.032043333333,0.0461494444444444,1.06195148148148
"Kembung, lema/tatare, banyar/banyara",Indian mackerel,Rastrelliger,Halmahera Barat,0.047,Marine,Capture,Raw,rastrelliger,genus,,rastrelliger,scombridae,scombriformes,actinopterygii,chordata,animalia,18.2156862745098,0.11918,0.176583333333333,14.4233333333333,0.634888888888889,8.59090909090909,5.69344,0.851333333333333,6.245,0.643391666666667,33.42,34.4285714285714,0.315698181818182,21.5521739130435,2.172634,36.5047512195122,63.14625,86.91,10.22,107.425,70.005,2.23716333333333,19.3580148428571,1550.86849,1792.1147,620.347395,809.897987,921.560518,251.625,1051.1442,0.0760736363636364,0.666836814814815
"Kembung, lema/tatare, banyar/banyara",Indian mackerel,Rastrelliger,Halmahera Tengah,0.101,Marine,Capture,Raw,rastrelliger,genus,,rastrelliger,scombridae,scombriformes,actinopterygii,chordata,animalia,18.2156862745098,0.11918,0.176583333333333,14.4233333333333,0.634888888888889,8.59090909090909,5.69344,0.851333333333333,6.245,0.643391666666667,33.42,34.4285714285714,0.315698181818182,21.5521739130435,2.172634,36.5047512195122,63.14625,86.91,10.22,107.425,70.005,2.23716333333333,19.3580148428571,1550.86849,1792.1147,620.347395,809.897987,921.560518,251.625,1051.1442,0.0760736363636364,0.666836814814815
"Kembung, lema/tatare, banyar/banyara",Indian mackerel,Rastrelliger,Kepulauan Sula,0.102,Marine,Capture,Raw,rastrelliger,genus,,rastrelliger,scombridae,scombriformes,actinopterygii,chordata,animalia,18.2156862745098,0.11918,0.176583333333333,14.4233333333333,0.634888888888889,8.59090909090909,5.69344,0.851333333333333,6.245,0.643391666666667,33.42,34.4285714285714,0.315698181818182,21.5521739130435,2.172634,36.5047512195122,63.14625,86.91,10.22,107.425,70.005,2.23716333333333,19.3580148428571,1550.86849,1792.1147,620.347395,809.897987,921.560518,251.625,1051.1442,0.0760736363636364,0.666836814814815
"Kembung, lema/tatare, banyar/banyara",Indian mackerel,Rastrelliger,Halmahera Selatan,0.073,Marine,Capture,Raw,rastrelliger,genus,,rastrelliger,scombridae,scombriformes,actinopterygii,chordata,animalia,18.2156862745098,0.11918,0.176583333333333,14.4233333333333,0.634888888888889,8.59090909090909,5.69344,0.851333333333333,6.245,0.643391666666667,33.42,34.4285714285714,0.315698181818182,21.5521739130435,2.172634,36.5047512195122,63.14625,86.91,10.22,107.425,70.005,2.23716333333333,19.3580148428571,1550.86849,1792.1147,620.347395,809.897987,921.560518,251.625,1051.1442,0.0760736363636364,0.666836814814815
"Kembung, lema/tatare, banyar/banyara",Indian mackerel,Rastrelliger,Halmahera Utara,0.073,Marine,Capture,Raw,rastrelliger,genus,,rastrelliger,scombridae,scombriformes,actinopterygii,chordata,animalia,18.2156862745098,0.11918,0.176583333333333,14.4233333333333,0.634888888888889,8.59090909090909,5.69344,0.851333333333333,6.245,0.643391666666667,33.42,34.4285714285714,0.315698181818182,21.5521739130435,2.172634,36.5047512195122,63.14625,86.91,10.22,107.425,70.005,2.23716333333333,19.3580148428571,1550.86849,1792.1147,620.347395,809.897987,921.560518,251.625,1051.1442,0.0760736363636364,0.666836814814815
"Kembung, lema/tatare, banyar/banyara",Indian mackerel,Rastrelliger,Halmahera Timur,0.142,Marine,Capture,Raw,rastrelliger,genus,,rastrelliger,scombridae,scombriformes,actinopterygii,chordata,animalia,18.2156862745098,0.11918,0.176583333333333,14.4233333333333,0.634888888888889,8.59090909090909,5.69344,0.851333333333333,6.245,0.643391666666667,33.42,34.4285714285714,0.315698181818182,21.5521739130435,2.172634,36.5047512195122,63.14625,86.91,10.22,107.425,70.005,2.23716333333333,19.3580148428571,1550.86849,1792.1147,620.347395,809.897987,921.560518,251.625,1051.1442,0.0760736363636364,0.666836814814815
"Kembung, lema/tatare, banyar/banyara",Indian mackerel,Rastrelliger,Pulau Morotai,0.017,Marine,Capture,Raw,rastrelliger,genus,,rastrelliger,scombridae,scombriformes,actinopterygii,chordata,animalia,18.2156862745098,0.11918,0.176583333333333,14.4233333333333,0.634888888888889,8.59090909090909,5.69344,0.851333333333333,6.245,0.643391666666667,33.42,34.4285714285714,0.315698181818182,21.5521739130435,2.172634,36.5047512195122,63.14625,86.91,10.22,107.425,70.005,2.23716333333333,19.3580148428571,1550.86849,1792.1147,620.347395,809.897987,921.560518,251.625,1051.1442,0.0760736363636364,0.666836814814815
"Kembung, lema/tatare, banyar/banyara",Indian mackerel,Rastrelliger,Pulau Taliabu,0.089,Marine,Capture,Raw,rastrelliger,genus,,rastrelliger,scombridae,scombriformes,actinopterygii,chordata,animalia,18.2156862745098,0.11918,0.176583333333333,14.4233333333333,0.634888888888889,8.59090909090909,5.69344,0.851333333333333,6.245,0.643391666666667,33.42,34.4285714285714,0.315698181818182,21.5521739130435,2.172634,36.5047512195122,63.14625,86.91,10.22,107.425,70.005,2.23716333333333,19.3580148428571,1550.86849,1792.1147,620.347395,809.897987,921.560518,251.625,1051.1442,0.0760736363636364,0.666836814814815
"Kembung, lema/tatare, banyar/banyara",Indian mackerel,Rastrelliger,Kota Ternate,0.052,Marine,Capture,Raw,rastrelliger,genus,,rastrelliger,scombridae,scombriformes,actinopterygii,chordata,animalia,18.2156862745098,0.11918,0.176583333333333,14.4233333333333,0.634888888888889,8.59090909090909,5.69344,0.851333333333333,6.245,0.643391666666667,33.42,34.4285714285714,0.315698181818182,21.5521739130435,2.172634,36.5047512195122,63.14625,86.91,10.22,107.425,70.005,2.23716333333333,19.3580148428571,1550.86849,1792.1147,620.347395,809.897987,921.560518,251.625,1051.1442,0.0760736363636364,0.666836814814815
"Kembung, lema/tatare, banyar/banyara",Indian mackerel,Rastrelliger,Kota Tidore Kepulauan,0.036,Marine,Capture,Raw,rastrelliger,genus,,rastrelliger,scombridae,scombriformes,actinopterygii,chordata,animalia,18.2156862745098,0.11918,0.176583333333333,14.4233333333333,0.634888888888889,8.59090909090909,5.69344,0.851333333333333,6.245,0.643391666666667,33.42,34.4285714285714,0.315698181818182,21.5521739130435,2.172634,36.5047512195122,63.14625,86.91,10.22,107.425,70.005,2.23716333333333,19.3580148428571,1550.86849,1792.1147,620.347395,809.897987,921.560518,251.625,1051.1442,0.0760736363636364,0.666836814814815
Teri,Anchovy,Stolephorus,Halmahera Barat,0.023,Marine,Capture,Raw,stolephorus,genus,,stolephorus,engraulidae,clupeiformes,actinopterygii,chordata,animalia,20.75,0.035,0.165,11,0.1,9,5.4,0.5,7,0.565,97,23.5,1,20,3.52,51,304.5,34.07,440,44,255.333333333333,3.589,18.255,1354,1621,552,730,909,195,654.5,0,0.915990909090909
Teri,Anchovy,Stolephorus,Halmahera Tengah,0.013,Marine,Capture,Raw,stolephorus,genus,,stolephorus,engraulidae,clupeiformes,actinopterygii,chordata,animalia,20.75,0.035,0.165,11,0.1,9,5.4,0.5,7,0.565,97,23.5,1,20,3.52,51,304.5,34.07,440,44,255.333333333333,3.589,18.255,1354,1621,552,730,909,195,654.5,0,0.915990909090909
Teri,Anchovy,Stolephorus,Kepulauan Sula,0.02,Marine,Capture,Raw,stolephorus,genus,,stolephorus,engraulidae,clupeiformes,actinopterygii,chordata,animalia,20.75,0.035,0.165,11,0.1,9,5.4,0.5,7,0.565,97,23.5,1,20,3.52,51,304.5,34.07,440,44,255.333333333333,3.589,18.255,1354,1621,552,730,909,195,654.5,0,0.915990909090909
Teri,Anchovy,Stolephorus,Halmahera Selatan,0.019,Marine,Capture,Raw,stolephorus,genus,,stolephorus,engraulidae,clupeiformes,actinopterygii,chordata,animalia,20.75,0.035,0.165,11,0.1,9,5.4,0.5,7,0.565,97,23.5,1,20,3.52,51,304.5,34.07,440,44,255.333333333333,3.589,18.255,1354,1621,552,730,909,195,654.5,0,0.915990909090909
Teri,Anchovy,Stolephorus,Halmahera Utara,0.003,Marine,Capture,Raw,stolephorus,genus,,stolephorus,engraulidae,clupeiformes,actinopterygii,chordata,animalia,20.75,0.035,0.165,11,0.1,9,5.4,0.5,7,0.565,97,23.5,1,20,3.52,51,304.5,34.07,440,44,255.333333333333,3.589,18.255,1354,1621,552,730,909,195,654.5,0,0.915990909090909
Teri,Anchovy,Stolephorus,Halmahera Timur,0.023,Marine,Capture,Raw,stolephorus,genus,,stolephorus,engraulidae,clupeiformes,actinopterygii,chordata,animalia,20.75,0.035,0.165,11,0.1,9,5.4,0.5,7,0.565,97,23.5,1,20,3.52,51,304.5,34.07,440,44,255.333333333333,3.589,18.255,1354,1621,552,730,909,195,654.5,0,0.915990909090909
Teri,Anchovy,Stolephorus,Pulau Morotai,0.014,Marine,Capture,Raw,stolephorus,genus,,stolephorus,engraulidae,clupeiformes,actinopterygii,chordata,animalia,20.75,0.035,0.165,11,0.1,9,5.4,0.5,7,0.565,97,23.5,1,20,3.52,51,304.5,34.07,440,44,255.333333333333,3.589,18.255,1354,1621,552,730,909,195,654.5,0,0.915990909090909
Teri,Anchovy,Stolephorus,Pulau Taliabu,0.016,Marine,Capture,Raw,stolephorus,genus,,stolephorus,engraulidae,clupeiformes,actinopterygii,chordata,animalia,20.75,0.035,0.165,11,0.1,9,5.4,0.5,7,0.565,97,23.5,1,20,3.52,51,304.5,34.07,440,44,255.333333333333,3.589,18.255,1354,1621,552,730,909,195,654.5,0,0.915990909090909
Teri,Anchovy,Stolephorus,Kota Ternate,0.005,Marine,Capture,Raw,stolephorus,genus,,stolephorus,engraulidae,clupeiformes,actinopterygii,chordata,animalia,20.75,0.035,0.165,11,0.1,9,5.4,0.5,7,0.565,97,23.5,1,20,3.52,51,304.5,34.07,440,44,255.333333333333,3.589,18.255,1354,1621,552,730,909,195,654.5,0,0.915990909090909
Teri,Anchovy,Stolephorus,Kota Tidore Kepulauan,0.013,Marine,Capture,Raw,stolephorus,genus,,stolephorus,engraulidae,clupeiformes,actinopterygii,chordata,animalia,20.75,0.035,0.165,11,0.1,9,5.4,0.5,7,0.565,97,23.5,1,20,3.52,51,304.5,34.07,440,44,255.333333333333,3.589,18.255,1354,1621,552,730,909,195,654.5,0,0.915990909090909
Bandeng,Milkfish,Chanos chanos,Halmahera Barat,0.001,Inland,Aquaculture,Raw,chanos chanos,,chanos chanos,chanos,chanidae,gonorynchiformes,actinopterygii,chordata,animalia,0,0.108156948228883,0.13,7.69,0.322282442748092,0,2,0,1.6,1,19,20.6,0.083,30,0.4,31,336,350,347,15.6015,84,0.8825,23.4,1467.11955156173,1712.61125404762,544.271637493939,765.44533156875,836.389792469512,258,956.205573983333,0.08,0.39767
Bandeng,Milkfish,Chanos chanos,Halmahera Tengah,0.002,Inland,Aquaculture,Raw,chanos chanos,,chanos chanos,chanos,chanidae,gonorynchiformes,actinopterygii,chordata,animalia,0,0.108156948228883,0.13,7.69,0.322282442748092,0,2,0,1.6,1,19,20.6,0.083,30,0.4,31,336,350,347,15.6015,84,0.8825,23.4,1467.11955156173,1712.61125404762,544.271637493939,765.44533156875,836.389792469512,258,956.205573983333,0.08,0.39767
Bandeng,Milkfish,Chanos chanos,Kepulauan Sula,0,Inland,Aquaculture,Raw,chanos chanos,,chanos chanos,chanos,chanidae,gonorynchiformes,actinopterygii,chordata,animalia,0,0.108156948228883,0.13,7.69,0.322282442748092,0,2,0,1.6,1,19,20.6,0.083,30,0.4,31,336,350,347,15.6015,84,0.8825,23.4,1467.11955156173,1712.61125404762,544.271637493939,765.44533156875,836.389792469512,258,956.205573983333,0.08,0.39767
Bandeng,Milkfish,Chanos chanos,Halmahera Selatan,0,Inland,Aquaculture,Raw,chanos chanos,,chanos chanos,chanos,chanidae,gonorynchiformes,actinopterygii,chordata,animalia,0,0.108156948228883,0.13,7.69,0.322282442748092,0,2,0,1.6,1,19,20.6,0.083,30,0.4,31,336,350,347,15.6015,84,0.8825,23.4,1467.11955156173,1712.61125404762,544.271637493939,765.44533156875,836.389792469512,258,956.205573983333,0.08,0.39767
Bandeng,Milkfish,Chanos chanos,Halmahera Utara,0,Inland,Aquaculture,Raw,chanos chanos,,chanos chanos,chanos,chanidae,gonorynchiformes,actinopterygii,chordata,animalia,0,0.108156948228883,0.13,7.69,0.322282442748092,0,2,0,1.6,1,19,20.6,0.083,30,0.4,31,336,350,347,15.6015,84,0.8825,23.4,1467.11955156173,1712.61125404762,544.271637493939,765.44533156875,836.389792469512,258,956.205573983333,0.08,0.39767
Bandeng,Milkfish,Chanos chanos,Halmahera Timur,0,Inland,Aquaculture,Raw,chanos chanos,,chanos chanos,chanos,chanidae,gonorynchiformes,actinopterygii,chordata,animalia,0,0.108156948228883,0.13,7.69,0.322282442748092,0,2,0,1.6,1,19,20.6,0.083,30,0.4,31,336,350,347,15.6015,84,0.8825,23.4,1467.11955156173,1712.61125404762,544.271637493939,765.44533156875,836.389792469512,258,956.205573983333,0.08,0.39767
Bandeng,Milkfish,Chanos chanos,Pulau Morotai,0,Inland,Aquaculture,Raw,chanos chanos,,chanos chanos,chanos,chanidae,gonorynchiformes,actinopterygii,chordata,animalia,0,0.108156948228883,0.13,7.69,0.322282442748092,0,2,0,1.6,1,19,20.6,0.083,30,0.4,31,336,350,347,15.6015,84,0.8825,23.4,1467.11955156173,1712.61125404762,544.271637493939,765.44533156875,836.389792469512,258,956.205573983333,0.08,0.39767
Bandeng,Milkfish,Chanos chanos,Pulau Taliabu,0,Inland,Aquaculture,Raw,chanos chanos,,chanos chanos,chanos,chanidae,gonorynchiformes,actinopterygii,chordata,animalia,0,0.108156948228883,0.13,7.69,0.322282442748092,0,2,0,1.6,1,19,20.6,0.083,30,0.4,31,336,350,347,15.6015,84,0.8825,23.4,1467.11955156173,1712.61125404762,544.271637493939,765.44533156875,836.389792469512,258,956.205573983333,0.08,0.39767
Bandeng,Milkfish,Chanos chanos,Kota Ternate,0,Inland,Aquaculture,Raw,chanos chanos,,chanos chanos,chanos,chanidae,gonorynchiformes,actinopterygii,chordata,animalia,0,0.108156948228883,0.13,7.69,0.322282442748092,0,2,0,1.6,1,19,20.6,0.083,30,0.4,31,336,350,347,15.6015,84,0.8825,23.4,1467.11955156173,1712.61125404762,544.271637493939,765.44533156875,836.389792469512,258,956.205573983333,0.08,0.39767
Bandeng,Milkfish,Chanos chanos,Kota Tidore Kepulauan,0.002,Inland,Aquaculture,Raw,chanos chanos,,chanos chanos,chanos,chanidae,gonorynchiformes,actinopterygii,chordata,animalia,0,0.108156948228883,0.13,7.69,0.322282442748092,0,2,0,1.6,1,19,20.6,0.083,30,0.4,31,336,350,347,15.6015,84,0.8825,23.4,1467.11955156173,1712.61125404762,544.271637493939,765.44533156875,836.389792469512,258,956.205573983333,0.08,0.39767
Gabus,Snakehead,Channa striata,Halmahera Barat,0.003,Inland,Aquaculture; capture,Raw,channa striata,,channa striata,channa,channidae,anabantiformes,actinopterygii,chordata,animalia,10,0.08,0.12,8.07062015503876,0.302,8.8137037037037,3.88544680851064,1,6.71252918287938,1.09125342857143,43,2,0.13,59.1306113537118,0.526666666666667,21.5,88,124,219.5,48.6267341472868,34.6,0.573333333333333,20.5,1493,1637,490.5,748.3,800.2,218.132273333333,893.3,0.0402137851851852,0.634979049350649
Gabus,Snakehead,Channa striata,Halmahera Tengah,0.001,Inland,Aquaculture; capture,Raw,channa striata,,channa striata,channa,channidae,anabantiformes,actinopterygii,chordata,animalia,10,0.08,0.12,8.07062015503876,0.302,8.8137037037037,3.88544680851064,1,6.71252918287938,1.09125342857143,43,2,0.13,59.1306113537118,0.526666666666667,21.5,88,124,219.5,48.6267341472868,34.6,0.573333333333333,20.5,1493,1637,490.5,748.3,800.2,218.132273333333,893.3,0.0402137851851852,0.634979049350649
Gabus,Snakehead,Channa striata,Kepulauan Sula,0,Inland,Aquaculture; capture,Raw,channa striata,,channa striata,channa,channidae,anabantiformes,actinopterygii,chordata,animalia,10,0.08,0.12,8.07062015503876,0.302,8.8137037037037,3.88544680851064,1,6.71252918287938,1.09125342857143,43,2,0.13,59.1306113537118,0.526666666666667,21.5,88,124,219.5,48.6267341472868,34.6,0.573333333333333,20.5,1493,1637,490.5,748.3,800.2,218.132273333333,893.3,0.0402137851851852,0.634979049350649
Gabus,Snakehead,Channa striata,Halmahera Selatan,0.001,Inland,Aquaculture; capture,Raw,channa striata,,channa striata,channa,channidae,anabantiformes,actinopterygii,chordata,animalia,10,0.08,0.12,8.07062015503876,0.302,8.8137037037037,3.88544680851064,1,6.71252918287938,1.09125342857143,43,2,0.13,59.1306113537118,0.526666666666667,21.5,88,124,219.5,48.6267341472868,34.6,0.573333333333333,20.5,1493,1637,490.5,748.3,800.2,218.132273333333,893.3,0.0402137851851852,0.634979049350649
Gabus,Snakehead,Channa striata,Halmahera Utara,0.001,Inland,Aquaculture; capture,Raw,channa striata,,channa striata,channa,channidae,anabantiformes,actinopterygii,chordata,animalia,10,0.08,0.12,8.07062015503876,0.302,8.8137037037037,3.88544680851064,1,6.71252918287938,1.09125342857143,43,2,0.13,59.1306113537118,0.526666666666667,21.5,88,124,219.5,48.6267341472868,34.6,0.573333333333333,20.5,1493,1637,490.5,748.3,800.2,218.132273333333,893.3,0.0402137851851852,0.634979049350649
Gabus,Snakehead,Channa striata,Halmahera Timur,0.006,Inland,Aquaculture; capture,Raw,channa striata,,channa striata,channa,channidae,anabantiformes,actinopterygii,chordata,animalia,10,0.08,0.12,8.07062015503876,0.302,8.8137037037037,3.88544680851064,1,6.71252918287938,1.09125342857143,43,2,0.13,59.1306113537118,0.526666666666667,21.5,88,124,219.5,48.6267341472868,34.6,0.573333333333333,20.5,1493,1637,490.5,748.3,800.2,218.132273333333,893.3,0.0402137851851852,0.634979049350649
Gabus,Snakehead,Channa striata,Pulau Morotai,0,Inland,Aquaculture; capture,Raw,channa striata,,channa striata,channa,channidae,anabantiformes,actinopterygii,chordata,animalia,10,0.08,0.12,8.07062015503876,0.302,8.8137037037037,3.88544680851064,1,6.71252918287938,1.09125342857143,43,2,0.13,59.1306113537118,0.526666666666667,21.5,88,124,219.5,48.6267341472868,34.6,0.573333333333333,20.5,1493,1637,490.5,748.3,800.2,218.132273333333,893.3,0.0402137851851852,0.634979049350649
Gabus,Snakehead,Channa striata,Pulau Taliabu,0.002,Inland,Aquaculture; capture,Raw,channa striata,,channa striata,channa,channidae,anabantiformes,actinopterygii,chordata,animalia,10,0.08,0.12,8.07062015503876,0.302,8.8137037037037,3.88544680851064,1,6.71252918287938,1.09125342857143,43,2,0.13,59.1306113537118,0.526666666666667,21.5,88,124,219.5,48.6267341472868,34.6,0.573333333333333,20.5,1493,1637,490.5,748.3,800.2,218.132273333333,893.3,0.0402137851851852,0.634979049350649
Gabus,Snakehead,Channa striata,Kota Ternate,0,Inland,Aquaculture; capture,Raw,channa striata,,channa striata,channa,channidae,anabantiformes,actinopterygii,chordata,animalia,10,0.08,0.12,8.07062015503876,0.302,8.8137037037037,3.88544680851064,1,6.71252918287938,1.09125342857143,43,2,0.13,59.1306113537118,0.526666666666667,21.5,88,124,219.5,48.6267341472868,34.6,0.573333333333333,20.5,1493,1637,490.5,748.3,800.2,218.132273333333,893.3,0.0402137851851852,0.634979049350649
Gabus,Snakehead,Channa striata,Kota Tidore Kepulauan,0.003,Inland,Aquaculture; capture,Raw,channa striata,,channa striata,channa,channidae,anabantiformes,actinopterygii,chordata,animalia,10,0.08,0.12,8.07062015503876,0.302,8.8137037037037,3.88544680851064,1,6.71252918287938,1.09125342857143,43,2,0.13,59.1306113537118,0.526666666666667,21.5,88,124,219.5,48.6267341472868,34.6,0.573333333333333,20.5,1493,1637,490.5,748.3,800.2,218.132273333333,893.3,0.0402137851851852,0.634979049350649
Mujair,Mozambique tilapia,Oreochromis mossambicus,Halmahera Barat,0.014,Inland,Aquaculture,Raw,oreochromis mossambicus,,oreochromis mossambicus,oreochromis,cichlidae,cichliformes,actinopterygii,chordata,animalia,2.33333333333333,0.05,0.133333333333333,6.77,0.111,12,2,0.5,3.55,0.855,24.3333333333333,8.8,0.0480666666666667,30,0.666666666666667,33.5,36.402,295.666666666667,352.666666666667,33.7,66.3333333333333,0.868666666666667,18.52,1493,1598,676,820,897,250,942,0.025009,0.07946
Mujair,Mozambique tilapia,Oreochromis mossambicus,Halmahera Tengah,0,Inland,Aquaculture,Raw,oreochromis mossambicus,,oreochromis mossambicus,oreochromis,cichlidae,cichliformes,actinopterygii,chordata,animalia,2.33333333333333,0.05,0.133333333333333,6.77,0.111,12,2,0.5,3.55,0.855,24.3333333333333,8.8,0.0480666666666667,30,0.666666666666667,33.5,36.402,295.666666666667,352.666666666667,33.7,66.3333333333333,0.868666666666667,18.52,1493,1598,676,820,897,250,942,0.025009,0.07946
Mujair,Mozambique tilapia,Oreochromis mossambicus,Kepulauan Sula,0,Inland,Aquaculture,Raw,oreochromis mossambicus,,oreochromis mossambicus,oreochromis,cichlidae,cichliformes,actinopterygii,chordata,animalia,2.33333333333333,0.05,0.133333333333333,6.77,0.111,12,2,0.5,3.55,0.855,24.3333333333333,8.8,0.0480666666666667,30,0.666666666666667,33.5,36.402,295.666666666667,352.666666666667,33.7,66.3333333333333,0.868666666666667,18.52,1493,1598,676,820,897,250,942,0.025009,0.07946
Mujair,Mozambique tilapia,Oreochromis mossambicus,Halmahera Selatan,0.001,Inland,Aquaculture,Raw,oreochromis mossambicus,,oreochromis mossambicus,oreochromis,cichlidae,cichliformes,actinopterygii,chordata,animalia,2.33333333333333,0.05,0.133333333333333,6.77,0.111,12,2,0.5,3.55,0.855,24.3333333333333,8.8,0.0480666666666667,30,0.666666666666667,33.5,36.402,295.666666666667,352.666666666667,33.7,66.3333333333333,0.868666666666667,18.52,1493,1598,676,820,897,250,942,0.025009,0.07946
Mujair,Mozambique tilapia,Oreochromis mossambicus,Halmahera Utara,0.008,Inland,Aquaculture,Raw,oreochromis mossambicus,,oreochromis mossambicus,oreochromis,cichlidae,cichliformes,actinopterygii,chordata,animalia,2.33333333333333,0.05,0.133333333333333,6.77,0.111,12,2,0.5,3.55,0.855,24.3333333333333,8.8,0.0480666666666667,30,0.666666666666667,33.5,36.402,295.666666666667,352.666666666667,33.7,66.3333333333333,0.868666666666667,18.52,1493,1598,676,820,897,250,942,0.025009,0.07946
Mujair,Mozambique tilapia,Oreochromis mossambicus,Halmahera Timur,0.003,Inland,Aquaculture,Raw,oreochromis mossambicus,,oreochromis mossambicus,oreochromis,cichlidae,cichliformes,actinopterygii,chordata,animalia,2.33333333333333,0.05,0.133333333333333,6.77,0.111,12,2,0.5,3.55,0.855,24.3333333333333,8.8,0.0480666666666667,30,0.666666666666667,33.5,36.402,295.666666666667,352.666666666667,33.7,66.3333333333333,0.868666666666667,18.52,1493,1598,676,820,897,250,942,0.025009,0.07946
Mujair,Mozambique tilapia,Oreochromis mossambicus,Pulau Morotai,0,Inland,Aquaculture,Raw,oreochromis mossambicus,,oreochromis mossambicus,oreochromis,cichlidae,cichliformes,actinopterygii,chordata,animalia,2.33333333333333,0.05,0.133333333333333,6.77,0.111,12,2,0.5,3.55,0.855,24.3333333333333,8.8,0.0480666666666667,30,0.666666666666667,33.5,36.402,295.666666666667,352.666666666667,33.7,66.3333333333333,0.868666666666667,18.52,1493,1598,676,820,897,250,942,0.025009,0.07946
Mujair,Mozambique tilapia,Oreochromis mossambicus,Pulau Taliabu,0,Inland,Aquaculture,Raw,oreochromis mossambicus,,oreochromis mossambicus,oreochromis,cichlidae,cichliformes,actinopterygii,chordata,animalia,2.33333333333333,0.05,0.133333333333333,6.77,0.111,12,2,0.5,3.55,0.855,24.3333333333333,8.8,0.0480666666666667,30,0.666666666666667,33.5,36.402,295.666666666667,352.666666666667,33.7,66.3333333333333,0.868666666666667,18.52,1493,1598,676,820,897,250,942,0.025009,0.07946
Mujair,Mozambique tilapia,Oreochromis mossambicus,Kota Ternate,0.005,Inland,Aquaculture,Raw,oreochromis mossambicus,,oreochromis mossambicus,oreochromis,cichlidae,cichliformes,actinopterygii,chordata,animalia,2.33333333333333,0.05,0.133333333333333,6.77,0.111,12,2,0.5,3.55,0.855,24.3333333333333,8.8,0.0480666666666667,30,0.666666666666667,33.5,36.402,295.666666666667,352.666666666667,33.7,66.3333333333333,0.868666666666667,18.52,1493,1598,676,820,897,250,942,0.025009,0.07946
Mujair,Mozambique tilapia,Oreochromis mossambicus,Kota Tidore Kepulauan,0.001,Inland,Aquaculture,Raw,oreochromis mossambicus,,oreochromis mossambicus,oreochromis,cichlidae,cichliformes,actinopterygii,chordata,animalia,2.33333333333333,0.05,0.133333333333333,6.77,0.111,12,2,0.5,3.55,0.855,24.3333333333333,8.8,0.0480666666666667,30,0.666666666666667,33.5,36.402,295.666666666667,352.666666666667,33.7,66.3333333333333,0.868666666666667,18.52,1493,1598,676,820,897,250,942,0.025009,0.07946
"Mas, nila",Carp/tilapia,Cyprinus/Oreochromis,Halmahera Barat,0.006,Inland,Aquaculture,Raw,actinopterygii,gigaclass,,,,,actinopterygii,chordata,animalia,5.74675324675325,0.12833333333333335,0.09966666666666665,6.065416666666665,0.2049102564102565,12.5238095238095,3.598076923076925,0.5,12.582051282051266,1.0759875,41.13866666666665,27.69617647058825,0.113028191268191,33.72086123241145,1.3497952678571452,30.5862361111111,98.14600732600725,232.7876282894735,301.68211904761904,19.99807142857145,110.3680873015871,1.7143569843726079,18.191378378378403,1507.449166666665,1712.0149999999999,557.2345833333335,743.4795833333335,851.79125,210.5,988.9262500000015,0.0317178,0.4827095454545455
"Mas, nila",Carp/tilapia,Cyprinus/Oreochromis,Halmahera Tengah,0,Inland,Aquaculture,Raw,actinopterygii,gigaclass,,,,,actinopterygii,chordata,animalia,5.74675324675325,0.12833333333333335,0.09966666666666665,6.065416666666665,0.2049102564102565,12.5238095238095,3.598076923076925,0.5,12.582051282051266,1.0759875,41.13866666666665,27.69617647058825,0.113028191268191,33.72086123241145,1.3497952678571452,30.5862361111111,98.14600732600725,232.7876282894735,301.68211904761904,19.99807142857145,110.3680873015871,1.7143569843726079,18.191378378378403,1507.449166666665,1712.0149999999999,557.2345833333335,743.4795833333335,851.79125,210.5,988.9262500000015,0.0317178,0.4827095454545455
"Mas, nila",Carp/tilapia,Cyprinus/Oreochromis,Kepulauan Sula,0.002,Inland,Aquaculture,Raw,actinopterygii,gigaclass,,,,,actinopterygii,chordata,animalia,5.74675324675325,0.12833333333333335,0.09966666666666665,6.065416666666665,0.2049102564102565,12.5238095238095,3.598076923076925,0.5,12.582051282051266,1.0759875,41.13866666666665,27.69617647058825,0.113028191268191,33.72086123241145,1.3497952678571452,30.5862361111111,98.14600732600725,232.7876282894735,301.68211904761904,19.99807142857145,110.3680873015871,1.7143569843726079,18.191378378378403,1507.449166666665,1712.0149999999999,557.2345833333335,743.4795833333335,851.79125,210.5,988.9262500000015,0.0317178,0.4827095454545455
"Mas, nila",Carp/tilapia,Cyprinus/Oreochromis,Halmahera Selatan,0,Inland,Aquaculture,Raw,actinopterygii,gigaclass,,,,,actinopterygii,chordata,animalia,5.74675324675325,0.12833333333333335,0.09966666666666665,6.065416666666665,0.2049102564102565,12.5238095238095,3.598076923076925,0.5,12.582051282051266,1.0759875,41.13866666666665,27.69617647058825,0.113028191268191,33.72086123241145,1.3497952678571452,30.5862361111111,98.14600732600725,232.7876282894735,301.68211904761904,19.99807142857145,110.3680873015871,1.7143569843726079,18.191378378378403,1507.449166666665,1712.0149999999999,557.2345833333335,743.4795833333335,851.79125,210.5,988.9262500000015,0.0317178,0.4827095454545455
"Mas, nila",Carp/tilapia,Cyprinus/Oreochromis,Halmahera Utara,0.001,Inland,Aquaculture,Raw,actinopterygii,gigaclass,,,,,actinopterygii,chordata,animalia,5.74675324675325,0.12833333333333335,0.09966666666666665,6.065416666666665,0.2049102564102565,12.5238095238095,3.598076923076925,0.5,12.582051282051266,1.0759875,41.13866666666665,27.69617647058825,0.113028191268191,33.72086123241145,1.3497952678571452,30.5862361111111,98.14600732600725,232.7876282894735,301.68211904761904,19.99807142857145,110.3680873015871,1.7143569843726079,18.191378378378403,1507.449166666665,1712.0149999999999,557.2345833333335,743.4795833333335,851.79125,210.5,988.9262500000015,0.0317178,0.4827095454545455
"Mas, nila",Carp/tilapia,Cyprinus/Oreochromis,Halmahera Timur,0.011,Inland,Aquaculture,Raw,actinopterygii,gigaclass,,,,,actinopterygii,chordata,animalia,5.74675324675325,0.12833333333333335,0.09966666666666665,6.065416666666665,0.2049102564102565,12.5238095238095,3.598076923076925,0.5,12.582051282051266,1.0759875,41.13866666666665,27.69617647058825,0.113028191268191,33.72086123241145,1.3497952678571452,30.5862361111111,98.14600732600725,232.7876282894735,301.68211904761904,19.99807142857145,110.3680873015871,1.7143569843726079,18.191378378378403,1507.449166666665,1712.0149999999999,557.2345833333335,743.4795833333335,851.79125,210.5,988.9262500000015,0.0317178,0.4827095454545455
"Mas, nila",Carp/tilapia,Cyprinus/Oreochromis,Pulau Morotai,0,Inland,Aquaculture,Raw,actinopterygii,gigaclass,,,,,actinopterygii,chordata,animalia,5.74675324675325,0.12833333333333335,0.09966666666666665,6.065416666666665,0.2049102564102565,12.5238095238095,3.598076923076925,0.5,12.582051282051266,1.0759875,41.13866666666665,27.69617647058825,0.113028191268191,33.72086123241145,1.3497952678571452,30.5862361111111,98.14600732600725,232.7876282894735,301.68211904761904,19.99807142857145,110.3680873015871,1.7143569843726079,18.191378378378403,1507.449166666665,1712.0149999999999,557.2345833333335,743.4795833333335,851.79125,210.5,988.9262500000015,0.0317178,0.4827095454545455
"Mas, nila",Carp/tilapia,Cyprinus/Oreochromis,Pulau Taliabu,0,Inland,Aquaculture,Raw,actinopterygii,gigaclass,,,,,actinopterygii,chordata,animalia,5.74675324675325,0.12833333333333335,0.09966666666666665,6.065416666666665,0.2049102564102565,12.5238095238095,3.598076923076925,0.5,12.582051282051266,1.0759875,41.13866666666665,27.69617647058825,0.113028191268191,33.72086123241145,1.3497952678571452,30.5862361111111,98.14600732600725,232.7876282894735,301.68211904761904,19.99807142857145,110.3680873015871,1.7143569843726079,18.191378378378403,1507.449166666665,1712.0149999999999,557.2345833333335,743.4795833333335,851.79125,210.5,988.9262500000015,0.0317178,0.4827095454545455
"Mas, nila",Carp/tilapia,Cyprinus/Oreochromis,Kota Ternate,0.001,Inland,Aquaculture,Raw,actinopterygii,gigaclass,,,,,actinopterygii,chordata,animalia,5.74675324675325,0.12833333333333335,0.09966666666666665,6.065416666666665,0.2049102564102565,12.5238095238095,3.598076923076925,0.5,12.582051282051266,1.0759875,41.13866666666665,27.69617647058825,0.113028191268191,33.72086123241145,1.3497952678571452,30.5862361111111,98.14600732600725,232.7876282894735,301.68211904761904,19.99807142857145,110.3680873015871,1.7143569843726079,18.191378378378403,1507.449166666665,1712.0149999999999,557.2345833333335,743.4795833333335,851.79125,210.5,988.9262500000015,0.0317178,0.4827095454545455
"Mas, nila",Carp/tilapia,Cyprinus/Oreochromis,Kota Tidore Kepulauan,0,Inland,Aquaculture,Raw,actinopterygii,gigaclass,,,,,actinopterygii,chordata,animalia,5.74675324675325,0.12833333333333335,0.09966666666666665,6.065416666666665,0.2049102564102565,12.5238095238095,3.598076923076925,0.5,12.582051282051266,1.0759875,41.13866666666665,27.69617647058825,0.113028191268191,33.72086123241145,1.3497952678571452,30.5862361111111,98.14600732600725,232.7876282894735,301.68211904761904,19.99807142857145,110.3680873015871,1.7143569843726079,18.191378378378403,1507.449166666665,1712.0149999999999,557.2345833333335,743.4795833333335,851.79125,210.5,988.9262500000015,0.0317178,0.4827095454545455
Lele,Catfish,Clarias,Halmahera Barat,0.002,Inland,Aquaculture,Raw,siluriformes,order,,,,siluriformes,actinopterygii,chordata,animalia,14.6428571428571,0.114090909090909,0.0608695652173913,5.78571428571429,0.184105263157895,11.4666666666667,2.50266666666667,0.345454545454545,1.75,0.486923076923077,68.4290263157895,39.9588235294118,0.14314,3.41666666666667,1.58586173913043,29.2471935483871,184.463571428571,180.95059375,279.369722222222,31.0047619047619,141.113525,1.40560333333333,17.2098795180723,1082.42705882353,1256.62764705882,386.120588235294,565.287647058823,626.918823529412,192.3125,679.177058823529,0.047510875,0.356666666666667
Lele,Catfish,Clarias,Halmahera Tengah,0.001,Inland,Aquaculture,Raw,siluriformes,order,,,,siluriformes,actinopterygii,chordata,animalia,14.6428571428571,0.114090909090909,0.0608695652173913,5.78571428571429,0.184105263157895,11.4666666666667,2.50266666666667,0.345454545454545,1.75,0.486923076923077,68.4290263157895,39.9588235294118,0.14314,3.41666666666667,1.58586173913043,29.2471935483871,184.463571428571,180.95059375,279.369722222222,31.0047619047619,141.113525,1.40560333333333,17.2098795180723,1082.42705882353,1256.62764705882,386.120588235294,565.287647058823,626.918823529412,192.3125,679.177058823529,0.047510875,0.356666666666667
Lele,Catfish,Clarias,Kepulauan Sula,0,Inland,Aquaculture,Raw,siluriformes,order,,,,siluriformes,actinopterygii,chordata,animalia,14.6428571428571,0.114090909090909,0.0608695652173913,5.78571428571429,0.184105263157895,11.4666666666667,2.50266666666667,0.345454545454545,1.75,0.486923076923077,68.4290263157895,39.9588235294118,0.14314,3.41666666666667,1.58586173913043,29.2471935483871,184.463571428571,180.95059375,279.369722222222,31.0047619047619,141.113525,1.40560333333333,17.2098795180723,1082.42705882353,1256.62764705882,386.120588235294,565.287647058823,626.918823529412,192.3125,679.177058823529,0.047510875,0.356666666666667
Lele,Catfish,Clarias,Halmahera Selatan,0,Inland,Aquaculture,Raw,siluriformes,order,,,,siluriformes,actinopterygii,chordata,animalia,14.6428571428571,0.114090909090909,0.0608695652173913,5.78571428571429,0.184105263157895,11.4666666666667,2.50266666666667,0.345454545454545,1.75,0.486923076923077,68.4290263157895,39.9588235294118,0.14314,3.41666666666667,1.58586173913043,29.2471935483871,184.463571428571,180.95059375,279.369722222222,31.0047619047619,141.113525,1.40560333333333,17.2098795180723,1082.42705882353,1256.62764705882,386.120588235294,565.287647058823,626.918823529412,192.3125,679.177058823529,0.047510875,0.356666666666667
Lele,Catfish,Clarias,Halmahera Utara,0.001,Inland,Aquaculture,Raw,siluriformes,order,,,,siluriformes,actinopterygii,chordata,animalia,14.6428571428571,0.114090909090909,0.0608695652173913,5.78571428571429,0.184105263157895,11.4666666666667,2.50266666666667,0.345454545454545,1.75,0.486923076923077,68.4290263157895,39.9588235294118,0.14314,3.41666666666667,1.58586173913043,29.2471935483871,184.463571428571,180.95059375,279.369722222222,31.0047619047619,141.113525,1.40560333333333,17.2098795180723,1082.42705882353,1256.62764705882,386.120588235294,565.287647058823,626.918823529412,192.3125,679.177058823529,0.047510875,0.356666666666667
Lele,Catfish,Clarias,Halmahera Timur,0.001,Inland,Aquaculture,Raw,siluriformes,order,,,,siluriformes,actinopterygii,chordata,animalia,14.6428571428571,0.114090909090909,0.0608695652173913,5.78571428571429,0.184105263157895,11.4666666666667,2.50266666666667,0.345454545454545,1.75,0.486923076923077,68.4290263157895,39.9588235294118,0.14314,3.41666666666667,1.58586173913043,29.2471935483871,184.463571428571,180.95059375,279.369722222222,31.0047619047619,141.113525,1.40560333333333,17.2098795180723,1082.42705882353,1256.62764705882,386.120588235294,565.287647058823,626.918823529412,192.3125,679.177058823529,0.047510875,0.356666666666667
Lele,Catfish,Clarias,Pulau Morotai,0.001,Inland,Aquaculture,Raw,siluriformes,order,,,,siluriformes,actinopterygii,chordata,animalia,14.6428571428571,0.114090909090909,0.0608695652173913,5.78571428571429,0.184105263157895,11.4666666666667,2.50266666666667,0.345454545454545,1.75,0.486923076923077,68.4290263157895,39.9588235294118,0.14314,3.41666666666667,1.58586173913043,29.2471935483871,184.463571428571,180.95059375,279.369722222222,31.0047619047619,141.113525,1.40560333333333,17.2098795180723,1082.42705882353,1256.62764705882,386.120588235294,565.287647058823,626.918823529412,192.3125,679.177058823529,0.047510875,0.356666666666667
Lele,Catfish,Clarias,Pulau Taliabu,0,Inland,Aquaculture,Raw,siluriformes,order,,,,siluriformes,actinopterygii,chordata,animalia,14.6428571428571,0.114090909090909,0.0608695652173913,5.78571428571429,0.184105263157895,11.4666666666667,2.50266666666667,0.345454545454545,1.75,0.486923076923077,68.4290263157895,39.9588235294118,0.14314,3.41666666666667,1.58586173913043,29.2471935483871,184.463571428571,180.95059375,279.369722222222,31.0047619047619,141.113525,1.40560333333333,17.2098795180723,1082.42705882353,1256.62764705882,386.120588235294,565.287647058823,626.918823529412,192.3125,679.177058823529,0.047510875,0.356666666666667
Lele,Catfish,Clarias,Kota Ternate,0,Inland,Aquaculture,Raw,siluriformes,order,,,,siluriformes,actinopterygii,chordata,animalia,14.6428571428571,0.114090909090909,0.0608695652173913,5.78571428571429,0.184105263157895,11.4666666666667,2.50266666666667,0.345454545454545,1.75,0.486923076923077,68.4290263157895,39.9588235294118,0.14314,3.41666666666667,1.58586173913043,29.2471935483871,184.463571428571,180.95059375,279.369722222222,31.0047619047619,141.113525,1.40560333333333,17.2098795180723,1082.42705882353,1256.62764705882,386.120588235294,565.287647058823,626.918823529412,192.3125,679.177058823529,0.047510875,0.356666666666667
Lele,Catfish,Clarias,Kota Tidore Kepulauan,0,Inland,Aquaculture,Raw,siluriformes,order,,,,siluriformes,actinopterygii,chordata,animalia,14.6428571428571,0.114090909090909,0.0608695652173913,5.78571428571429,0.184105263157895,11.4666666666667,2.50266666666667,0.345454545454545,1.75,0.486923076923077,68.4290263157895,39.9588235294118,0.14314,3.41666666666667,1.58586173913043,29.2471935483871,184.463571428571,180.95059375,279.369722222222,31.0047619047619,141.113525,1.40560333333333,17.2098795180723,1082.42705882353,1256.62764705882,386.120588235294,565.287647058823,626.918823529412,192.3125,679.177058823529,0.047510875,0.356666666666667
Kakap,Snapper,Lutjanus,Halmahera Barat,0.011,Marine,Capture,Raw,lutjanus,genus,,lutjanus,lutjanidae,eupercaria,actinopterygii,chordata,animalia,13.4814814814815,0.120645161290323,0.146595744680851,8.01333333333333,0.310235294117647,6.0952380952381,1.5,1.07948717948718,0,0.829289473684211,34.344,53.0647058823529,0.0796084210526316,20,1.0708584,18.24,36.1533333333333,235.468333333333,244.628,71.4777777777778,38.148,1.07580692307692,18.6316991333333,1723.18720333333,1981.66528666667,620.347394666667,884.569433333333,1001.97592166667,172.076454545455,1085.60793666667,0.00532,0.36488
Kakap,Snapper,Lutjanus,Halmahera Tengah,0.043,Marine,Capture,Raw,lutjanus,genus,,lutjanus,lutjanidae,eupercaria,actinopterygii,chordata,animalia,13.4814814814815,0.120645161290323,0.146595744680851,8.01333333333333,0.310235294117647,6.0952380952381,1.5,1.07948717948718,0,0.829289473684211,34.344,53.0647058823529,0.0796084210526316,20,1.0708584,18.24,36.1533333333333,235.468333333333,244.628,71.4777777777778,38.148,1.07580692307692,18.6316991333333,1723.18720333333,1981.66528666667,620.347394666667,884.569433333333,1001.97592166667,172.076454545455,1085.60793666667,0.00532,0.36488
Kakap,Snapper,Lutjanus,Kepulauan Sula,0.09,Marine,Capture,Raw,lutjanus,genus,,lutjanus,lutjanidae,eupercaria,actinopterygii,chordata,animalia,13.4814814814815,0.120645161290323,0.146595744680851,8.01333333333333,0.310235294117647,6.0952380952381,1.5,1.07948717948718,0,0.829289473684211,34.344,53.0647058823529,0.0796084210526316,20,1.0708584,18.24,36.1533333333333,235.468333333333,244.628,71.4777777777778,38.148,1.07580692307692,18.6316991333333,1723.18720333333,1981.66528666667,620.347394666667,884.569433333333,1001.97592166667,172.076454545455,1085.60793666667,0.00532,0.36488
Kakap,Snapper,Lutjanus,Halmahera Selatan,0.071,Marine,Capture,Raw,lutjanus,genus,,lutjanus,lutjanidae,eupercaria,actinopterygii,chordata,animalia,13.4814814814815,0.120645161290323,0.146595744680851,8.01333333333333,0.310235294117647,6.0952380952381,1.5,1.07948717948718,0,0.829289473684211,34.344,53.0647058823529,0.0796084210526316,20,1.0708584,18.24,36.1533333333333,235.468333333333,244.628,71.4777777777778,38.148,1.07580692307692,18.6316991333333,1723.18720333333,1981.66528666667,620.347394666667,884.569433333333,1001.97592166667,172.076454545455,1085.60793666667,0.00532,0.36488
Kakap,Snapper,Lutjanus,Halmahera Utara,0.019,Marine,Capture,Raw,lutjanus,genus,,lutjanus,lutjanidae,eupercaria,actinopterygii,chordata,animalia,13.4814814814815,0.120645161290323,0.146595744680851,8.01333333333333,0.310235294117647,6.0952380952381,1.5,1.07948717948718,0,0.829289473684211,34.344,53.0647058823529,0.0796084210526316,20,1.0708584,18.24,36.1533333333333,235.468333333333,244.628,71.4777777777778,38.148,1.07580692307692,18.6316991333333,1723.18720333333,1981.66528666667,620.347394666667,884.569433333333,1001.97592166667,172.076454545455,1085.60793666667,0.00532,0.36488
Kakap,Snapper,Lutjanus,Halmahera Timur,0.014,Marine,Capture,Raw,lutjanus,genus,,lutjanus,lutjanidae,eupercaria,actinopterygii,chordata,animalia,13.4814814814815,0.120645161290323,0.146595744680851,8.01333333333333,0.310235294117647,6.0952380952381,1.5,1.07948717948718,0,0.829289473684211,34.344,53.0647058823529,0.0796084210526316,20,1.0708584,18.24,36.1533333333333,235.468333333333,244.628,71.4777777777778,38.148,1.07580692307692,18.6316991333333,1723.18720333333,1981.66528666667,620.347394666667,884.569433333333,1001.97592166667,172.076454545455,1085.60793666667,0.00532,0.36488
Kakap,Snapper,Lutjanus,Pulau Morotai,0.011,Marine,Capture,Raw,lutjanus,genus,,lutjanus,lutjanidae,eupercaria,actinopterygii,chordata,animalia,13.4814814814815,0.120645161290323,0.146595744680851,8.01333333333333,0.310235294117647,6.0952380952381,1.5,1.07948717948718,0,0.829289473684211,34.344,53.0647058823529,0.0796084210526316,20,1.0708584,18.24,36.1533333333333,235.468333333333,244.628,71.4777777777778,38.148,1.07580692307692,18.6316991333333,1723.18720333333,1981.66528666667,620.347394666667,884.569433333333,1001.97592166667,172.076454545455,1085.60793666667,0.00532,0.36488
Kakap,Snapper,Lutjanus,Pulau Taliabu,0.109,Marine,Capture,Raw,lutjanus,genus,,lutjanus,lutjanidae,eupercaria,actinopterygii,chordata,animalia,13.4814814814815,0.120645161290323,0.146595744680851,8.01333333333333,0.310235294117647,6.0952380952381,1.5,1.07948717948718,0,0.829289473684211,34.344,53.0647058823529,0.0796084210526316,20,1.0708584,18.24,36.1533333333333,235.468333333333,244.628,71.4777777777778,38.148,1.07580692307692,18.6316991333333,1723.18720333333,1981.66528666667,620.347394666667,884.569433333333,1001.97592166667,172.076454545455,1085.60793666667,0.00532,0.36488
Kakap,Snapper,Lutjanus,Kota Ternate,0.009,Marine,Capture,Raw,lutjanus,genus,,lutjanus,lutjanidae,eupercaria,actinopterygii,chordata,animalia,13.4814814814815,0.120645161290323,0.146595744680851,8.01333333333333,0.310235294117647,6.0952380952381,1.5,1.07948717948718,0,0.829289473684211,34.344,53.0647058823529,0.0796084210526316,20,1.0708584,18.24,36.1533333333333,235.468333333333,244.628,71.4777777777778,38.148,1.07580692307692,18.6316991333333,1723.18720333333,1981.66528666667,620.347394666667,884.569433333333,1001.97592166667,172.076454545455,1085.60793666667,0.00532,0.36488
Kakap,Snapper,Lutjanus,Kota Tidore Kepulauan,0.017,Marine,Capture,Raw,lutjanus,genus,,lutjanus,lutjanidae,eupercaria,actinopterygii,chordata,animalia,13.4814814814815,0.120645161290323,0.146595744680851,8.01333333333333,0.310235294117647,6.0952380952381,1.5,1.07948717948718,0,0.829289473684211,34.344,53.0647058823529,0.0796084210526316,20,1.0708584,18.24,36.1533333333333,235.468333333333,244.628,71.4777777777778,38.148,1.07580692307692,18.6316991333333,1723.18720333333,1981.66528666667,620.347394666667,884.569433333333,1001.97592166667,172.076454545455,1085.60793666667,0.00532,0.36488
Baronang,Rabbitfish,Siganus,Halmahera Barat,0.008,Marine,Capture,Raw,siganus,genus,,siganus,siganidae,acanthuriformes,actinopterygii,chordata,animalia,6,0.05,0.1,8.07062015503876,0.322282442748092,8.8137037037037,3.88544680851064,1,6.71252918287938,1.09125342857143,44.5799666666667,16.75,0.12561875,150,1.23377142857143,21.7744,135.628571428571,174,381.6992,78,72.0778,1.48633125,19.1406168833333,1297.4705,1449.78205,473.898401,705.6011855,835.896195,218.132273333333,878.22429,0.0402137851851852,0.1055
Baronang,Rabbitfish,Siganus,Halmahera Tengah,0.02,Marine,Capture,Raw,siganus,genus,,siganus,siganidae,acanthuriformes,actinopterygii,chordata,animalia,6,0.05,0.1,8.07062015503876,0.322282442748092,8.8137037037037,3.88544680851064,1,6.71252918287938,1.09125342857143,44.5799666666667,16.75,0.12561875,150,1.23377142857143,21.7744,135.628571428571,174,381.6992,78,72.0778,1.48633125,19.1406168833333,1297.4705,1449.78205,473.898401,705.6011855,835.896195,218.132273333333,878.22429,0.0402137851851852,0.1055
Baronang,Rabbitfish,Siganus,Kepulauan Sula,0.021,Marine,Capture,Raw,siganus,genus,,siganus,siganidae,acanthuriformes,actinopterygii,chordata,animalia,6,0.05,0.1,8.07062015503876,0.322282442748092,8.8137037037037,3.88544680851064,1,6.71252918287938,1.09125342857143,44.5799666666667,16.75,0.12561875,150,1.23377142857143,21.7744,135.628571428571,174,381.6992,78,72.0778,1.48633125,19.1406168833333,1297.4705,1449.78205,473.898401,705.6011855,835.896195,218.132273333333,878.22429,0.0402137851851852,0.1055
Baronang,Rabbitfish,Siganus,Halmahera Selatan,0.016,Marine,Capture,Raw,siganus,genus,,siganus,siganidae,acanthuriformes,actinopterygii,chordata,animalia,6,0.05,0.1,8.07062015503876,0.322282442748092,8.8137037037037,3.88544680851064,1,6.71252918287938,1.09125342857143,44.5799666666667,16.75,0.12561875,150,1.23377142857143,21.7744,135.628571428571,174,381.6992,78,72.0778,1.48633125,19.1406168833333,1297.4705,1449.78205,473.898401,705.6011855,835.896195,218.132273333333,878.22429,0.0402137851851852,0.1055
Baronang,Rabbitfish,Siganus,Halmahera Utara,0,Marine,Capture,Raw,siganus,genus,,siganus,siganidae,acanthuriformes,actinopterygii,chordata,animalia,6,0.05,0.1,8.07062015503876,0.322282442748092,8.8137037037037,3.88544680851064,1,6.71252918287938,1.09125342857143,44.5799666666667,16.75,0.12561875,150,1.23377142857143,21.7744,135.628571428571,174,381.6992,78,72.0778,1.48633125,19.1406168833333,1297.4705,1449.78205,473.898401,705.6011855,835.896195,218.132273333333,878.22429,0.0402137851851852,0.1055
Baronang,Rabbitfish,Siganus,Halmahera Timur,0.001,Marine,Capture,Raw,siganus,genus,,siganus,siganidae,acanthuriformes,actinopterygii,chordata,animalia,6,0.05,0.1,8.07062015503876,0.322282442748092,8.8137037037037,3.88544680851064,1,6.71252918287938,1.09125342857143,44.5799666666667,16.75,0.12561875,150,1.23377142857143,21.7744,135.628571428571,174,381.6992,78,72.0778,1.48633125,19.1406168833333,1297.4705,1449.78205,473.898401,705.6011855,835.896195,218.132273333333,878.22429,0.0402137851851852,0.1055
Baronang,Rabbitfish,Siganus,Pulau Morotai,0.007,Marine,Capture,Raw,siganus,genus,,siganus,siganidae,acanthuriformes,actinopterygii,chordata,animalia,6,0.05,0.1,8.07062015503876,0.322282442748092,8.8137037037037,3.88544680851064,1,6.71252918287938,1.09125342857143,44.5799666666667,16.75,0.12561875,150,1.23377142857143,21.7744,135.628571428571,174,381.6992,78,72.0778,1.48633125,19.1406168833333,1297.4705,1449.78205,473.898401,705.6011855,835.896195,218.132273333333,878.22429,0.0402137851851852,0.1055
Baronang,Rabbitfish,Siganus,Pulau Taliabu,0.06,Marine,Capture,Raw,siganus,genus,,siganus,siganidae,acanthuriformes,actinopterygii,chordata,animalia,6,0.05,0.1,8.07062015503876,0.322282442748092,8.8137037037037,3.88544680851064,1,6.71252918287938,1.09125342857143,44.5799666666667,16.75,0.12561875,150,1.23377142857143,21.7744,135.628571428571,174,381.6992,78,72.0778,1.48633125,19.1406168833333,1297.4705,1449.78205,473.898401,705.6011855,835.896195,218.132273333333,878.22429,0.0402137851851852,0.1055
Baronang,Rabbitfish,Siganus,Kota Ternate,0.001,Marine,Capture,Raw,siganus,genus,,siganus,siganidae,acanthuriformes,actinopterygii,chordata,animalia,6,0.05,0.1,8.07062015503876,0.322282442748092,8.8137037037037,3.88544680851064,1,6.71252918287938,1.09125342857143,44.5799666666667,16.75,0.12561875,150,1.23377142857143,21.7744,135.628571428571,174,381.6992,78,72.0778,1.48633125,19.1406168833333,1297.4705,1449.78205,473.898401,705.6011855,835.896195,218.132273333333,878.22429,0.0402137851851852,0.1055
Baronang,Rabbitfish,Siganus,Kota Tidore Kepulauan,0.005,Marine,Capture,Raw,siganus,genus,,siganus,siganidae,acanthuriformes,actinopterygii,chordata,animalia,6,0.05,0.1,8.07062015503876,0.322282442748092,8.8137037037037,3.88544680851064,1,6.71252918287938,1.09125342857143,44.5799666666667,16.75,0.12561875,150,1.23377142857143,21.7744,135.628571428571,174,381.6992,78,72.0778,1.48633125,19.1406168833333,1297.4705,1449.78205,473.898401,705.6011855,835.896195,218.132273333333,878.22429,0.0402137851851852,0.1055
Patin,Pangasius,Pangasius,Halmahera Barat,0,Inland,Aquaculture,Raw,pangasius hypophthalmus,,pangasius hypophthalmus,pangasius,pangasiidae,siluriformes,actinopterygii,chordata,animalia,5,0.15,0.06,6.15,0.107,9,0.58,0.345454545454545,1,0.2,14,39.9588235294118,0.07,4.025,0.1,29,184.463571428571,130,169,14.5,46,1.85,15.9,1139,1251,563,625,683,234,762,8.7e-5,0.07
Patin,Pangasius,Pangasius,Halmahera Tengah,0.006,Inland,Aquaculture,Raw,pangasius hypophthalmus,,pangasius hypophthalmus,pangasius,pangasiidae,siluriformes,actinopterygii,chordata,animalia,5,0.15,0.06,6.15,0.107,9,0.58,0.345454545454545,1,0.2,14,39.9588235294118,0.07,4.025,0.1,29,184.463571428571,130,169,14.5,46,1.85,15.9,1139,1251,563,625,683,234,762,8.7e-5,0.07
Patin,Pangasius,Pangasius,Kepulauan Sula,0,Inland,Aquaculture,Raw,pangasius hypophthalmus,,pangasius hypophthalmus,pangasius,pangasiidae,siluriformes,actinopterygii,chordata,animalia,5,0.15,0.06,6.15,0.107,9,0.58,0.345454545454545,1,0.2,14,39.9588235294118,0.07,4.025,0.1,29,184.463571428571,130,169,14.5,46,1.85,15.9,1139,1251,563,625,683,234,762,8.7e-5,0.07
Patin,Pangasius,Pangasius,Halmahera Selatan,0,Inland,Aquaculture,Raw,pangasius hypophthalmus,,pangasius hypophthalmus,pangasius,pangasiidae,siluriformes,actinopterygii,chordata,animalia,5,0.15,0.06,6.15,0.107,9,0.58,0.345454545454545,1,0.2,14,39.9588235294118,0.07,4.025,0.1,29,184.463571428571,130,169,14.5,46,1.85,15.9,1139,1251,563,625,683,234,762,8.7e-5,0.07
Patin,Pangasius,Pangasius,Halmahera Utara,0,Inland,Aquaculture,Raw,pangasius hypophthalmus,,pangasius hypophthalmus,pangasius,pangasiidae,siluriformes,actinopterygii,chordata,animalia,5,0.15,0.06,6.15,0.107,9,0.58,0.345454545454545,1,0.2,14,39.9588235294118,0.07,4.025,0.1,29,184.463571428571,130,169,14.5,46,1.85,15.9,1139,1251,563,625,683,234,762,8.7e-5,0.07
Patin,Pangasius,Pangasius,Halmahera Timur,0.001,Inland,Aquaculture,Raw,pangasius hypophthalmus,,pangasius hypophthalmus,pangasius,pangasiidae,siluriformes,actinopterygii,chordata,animalia,5,0.15,0.06,6.15,0.107,9,0.58,0.345454545454545,1,0.2,14,39.9588235294118,0.07,4.025,0.1,29,184.463571428571,130,169,14.5,46,1.85,15.9,1139,1251,563,625,683,234,762,8.7e-5,0.07
Patin,Pangasius,Pangasius,Pulau Morotai,0,Inland,Aquaculture,Raw,pangasius hypophthalmus,,pangasius hypophthalmus,pangasius,pangasiidae,siluriformes,actinopterygii,chordata,animalia,5,0.15,0.06,6.15,0.107,9,0.58,0.345454545454545,1,0.2,14,39.9588235294118,0.07,4.025,0.1,29,184.463571428571,130,169,14.5,46,1.85,15.9,1139,1251,563,625,683,234,762,8.7e-5,0.07
Patin,Pangasius,Pangasius,Pulau Taliabu,0,Inland,Aquaculture,Raw,pangasius hypophthalmus,,pangasius hypophthalmus,pangasius,pangasiidae,siluriformes,actinopterygii,chordata,animalia,5,0.15,0.06,6.15,0.107,9,0.58,0.345454545454545,1,0.2,14,39.9588235294118,0.07,4.025,0.1,29,184.463571428571,130,169,14.5,46,1.85,15.9,1139,1251,563,625,683,234,762,8.7e-5,0.07
Patin,Pangasius,Pangasius,Kota Ternate,0,Inland,Aquaculture,Raw,pangasius hypophthalmus,,pangasius hypophthalmus,pangasius,pangasiidae,siluriformes,actinopterygii,chordata,animalia,5,0.15,0.06,6.15,0.107,9,0.58,0.345454545454545,1,0.2,14,39.9588235294118,0.07,4.025,0.1,29,184.463571428571,130,169,14.5,46,1.85,15.9,1139,1251,563,625,683,234,762,8.7e-5,0.07
Patin,Pangasius,Pangasius,Kota Tidore Kepulauan,0,Inland,Aquaculture,Raw,pangasius hypophthalmus,,pangasius hypophthalmus,pangasius,pangasiidae,siluriformes,actinopterygii,chordata,animalia,5,0.15,0.06,6.15,0.107,9,0.58,0.345454545454545,1,0.2,14,39.9588235294118,0.07,4.025,0.1,29,184.463571428571,130,169,14.5,46,1.85,15.9,1139,1251,563,625,683,234,762,8.7e-5,0.07
Bawal,Pomfret,Pampus,Halmahera Barat,0,Inland,Aquaculture,Raw,colossoma macropomum,,colossoma macropomum,colossoma,serrasalmidae,characiformes,actinopterygii,chordata,animalia,13.8786600496278,0.108156948228883,0.139481835564054,8.07062015503876,0.322282442748092,8.8137037037037,3.88544680851064,0.966600985221675,6.71252918287938,1.09125342857143,49.1566666666667,87,0.15,59.1306113537118,2.4,10,223.571428571429,296.616666666667,109.426666666667,48.6267341472868,110.480205255474,0.7,24.8,1467.11955156173,1712.61125404762,544.271637493939,765.44533156875,836.389792469512,218.132273333333,956.205573983333,0.0402137851851852,0.634979049350649
Bawal,Pomfret,Pampus,Halmahera Tengah,0.002,Inland,Aquaculture,Raw,colossoma macropomum,,colossoma macropomum,colossoma,serrasalmidae,characiformes,actinopterygii,chordata,animalia,13.8786600496278,0.108156948228883,0.139481835564054,8.07062015503876,0.322282442748092,8.8137037037037,3.88544680851064,0.966600985221675,6.71252918287938,1.09125342857143,49.1566666666667,87,0.15,59.1306113537118,2.4,10,223.571428571429,296.616666666667,109.426666666667,48.6267341472868,110.480205255474,0.7,24.8,1467.11955156173,1712.61125404762,544.271637493939,765.44533156875,836.389792469512,218.132273333333,956.205573983333,0.0402137851851852,0.634979049350649
Bawal,Pomfret,Pampus,Kepulauan Sula,0,Inland,Aquaculture,Raw,colossoma macropomum,,colossoma macropomum,colossoma,serrasalmidae,characiformes,actinopterygii,chordata,animalia,13.8786600496278,0.108156948228883,0.139481835564054,8.07062015503876,0.322282442748092,8.8137037037037,3.88544680851064,0.966600985221675,6.71252918287938,1.09125342857143,49.1566666666667,87,0.15,59.1306113537118,2.4,10,223.571428571429,296.616666666667,109.426666666667,48.6267341472868,110.480205255474,0.7,24.8,1467.11955156173,1712.61125404762,544.271637493939,765.44533156875,836.389792469512,218.132273333333,956.205573983333,0.0402137851851852,0.634979049350649
Bawal,Pomfret,Pampus,Halmahera Selatan,0,Inland,Aquaculture,Raw,colossoma macropomum,,colossoma macropomum,colossoma,serrasalmidae,characiformes,actinopterygii,chordata,animalia,13.8786600496278,0.108156948228883,0.139481835564054,8.07062015503876,0.322282442748092,8.8137037037037,3.88544680851064,0.966600985221675,6.71252918287938,1.09125342857143,49.1566666666667,87,0.15,59.1306113537118,2.4,10,223.571428571429,296.616666666667,109.426666666667,48.6267341472868,110.480205255474,0.7,24.8,1467.11955156173,1712.61125404762,544.271637493939,765.44533156875,836.389792469512,218.132273333333,956.205573983333,0.0402137851851852,0.634979049350649
Bawal,Pomfret,Pampus,Halmahera Utara,0,Inland,Aquaculture,Raw,colossoma macropomum,,colossoma macropomum,colossoma,serrasalmidae,characiformes,actinopterygii,chordata,animalia,13.8786600496278,0.108156948228883,0.139481835564054,8.07062015503876,0.322282442748092,8.8137037037037,3.88544680851064,0.966600985221675,6.71252918287938,1.09125342857143,49.1566666666667,87,0.15,59.1306113537118,2.4,10,223.571428571429,296.616666666667,109.426666666667,48.6267341472868,110.480205255474,0.7,24.8,1467.11955156173,1712.61125404762,544.271637493939,765.44533156875,836.389792469512,218.132273333333,956.205573983333,0.0402137851851852,0.634979049350649
Bawal,Pomfret,Pampus,Halmahera Timur,0.001,Inland,Aquaculture,Raw,colossoma macropomum,,colossoma macropomum,colossoma,serrasalmidae,characiformes,actinopterygii,chordata,animalia,13.8786600496278,0.108156948228883,0.139481835564054,8.07062015503876,0.322282442748092,8.8137037037037,3.88544680851064,0.966600985221675,6.71252918287938,1.09125342857143,49.1566666666667,87,0.15,59.1306113537118,2.4,10,223.571428571429,296.616666666667,109.426666666667,48.6267341472868,110.480205255474,0.7,24.8,1467.11955156173,1712.61125404762,544.271637493939,765.44533156875,836.389792469512,218.132273333333,956.205573983333,0.0402137851851852,0.634979049350649
Bawal,Pomfret,Pampus,Pulau Morotai,0,Inland,Aquaculture,Raw,colossoma macropomum,,colossoma macropomum,colossoma,serrasalmidae,characiformes,actinopterygii,chordata,animalia,13.8786600496278,0.108156948228883,0.139481835564054,8.07062015503876,0.322282442748092,8.8137037037037,3.88544680851064,0.966600985221675,6.71252918287938,1.09125342857143,49.1566666666667,87,0.15,59.1306113537118,2.4,10,223.571428571429,296.616666666667,109.426666666667,48.6267341472868,110.480205255474,0.7,24.8,1467.11955156173,1712.61125404762,544.271637493939,765.44533156875,836.389792469512,218.132273333333,956.205573983333,0.0402137851851852,0.634979049350649
Bawal,Pomfret,Pampus,Pulau Taliabu,0,Inland,Aquaculture,Raw,colossoma macropomum,,colossoma macropomum,colossoma,serrasalmidae,characiformes,actinopterygii,chordata,animalia,13.8786600496278,0.108156948228883,0.139481835564054,8.07062015503876,0.322282442748092,8.8137037037037,3.88544680851064,0.966600985221675,6.71252918287938,1.09125342857143,49.1566666666667,87,0.15,59.1306113537118,2.4,10,223.571428571429,296.616666666667,109.426666666667,48.6267341472868,110.480205255474,0.7,24.8,1467.11955156173,1712.61125404762,544.271637493939,765.44533156875,836.389792469512,218.132273333333,956.205573983333,0.0402137851851852,0.634979049350649
Bawal,Pomfret,Pampus,Kota Ternate,0.001,Inland,Aquaculture,Raw,colossoma macropomum,,colossoma macropomum,colossoma,serrasalmidae,characiformes,actinopterygii,chordata,animalia,13.8786600496278,0.108156948228883,0.139481835564054,8.07062015503876,0.322282442748092,8.8137037037037,3.88544680851064,0.966600985221675,6.71252918287938,1.09125342857143,49.1566666666667,87,0.15,59.1306113537118,2.4,10,223.571428571429,296.616666666667,109.426666666667,48.6267341472868,110.480205255474,0.7,24.8,1467.11955156173,1712.61125404762,544.271637493939,765.44533156875,836.389792469512,218.132273333333,956.205573983333,0.0402137851851852,0.634979049350649
Bawal,Pomfret,Pampus,Kota Tidore Kepulauan,0,Inland,Aquaculture,Raw,colossoma macropomum,,colossoma macropomum,colossoma,serrasalmidae,characiformes,actinopterygii,chordata,animalia,13.8786600496278,0.108156948228883,0.139481835564054,8.07062015503876,0.322282442748092,8.8137037037037,3.88544680851064,0.966600985221675,6.71252918287938,1.09125342857143,49.1566666666667,87,0.15,59.1306113537118,2.4,10,223.571428571429,296.616666666667,109.426666666667,48.6267341472868,110.480205255474,0.7,24.8,1467.11955156173,1712.61125404762,544.271637493939,765.44533156875,836.389792469512,218.132273333333,956.205573983333,0.0402137851851852,0.634979049350649
Gurame,Gourami,Osphronemus,Halmahera Barat,0.001,Inland,Aquaculture,Raw,osphronemus goramy,,osphronemus goramy,osphronemus,osphronemidae,anabantiformes,actinopterygii,chordata,animalia,10,0.055,0.15,8.07062015503876,0.302,8.8137037037037,3.88544680851064,1,6.71252918287938,1.09125342857143,118.7875,2,0.081375,59.1306113537118,1.96870533333333,54.2,276.4,123.028571428571,246.46,48.6267341472868,110,0.854846153846154,19.5125,1493,1637,490.5,748.3,800.2,218.132273333333,893.3,0.0402137851851852,0.634979049350649
Gurame,Gourami,Osphronemus,Halmahera Tengah,0.003,Inland,Aquaculture,Raw,osphronemus goramy,,osphronemus goramy,osphronemus,osphronemidae,anabantiformes,actinopterygii,chordata,animalia,10,0.055,0.15,8.07062015503876,0.302,8.8137037037037,3.88544680851064,1,6.71252918287938,1.09125342857143,118.7875,2,0.081375,59.1306113537118,1.96870533333333,54.2,276.4,123.028571428571,246.46,48.6267341472868,110,0.854846153846154,19.5125,1493,1637,490.5,748.3,800.2,218.132273333333,893.3,0.0402137851851852,0.634979049350649
Gurame,Gourami,Osphronemus,Kepulauan Sula,0.001,Inland,Aquaculture,Raw,osphronemus goramy,,osphronemus goramy,osphronemus,osphronemidae,anabantiformes,actinopterygii,chordata,animalia,10,0.055,0.15,8.07062015503876,0.302,8.8137037037037,3.88544680851064,1,6.71252918287938,1.09125342857143,118.7875,2,0.081375,59.1306113537118,1.96870533333333,54.2,276.4,123.028571428571,246.46,48.6267341472868,110,0.854846153846154,19.5125,1493,1637,490.5,748.3,800.2,218.132273333333,893.3,0.0402137851851852,0.634979049350649
Gurame,Gourami,Osphronemus,Halmahera Selatan,0,Inland,Aquaculture,Raw,osphronemus goramy,,osphronemus goramy,osphronemus,osphronemidae,anabantiformes,actinopterygii,chordata,animalia,10,0.055,0.15,8.07062015503876,0.302,8.8137037037037,3.88544680851064,1,6.71252918287938,1.09125342857143,118.7875,2,0.081375,59.1306113537118,1.96870533333333,54.2,276.4,123.028571428571,246.46,48.6267341472868,110,0.854846153846154,19.5125,1493,1637,490.5,748.3,800.2,218.132273333333,893.3,0.0402137851851852,0.634979049350649
Gurame,Gourami,Osphronemus,Halmahera Utara,0.001,Inland,Aquaculture,Raw,osphronemus goramy,,osphronemus goramy,osphronemus,osphronemidae,anabantiformes,actinopterygii,chordata,animalia,10,0.055,0.15,8.07062015503876,0.302,8.8137037037037,3.88544680851064,1,6.71252918287938,1.09125342857143,118.7875,2,0.081375,59.1306113537118,1.96870533333333,54.2,276.4,123.028571428571,246.46,48.6267341472868,110,0.854846153846154,19.5125,1493,1637,490.5,748.3,800.2,218.132273333333,893.3,0.0402137851851852,0.634979049350649
Gurame,Gourami,Osphronemus,Halmahera Timur,0.005,Inland,Aquaculture,Raw,osphronemus goramy,,osphronemus goramy,osphronemus,osphronemidae,anabantiformes,actinopterygii,chordata,animalia,10,0.055,0.15,8.07062015503876,0.302,8.8137037037037,3.88544680851064,1,6.71252918287938,1.09125342857143,118.7875,2,0.081375,59.1306113537118,1.96870533333333,54.2,276.4,123.028571428571,246.46,48.6267341472868,110,0.854846153846154,19.5125,1493,1637,490.5,748.3,800.2,218.132273333333,893.3,0.0402137851851852,0.634979049350649
Gurame,Gourami,Osphronemus,Pulau Morotai,0,Inland,Aquaculture,Raw,osphronemus goramy,,osphronemus goramy,osphronemus,osphronemidae,anabantiformes,actinopterygii,chordata,animalia,10,0.055,0.15,8.07062015503876,0.302,8.8137037037037,3.88544680851064,1,6.71252918287938,1.09125342857143,118.7875,2,0.081375,59.1306113537118,1.96870533333333,54.2,276.4,123.028571428571,246.46,48.6267341472868,110,0.854846153846154,19.5125,1493,1637,490.5,748.3,800.2,218.132273333333,893.3,0.0402137851851852,0.634979049350649
Gurame,Gourami,Osphronemus,Pulau Taliabu,0.001,Inland,Aquaculture,Raw,osphronemus goramy,,osphronemus goramy,osphronemus,osphronemidae,anabantiformes,actinopterygii,chordata,animalia,10,0.055,0.15,8.07062015503876,0.302,8.8137037037037,3.88544680851064,1,6.71252918287938,1.09125342857143,118.7875,2,0.081375,59.1306113537118,1.96870533333333,54.2,276.4,123.028571428571,246.46,48.6267341472868,110,0.854846153846154,19.5125,1493,1637,490.5,748.3,800.2,218.132273333333,893.3,0.0402137851851852,0.634979049350649
Gurame,Gourami,Osphronemus,Kota Ternate,0,Inland,Aquaculture,Raw,osphronemus goramy,,osphronemus goramy,osphronemus,osphronemidae,anabantiformes,actinopterygii,chordata,animalia,10,0.055,0.15,8.07062015503876,0.302,8.8137037037037,3.88544680851064,1,6.71252918287938,1.09125342857143,118.7875,2,0.081375,59.1306113537118,1.96870533333333,54.2,276.4,123.028571428571,246.46,48.6267341472868,110,0.854846153846154,19.5125,1493,1637,490.5,748.3,800.2,218.132273333333,893.3,0.0402137851851852,0.634979049350649
Gurame,Gourami,Osphronemus,Kota Tidore Kepulauan,0,Inland,Aquaculture,Raw,osphronemus goramy,,osphronemus goramy,osphronemus,osphronemidae,anabantiformes,actinopterygii,chordata,animalia,10,0.055,0.15,8.07062015503876,0.302,8.8137037037037,3.88544680851064,1,6.71252918287938,1.09125342857143,118.7875,2,0.081375,59.1306113537118,1.96870533333333,54.2,276.4,123.028571428571,246.46,48.6267341472868,110,0.854846153846154,19.5125,1493,1637,490.5,748.3,800.2,218.132273333333,893.3,0.0402137851851852,0.634979049350649
Ikan segar/basah lainnya,Other fish,Actinopterygii,Halmahera Barat,0.15,Inland; marine,Aquaculture; capture,Raw,actinopterygii,gigaclass,,,,,actinopterygii,chordata,animalia,13.8786600496278,0.108156948228883,0.139481835564054,8.07062015503876,0.322282442748092,8.8137037037037,3.88544680851064,0.966600985221675,6.71252918287938,1.09125342857143,48.4323324541285,41.5519890510949,0.119954148845129,59.1306113537118,1.58693973504921,35.5844543293718,79.2338849929874,227.872825245684,340.615354746836,48.6267341472868,110.480205255474,1.37506099868101,18.7876695729264,1467.11955156173,1712.61125404762,544.271637493939,765.44533156875,836.389792469512,218.132273333333,956.205573983333,0.0402137851851852,0.634979049350649
Ikan segar/basah lainnya,Other fish,Actinopterygii,Halmahera Tengah,0.1,Inland; marine,Aquaculture; capture,Raw,actinopterygii,gigaclass,,,,,actinopterygii,chordata,animalia,13.8786600496278,0.108156948228883,0.139481835564054,8.07062015503876,0.322282442748092,8.8137037037037,3.88544680851064,0.966600985221675,6.71252918287938,1.09125342857143,48.4323324541285,41.5519890510949,0.119954148845129,59.1306113537118,1.58693973504921,35.5844543293718,79.2338849929874,227.872825245684,340.615354746836,48.6267341472868,110.480205255474,1.37506099868101,18.7876695729264,1467.11955156173,1712.61125404762,544.271637493939,765.44533156875,836.389792469512,218.132273333333,956.205573983333,0.0402137851851852,0.634979049350649
Ikan segar/basah lainnya,Other fish,Actinopterygii,Kepulauan Sula,0.115,Inland; marine,Aquaculture; capture,Raw,actinopterygii,gigaclass,,,,,actinopterygii,chordata,animalia,13.8786600496278,0.108156948228883,0.139481835564054,8.07062015503876,0.322282442748092,8.8137037037037,3.88544680851064,0.966600985221675,6.71252918287938,1.09125342857143,48.4323324541285,41.5519890510949,0.119954148845129,59.1306113537118,1.58693973504921,35.5844543293718,79.2338849929874,227.872825245684,340.615354746836,48.6267341472868,110.480205255474,1.37506099868101,18.7876695729264,1467.11955156173,1712.61125404762,544.271637493939,765.44533156875,836.389792469512,218.132273333333,956.205573983333,0.0402137851851852,0.634979049350649
Ikan segar/basah lainnya,Other fish,Actinopterygii,Halmahera Selatan,0.214,Inland; marine,Aquaculture; capture,Raw,actinopterygii,gigaclass,,,,,actinopterygii,chordata,animalia,13.8786600496278,0.108156948228883,0.139481835564054,8.07062015503876,0.322282442748092,8.8137037037037,3.88544680851064,0.966600985221675,6.71252918287938,1.09125342857143,48.4323324541285,41.5519890510949,0.119954148845129,59.1306113537118,1.58693973504921,35.5844543293718,79.2338849929874,227.872825245684,340.615354746836,48.6267341472868,110.480205255474,1.37506099868101,18.7876695729264,1467.11955156173,1712.61125404762,544.271637493939,765.44533156875,836.389792469512,218.132273333333,956.205573983333,0.0402137851851852,0.634979049350649
Ikan segar/basah lainnya,Other fish,Actinopterygii,Halmahera Utara,0.096,Inland; marine,Aquaculture; capture,Raw,actinopterygii,gigaclass,,,,,actinopterygii,chordata,animalia,13.8786600496278,0.108156948228883,0.139481835564054,8.07062015503876,0.322282442748092,8.8137037037037,3.88544680851064,0.966600985221675,6.71252918287938,1.09125342857143,48.4323324541285,41.5519890510949,0.119954148845129,59.1306113537118,1.58693973504921,35.5844543293718,79.2338849929874,227.872825245684,340.615354746836,48.6267341472868,110.480205255474,1.37506099868101,18.7876695729264,1467.11955156173,1712.61125404762,544.271637493939,765.44533156875,836.389792469512,218.132273333333,956.205573983333,0.0402137851851852,0.634979049350649
Ikan segar/basah lainnya,Other fish,Actinopterygii,Halmahera Timur,0.157,Inland; marine,Aquaculture; capture,Raw,actinopterygii,gigaclass,,,,,actinopterygii,chordata,animalia,13.8786600496278,0.108156948228883,0.139481835564054,8.07062015503876,0.322282442748092,8.8137037037037,3.88544680851064,0.966600985221675,6.71252918287938,1.09125342857143,48.4323324541285,41.5519890510949,0.119954148845129,59.1306113537118,1.58693973504921,35.5844543293718,79.2338849929874,227.872825245684,340.615354746836,48.6267341472868,110.480205255474,1.37506099868101,18.7876695729264,1467.11955156173,1712.61125404762,544.271637493939,765.44533156875,836.389792469512,218.132273333333,956.205573983333,0.0402137851851852,0.634979049350649
Ikan segar/basah lainnya,Other fish,Actinopterygii,Pulau Morotai,0.151,Inland; marine,Aquaculture; capture,Raw,actinopterygii,gigaclass,,,,,actinopterygii,chordata,animalia,13.8786600496278,0.108156948228883,0.139481835564054,8.07062015503876,0.322282442748092,8.8137037037037,3.88544680851064,0.966600985221675,6.71252918287938,1.09125342857143,48.4323324541285,41.5519890510949,0.119954148845129,59.1306113537118,1.58693973504921,35.5844543293718,79.2338849929874,227.872825245684,340.615354746836,48.6267341472868,110.480205255474,1.37506099868101,18.7876695729264,1467.11955156173,1712.61125404762,544.271637493939,765.44533156875,836.389792469512,218.132273333333,956.205573983333,0.0402137851851852,0.634979049350649
Ikan segar/basah lainnya,Other fish,Actinopterygii,Pulau Taliabu,0.148,Inland; marine,Aquaculture; capture,Raw,actinopterygii,gigaclass,,,,,actinopterygii,chordata,animalia,13.8786600496278,0.108156948228883,0.139481835564054,8.07062015503876,0.322282442748092,8.8137037037037,3.88544680851064,0.966600985221675,6.71252918287938,1.09125342857143,48.4323324541285,41.5519890510949,0.119954148845129,59.1306113537118,1.58693973504921,35.5844543293718,79.2338849929874,227.872825245684,340.615354746836,48.6267341472868,110.480205255474,1.37506099868101,18.7876695729264,1467.11955156173,1712.61125404762,544.271637493939,765.44533156875,836.389792469512,218.132273333333,956.205573983333,0.0402137851851852,0.634979049350649
Ikan segar/basah lainnya,Other fish,Actinopterygii,Kota Ternate,0.141,Inland; marine,Aquaculture; capture,Raw,actinopterygii,gigaclass,,,,,actinopterygii,chordata,animalia,13.8786600496278,0.108156948228883,0.139481835564054,8.07062015503876,0.322282442748092,8.8137037037037,3.88544680851064,0.966600985221675,6.71252918287938,1.09125342857143,48.4323324541285,41.5519890510949,0.119954148845129,59.1306113537118,1.58693973504921,35.5844543293718,79.2338849929874,227.872825245684,340.615354746836,48.6267341472868,110.480205255474,1.37506099868101,18.7876695729264,1467.11955156173,1712.61125404762,544.271637493939,765.44533156875,836.389792469512,218.132273333333,956.205573983333,0.0402137851851852,0.634979049350649
Ikan segar/basah lainnya,Other fish,Actinopterygii,Kota Tidore Kepulauan,0.186,Inland; marine,Aquaculture; capture,Raw,actinopterygii,gigaclass,,,,,actinopterygii,chordata,animalia,13.8786600496278,0.108156948228883,0.139481835564054,8.07062015503876,0.322282442748092,8.8137037037037,3.88544680851064,0.966600985221675,6.71252918287938,1.09125342857143,48.4323324541285,41.5519890510949,0.119954148845129,59.1306113537118,1.58693973504921,35.5844543293718,79.2338849929874,227.872825245684,340.615354746836,48.6267341472868,110.480205255474,1.37506099868101,18.7876695729264,1467.11955156173,1712.61125404762,544.271637493939,765.44533156875,836.389792469512,218.132273333333,956.205573983333,0.0402137851851852,0.634979049350649
"Udang, lobster",Shrimp,Penaeus spp.,Halmahera Barat,0.001,Inland; marine,Aquaculture; capture,Raw,decapoda,order,,,,decapoda,malacostraca,arthropoda,animalia,11.3540322580645,0.0435474006116208,0.0849527777777778,7.05650602409639,0.119080459770115,19.7027027027027,3.32,1.18487654320988,0.0247014925373134,1.82573033707865,78.0600355242566,25.5480769230769,0.523116134453781,50.6137837837838,1.57919102651515,45.4041483466667,104.312553191489,228.232769423077,285.410631333333,39.6768034188034,266.214038769575,2.42298622222222,18.5750983440827,1389.74759985294,1474.68663962963,452.844154140741,735.184426291262,682.199587138889,277.677777777778,823.533728574074,0.00253878787878788,0.172968315789474
"Udang, lobster",Shrimp,Penaeus spp.,Halmahera Tengah,0.002,Inland; marine,Aquaculture; capture,Raw,decapoda,order,,,,decapoda,malacostraca,arthropoda,animalia,11.3540322580645,0.0435474006116208,0.0849527777777778,7.05650602409639,0.119080459770115,19.7027027027027,3.32,1.18487654320988,0.0247014925373134,1.82573033707865,78.0600355242566,25.5480769230769,0.523116134453781,50.6137837837838,1.57919102651515,45.4041483466667,104.312553191489,228.232769423077,285.410631333333,39.6768034188034,266.214038769575,2.42298622222222,18.5750983440827,1389.74759985294,1474.68663962963,452.844154140741,735.184426291262,682.199587138889,277.677777777778,823.533728574074,0.00253878787878788,0.172968315789474
"Udang, lobster",Shrimp,Penaeus spp.,Kepulauan Sula,0.003,Inland; marine,Aquaculture; capture,Raw,decapoda,order,,,,decapoda,malacostraca,arthropoda,animalia,11.3540322580645,0.0435474006116208,0.0849527777777778,7.05650602409639,0.119080459770115,19.7027027027027,3.32,1.18487654320988,0.0247014925373134,1.82573033707865,78.0600355242566,25.5480769230769,0.523116134453781,50.6137837837838,1.57919102651515,45.4041483466667,104.312553191489,228.232769423077,285.410631333333,39.6768034188034,266.214038769575,2.42298622222222,18.5750983440827,1389.74759985294,1474.68663962963,452.844154140741,735.184426291262,682.199587138889,277.677777777778,823.533728574074,0.00253878787878788,0.172968315789474
"Udang, lobster",Shrimp,Penaeus spp.,Halmahera Selatan,0.001,Inland; marine,Aquaculture; capture,Raw,decapoda,order,,,,decapoda,malacostraca,arthropoda,animalia,11.3540322580645,0.0435474006116208,0.0849527777777778,7.05650602409639,0.119080459770115,19.7027027027027,3.32,1.18487654320988,0.0247014925373134,1.82573033707865,78.0600355242566,25.5480769230769,0.523116134453781,50.6137837837838,1.57919102651515,45.4041483466667,104.312553191489,228.232769423077,285.410631333333,39.6768034188034,266.214038769575,2.42298622222222,18.5750983440827,1389.74759985294,1474.68663962963,452.844154140741,735.184426291262,682.199587138889,277.677777777778,823.533728574074,0.00253878787878788,0.172968315789474
"Udang, lobster",Shrimp,Penaeus spp.,Halmahera Utara,0,Inland; marine,Aquaculture; capture,Raw,decapoda,order,,,,decapoda,malacostraca,arthropoda,animalia,11.3540322580645,0.0435474006116208,0.0849527777777778,7.05650602409639,0.119080459770115,19.7027027027027,3.32,1.18487654320988,0.0247014925373134,1.82573033707865,78.0600355242566,25.5480769230769,0.523116134453781,50.6137837837838,1.57919102651515,45.4041483466667,104.312553191489,228.232769423077,285.410631333333,39.6768034188034,266.214038769575,2.42298622222222,18.5750983440827,1389.74759985294,1474.68663962963,452.844154140741,735.184426291262,682.199587138889,277.677777777778,823.533728574074,0.00253878787878788,0.172968315789474
"Udang, lobster",Shrimp,Penaeus spp.,Halmahera Timur,0.003,Inland; marine,Aquaculture; capture,Raw,decapoda,order,,,,decapoda,malacostraca,arthropoda,animalia,11.3540322580645,0.0435474006116208,0.0849527777777778,7.05650602409639,0.119080459770115,19.7027027027027,3.32,1.18487654320988,0.0247014925373134,1.82573033707865,78.0600355242566,25.5480769230769,0.523116134453781,50.6137837837838,1.57919102651515,45.4041483466667,104.312553191489,228.232769423077,285.410631333333,39.6768034188034,266.214038769575,2.42298622222222,18.5750983440827,1389.74759985294,1474.68663962963,452.844154140741,735.184426291262,682.199587138889,277.677777777778,823.533728574074,0.00253878787878788,0.172968315789474
"Udang, lobster",Shrimp,Penaeus spp.,Pulau Morotai,0.001,Inland; marine,Aquaculture; capture,Raw,decapoda,order,,,,decapoda,malacostraca,arthropoda,animalia,11.3540322580645,0.0435474006116208,0.0849527777777778,7.05650602409639,0.119080459770115,19.7027027027027,3.32,1.18487654320988,0.0247014925373134,1.82573033707865,78.0600355242566,25.5480769230769,0.523116134453781,50.6137837837838,1.57919102651515,45.4041483466667,104.312553191489,228.232769423077,285.410631333333,39.6768034188034,266.214038769575,2.42298622222222,18.5750983440827,1389.74759985294,1474.68663962963,452.844154140741,735.184426291262,682.199587138889,277.677777777778,823.533728574074,0.00253878787878788,0.172968315789474
"Udang, lobster",Shrimp,Penaeus spp.,Pulau Taliabu,0.002,Inland; marine,Aquaculture; capture,Raw,decapoda,order,,,,decapoda,malacostraca,arthropoda,animalia,11.3540322580645,0.0435474006116208,0.0849527777777778,7.05650602409639,0.119080459770115,19.7027027027027,3.32,1.18487654320988,0.0247014925373134,1.82573033707865,78.0600355242566,25.5480769230769,0.523116134453781,50.6137837837838,1.57919102651515,45.4041483466667,104.312553191489,228.232769423077,285.410631333333,39.6768034188034,266.214038769575,2.42298622222222,18.5750983440827,1389.74759985294,1474.68663962963,452.844154140741,735.184426291262,682.199587138889,277.677777777778,823.533728574074,0.00253878787878788,0.172968315789474
"Udang, lobster",Shrimp,Penaeus spp.,Kota Ternate,0.002,Inland; marine,Aquaculture; capture,Raw,decapoda,order,,,,decapoda,malacostraca,arthropoda,animalia,11.3540322580645,0.0435474006116208,0.0849527777777778,7.05650602409639,0.119080459770115,19.7027027027027,3.32,1.18487654320988,0.0247014925373134,1.82573033707865,78.0600355242566,25.5480769230769,0.523116134453781,50.6137837837838,1.57919102651515,45.4041483466667,104.312553191489,228.232769423077,285.410631333333,39.6768034188034,266.214038769575,2.42298622222222,18.5750983440827,1389.74759985294,1474.68663962963,452.844154140741,735.184426291262,682.199587138889,277.677777777778,823.533728574074,0.00253878787878788,0.172968315789474
"Udang, lobster",Shrimp,Penaeus spp.,Kota Tidore Kepulauan,0.001,Inland; marine,Aquaculture; capture,Raw,decapoda,order,,,,decapoda,malacostraca,arthropoda,animalia,11.3540322580645,0.0435474006116208,0.0849527777777778,7.05650602409639,0.119080459770115,19.7027027027027,3.32,1.18487654320988,0.0247014925373134,1.82573033707865,78.0600355242566,25.5480769230769,0.523116134453781,50.6137837837838,1.57919102651515,45.4041483466667,104.312553191489,228.232769423077,285.410631333333,39.6768034188034,266.214038769575,2.42298622222222,18.5750983440827,1389.74759985294,1474.68663962963,452.844154140741,735.184426291262,682.199587138889,277.677777777778,823.533728574074,0.00253878787878788,0.172968315789474
"Cumi-cumi, sotong, gurita",Cephalopods,Cephalopoda,Halmahera Barat,0.009,Marine,Capture,Raw,cephalopoda,subclass,,,,,cephalopoda,mollusca,animalia,12.952380952381,0.0576,0.108484848484848,7.85555555555556,0.1125,11.9642857142857,3.39181818181818,2.27333333333333,0.193846153846154,1.74142857142857,26.6337295454545,1.33333333333333,0.56566375,28.8885714285714,1.74330880952381,59.910225,2.109,236.072895238095,307.705263888889,44.1446428571429,280.582671428571,2.34530448275862,16.8189019607843,1250.75,1153.136875,456.717,849.230863636364,780.184375,275.85,771.031583333333,0.00173333333333333,0.504392857142857
"Cumi-cumi, sotong, gurita",Cephalopods,Cephalopoda,Halmahera Tengah,0.016,Marine,Capture,Raw,cephalopoda,subclass,,,,,cephalopoda,mollusca,animalia,12.952380952381,0.0576,0.108484848484848,7.85555555555556,0.1125,11.9642857142857,3.39181818181818,2.27333333333333,0.193846153846154,1.74142857142857,26.6337295454545,1.33333333333333,0.56566375,28.8885714285714,1.74330880952381,59.910225,2.109,236.072895238095,307.705263888889,44.1446428571429,280.582671428571,2.34530448275862,16.8189019607843,1250.75,1153.136875,456.717,849.230863636364,780.184375,275.85,771.031583333333,0.00173333333333333,0.504392857142857
"Cumi-cumi, sotong, gurita",Cephalopods,Cephalopoda,Kepulauan Sula,0.036,Marine,Capture,Raw,cephalopoda,subclass,,,,,cephalopoda,mollusca,animalia,12.952380952381,0.0576,0.108484848484848,7.85555555555556,0.1125,11.9642857142857,3.39181818181818,2.27333333333333,0.193846153846154,1.74142857142857,26.6337295454545,1.33333333333333,0.56566375,28.8885714285714,1.74330880952381,59.910225,2.109,236.072895238095,307.705263888889,44.1446428571429,280.582671428571,2.34530448275862,16.8189019607843,1250.75,1153.136875,456.717,849.230863636364,780.184375,275.85,771.031583333333,0.00173333333333333,0.504392857142857
"Cumi-cumi, sotong, gurita",Cephalopods,Cephalopoda,Halmahera Selatan,0.01,Marine,Capture,Raw,cephalopoda,subclass,,,,,cephalopoda,mollusca,animalia,12.952380952381,0.0576,0.108484848484848,7.85555555555556,0.1125,11.9642857142857,3.39181818181818,2.27333333333333,0.193846153846154,1.74142857142857,26.6337295454545,1.33333333333333,0.56566375,28.8885714285714,1.74330880952381,59.910225,2.109,236.072895238095,307.705263888889,44.1446428571429,280.582671428571,2.34530448275862,16.8189019607843,1250.75,1153.136875,456.717,849.230863636364,780.184375,275.85,771.031583333333,0.00173333333333333,0.504392857142857
"Cumi-cumi, sotong, gurita",Cephalopods,Cephalopoda,Halmahera Utara,0.011,Marine,Capture,Raw,cephalopoda,subclass,,,,,cephalopoda,mollusca,animalia,12.952380952381,0.0576,0.108484848484848,7.85555555555556,0.1125,11.9642857142857,3.39181818181818,2.27333333333333,0.193846153846154,1.74142857142857,26.6337295454545,1.33333333333333,0.56566375,28.8885714285714,1.74330880952381,59.910225,2.109,236.072895238095,307.705263888889,44.1446428571429,280.582671428571,2.34530448275862,16.8189019607843,1250.75,1153.136875,456.717,849.230863636364,780.184375,275.85,771.031583333333,0.00173333333333333,0.504392857142857
"Cumi-cumi, sotong, gurita",Cephalopods,Cephalopoda,Halmahera Timur,0.028,Marine,Capture,Raw,cephalopoda,subclass,,,,,cephalopoda,mollusca,animalia,12.952380952381,0.0576,0.108484848484848,7.85555555555556,0.1125,11.9642857142857,3.39181818181818,2.27333333333333,0.193846153846154,1.74142857142857,26.6337295454545,1.33333333333333,0.56566375,28.8885714285714,1.74330880952381,59.910225,2.109,236.072895238095,307.705263888889,44.1446428571429,280.582671428571,2.34530448275862,16.8189019607843,1250.75,1153.136875,456.717,849.230863636364,780.184375,275.85,771.031583333333,0.00173333333333333,0.504392857142857
"Cumi-cumi, sotong, gurita",Cephalopods,Cephalopoda,Pulau Morotai,0.026,Marine,Capture,Raw,cephalopoda,subclass,,,,,cephalopoda,mollusca,animalia,12.952380952381,0.0576,0.108484848484848,7.85555555555556,0.1125,11.9642857142857,3.39181818181818,2.27333333333333,0.193846153846154,1.74142857142857,26.6337295454545,1.33333333333333,0.56566375,28.8885714285714,1.74330880952381,59.910225,2.109,236.072895238095,307.705263888889,44.1446428571429,280.582671428571,2.34530448275862,16.8189019607843,1250.75,1153.136875,456.717,849.230863636364,780.184375,275.85,771.031583333333,0.00173333333333333,0.504392857142857
"Cumi-cumi, sotong, gurita",Cephalopods,Cephalopoda,Pulau Taliabu,0.045,Marine,Capture,Raw,cephalopoda,subclass,,,,,cephalopoda,mollusca,animalia,12.952380952381,0.0576,0.108484848484848,7.85555555555556,0.1125,11.9642857142857,3.39181818181818,2.27333333333333,0.193846153846154,1.74142857142857,26.6337295454545,1.33333333333333,0.56566375,28.8885714285714,1.74330880952381,59.910225,2.109,236.072895238095,307.705263888889,44.1446428571429,280.582671428571,2.34530448275862,16.8189019607843,1250.75,1153.136875,456.717,849.230863636364,780.184375,275.85,771.031583333333,0.00173333333333333,0.504392857142857
"Cumi-cumi, sotong, gurita",Cephalopods,Cephalopoda,Kota Ternate,0.009,Marine,Capture,Raw,cephalopoda,subclass,,,,,cephalopoda,mollusca,animalia,12.952380952381,0.0576,0.108484848484848,7.85555555555556,0.1125,11.9642857142857,3.39181818181818,2.27333333333333,0.193846153846154,1.74142857142857,26.6337295454545,1.33333333333333,0.56566375,28.8885714285714,1.74330880952381,59.910225,2.109,236.072895238095,307.705263888889,44.1446428571429,280.582671428571,2.34530448275862,16.8189019607843,1250.75,1153.136875,456.717,849.230863636364,780.184375,275.85,771.031583333333,0.00173333333333333,0.504392857142857
"Cumi-cumi, sotong, gurita",Cephalopods,Cephalopoda,Kota Tidore Kepulauan,0.007,Marine,Capture,Raw,cephalopoda,subclass,,,,,cephalopoda,mollusca,animalia,12.952380952381,0.0576,0.108484848484848,7.85555555555556,0.1125,11.9642857142857,3.39181818181818,2.27333333333333,0.193846153846154,1.74142857142857,26.6337295454545,1.33333333333333,0.56566375,28.8885714285714,1.74330880952381,59.910225,2.109,236.072895238095,307.705263888889,44.1446428571429,280.582671428571,2.34530448275862,16.8189019607843,1250.75,1153.136875,456.717,849.230863636364,780.184375,275.85,771.031583333333,0.00173333333333333,0.504392857142857
"Ketam, kepiting, rajungan",Crab,Portunus/Scylla,Halmahera Barat,0,Inland; marine,Aquaculture; capture,Raw,portunidae,family,,,portunidae,decapoda,malacostraca,arthropoda,animalia,45.1796875,0.0497222222222222,0.116410256410256,8.06666666666667,0.157,33.1666666666667,8.2,1.25128205128205,0,2.29909090909091,122.831286549708,18.62,0.492257142857143,0,0.982314814814815,41.0957407407407,45.6866666666667,225.595263157895,291.438666666667,46.3822727272727,312.61250877193,2.68755555555556,17.7229547325103,1478.30769230769,1443.07692307692,443.615384615385,720.692307692308,648.923076923077,231.714285714286,917.307692307692,0.00123333333333333,0.24193
"Ketam, kepiting, rajungan",Crab,Portunus/Scylla,Halmahera Tengah,0.003,Inland; marine,Aquaculture; capture,Raw,portunidae,family,,,portunidae,decapoda,malacostraca,arthropoda,animalia,45.1796875,0.0497222222222222,0.116410256410256,8.06666666666667,0.157,33.1666666666667,8.2,1.25128205128205,0,2.29909090909091,122.831286549708,18.62,0.492257142857143,0,0.982314814814815,41.0957407407407,45.6866666666667,225.595263157895,291.438666666667,46.3822727272727,312.61250877193,2.68755555555556,17.7229547325103,1478.30769230769,1443.07692307692,443.615384615385,720.692307692308,648.923076923077,231.714285714286,917.307692307692,0.00123333333333333,0.24193
"Ketam, kepiting, rajungan",Crab,Portunus/Scylla,Kepulauan Sula,0.001,Inland; marine,Aquaculture; capture,Raw,portunidae,family,,,portunidae,decapoda,malacostraca,arthropoda,animalia,45.1796875,0.0497222222222222,0.116410256410256,8.06666666666667,0.157,33.1666666666667,8.2,1.25128205128205,0,2.29909090909091,122.831286549708,18.62,0.492257142857143,0,0.982314814814815,41.0957407407407,45.6866666666667,225.595263157895,291.438666666667,46.3822727272727,312.61250877193,2.68755555555556,17.7229547325103,1478.30769230769,1443.07692307692,443.615384615385,720.692307692308,648.923076923077,231.714285714286,917.307692307692,0.00123333333333333,0.24193
"Ketam, kepiting, rajungan",Crab,Portunus/Scylla,Halmahera Selatan,0.001,Inland; marine,Aquaculture; capture,Raw,portunidae,family,,,portunidae,decapoda,malacostraca,arthropoda,animalia,45.1796875,0.0497222222222222,0.116410256410256,8.06666666666667,0.157,33.1666666666667,8.2,1.25128205128205,0,2.29909090909091,122.831286549708,18.62,0.492257142857143,0,0.982314814814815,41.0957407407407,45.6866666666667,225.595263157895,291.438666666667,46.3822727272727,312.61250877193,2.68755555555556,17.7229547325103,1478.30769230769,1443.07692307692,443.615384615385,720.692307692308,648.923076923077,231.714285714286,917.307692307692,0.00123333333333333,0.24193
"Ketam, kepiting, rajungan",Crab,Portunus/Scylla,Halmahera Utara,0,Inland; marine,Aquaculture; capture,Raw,portunidae,family,,,portunidae,decapoda,malacostraca,arthropoda,animalia,45.1796875,0.0497222222222222,0.116410256410256,8.06666666666667,0.157,33.1666666666667,8.2,1.25128205128205,0,2.29909090909091,122.831286549708,18.62,0.492257142857143,0,0.982314814814815,41.0957407407407,45.6866666666667,225.595263157895,291.438666666667,46.3822727272727,312.61250877193,2.68755555555556,17.7229547325103,1478.30769230769,1443.07692307692,443.615384615385,720.692307692308,648.923076923077,231.714285714286,917.307692307692,0.00123333333333333,0.24193
"Ketam, kepiting, rajungan",Crab,Portunus/Scylla,Halmahera Timur,0.004,Inland; marine,Aquaculture; capture,Raw,portunidae,family,,,portunidae,decapoda,malacostraca,arthropoda,animalia,45.1796875,0.0497222222222222,0.116410256410256,8.06666666666667,0.157,33.1666666666667,8.2,1.25128205128205,0,2.29909090909091,122.831286549708,18.62,0.492257142857143,0,0.982314814814815,41.0957407407407,45.6866666666667,225.595263157895,291.438666666667,46.3822727272727,312.61250877193,2.68755555555556,17.7229547325103,1478.30769230769,1443.07692307692,443.615384615385,720.692307692308,648.923076923077,231.714285714286,917.307692307692,0.00123333333333333,0.24193
"Ketam, kepiting, rajungan",Crab,Portunus/Scylla,Pulau Morotai,0.007,Inland; marine,Aquaculture; capture,Raw,portunidae,family,,,portunidae,decapoda,malacostraca,arthropoda,animalia,45.1796875,0.0497222222222222,0.116410256410256,8.06666666666667,0.157,33.1666666666667,8.2,1.25128205128205,0,2.29909090909091,122.831286549708,18.62,0.492257142857143,0,0.982314814814815,41.0957407407407,45.6866666666667,225.595263157895,291.438666666667,46.3822727272727,312.61250877193,2.68755555555556,17.7229547325103,1478.30769230769,1443.07692307692,443.615384615385,720.692307692308,648.923076923077,231.714285714286,917.307692307692,0.00123333333333333,0.24193
"Ketam, kepiting, rajungan",Crab,Portunus/Scylla,Pulau Taliabu,0.001,Inland; marine,Aquaculture; capture,Raw,portunidae,family,,,portunidae,decapoda,malacostraca,arthropoda,animalia,45.1796875,0.0497222222222222,0.116410256410256,8.06666666666667,0.157,33.1666666666667,8.2,1.25128205128205,0,2.29909090909091,122.831286549708,18.62,0.492257142857143,0,0.982314814814815,41.0957407407407,45.6866666666667,225.595263157895,291.438666666667,46.3822727272727,312.61250877193,2.68755555555556,17.7229547325103,1478.30769230769,1443.07692307692,443.615384615385,720.692307692308,648.923076923077,231.714285714286,917.307692307692,0.00123333333333333,0.24193
"Ketam, kepiting, rajungan",Crab,Portunus/Scylla,Kota Ternate,0,Inland; marine,Aquaculture; capture,Raw,portunidae,family,,,portunidae,decapoda,malacostraca,arthropoda,animalia,45.1796875,0.0497222222222222,0.116410256410256,8.06666666666667,0.157,33.1666666666667,8.2,1.25128205128205,0,2.29909090909091,122.831286549708,18.62,0.492257142857143,0,0.982314814814815,41.0957407407407,45.6866666666667,225.595263157895,291.438666666667,46.3822727272727,312.61250877193,2.68755555555556,17.7229547325103,1478.30769230769,1443.07692307692,443.615384615385,720.692307692308,648.923076923077,231.714285714286,917.307692307692,0.00123333333333333,0.24193
"Ketam, kepiting, rajungan",Crab,Portunus/Scylla,Kota Tidore Kepulauan,0,Inland; marine,Aquaculture; capture,Raw,portunidae,family,,,portunidae,decapoda,malacostraca,arthropoda,animalia,45.1796875,0.0497222222222222,0.116410256410256,8.06666666666667,0.157,33.1666666666667,8.2,1.25128205128205,0,2.29909090909091,122.831286549708,18.62,0.492257142857143,0,0.982314814814815,41.0957407407407,45.6866666666667,225.595263157895,291.438666666667,46.3822727272727,312.61250877193,2.68755555555556,17.7229547325103,1478.30769230769,1443.07692307692,443.615384615385,720.692307692308,648.923076923077,231.714285714286,917.307692307692,0.00123333333333333,0.24193
"Kerang, siput, bekicot, remis",Shellfish,Bivalvia/Gastropoda,Halmahera Barat,0.001,Inland; marine,Aquaculture; capture,Raw,bivalvia,subclass,,,,,bivalvia,mollusca,animalia,18.0566037735849,0.0623611111111111,0.180727272727273,4.06086956521739,0.0948888888888889,23.4324324324324,10.6533333333333,3.03013698630137,0.167441860465116,0.91,100.171039849624,74.7845098039216,0.267041785714286,101.793714285714,3.98238029126214,65.8770358695652,137.66075,169.550398214286,215.168458035714,54.3269848484848,359.395075892857,1.92233215909091,11.0642625698324,633.464285714286,668.435413793103,309.949433333333,394.964285714286,438.755,149.428571428571,419.535806451613,0.00700194444444444,0.2174432
"Kerang, siput, bekicot, remis",Shellfish,Bivalvia/Gastropoda,Halmahera Tengah,0.002,Inland; marine,Aquaculture; capture,Raw,bivalvia,subclass,,,,,bivalvia,mollusca,animalia,18.0566037735849,0.0623611111111111,0.180727272727273,4.06086956521739,0.0948888888888889,23.4324324324324,10.6533333333333,3.03013698630137,0.167441860465116,0.91,100.171039849624,74.7845098039216,0.267041785714286,101.793714285714,3.98238029126214,65.8770358695652,137.66075,169.550398214286,215.168458035714,54.3269848484848,359.395075892857,1.92233215909091,11.0642625698324,633.464285714286,668.435413793103,309.949433333333,394.964285714286,438.755,149.428571428571,419.535806451613,0.00700194444444444,0.2174432
"Kerang, siput, bekicot, remis",Shellfish,Bivalvia/Gastropoda,Kepulauan Sula,0,Inland; marine,Aquaculture; capture,Raw,bivalvia,subclass,,,,,bivalvia,mollusca,animalia,18.0566037735849,0.0623611111111111,0.180727272727273,4.06086956521739,0.0948888888888889,23.4324324324324,10.6533333333333,3.03013698630137,0.167441860465116,0.91,100.171039849624,74.7845098039216,0.267041785714286,101.793714285714,3.98238029126214,65.8770358695652,137.66075,169.550398214286,215.168458035714,54.3269848484848,359.395075892857,1.92233215909091,11.0642625698324,633.464285714286,668.435413793103,309.949433333333,394.964285714286,438.755,149.428571428571,419.535806451613,0.00700194444444444,0.2174432
"Kerang, siput, bekicot, remis",Shellfish,Bivalvia/Gastropoda,Halmahera Selatan,0.001,Inland; marine,Aquaculture; capture,Raw,bivalvia,subclass,,,,,bivalvia,mollusca,animalia,18.0566037735849,0.0623611111111111,0.180727272727273,4.06086956521739,0.0948888888888889,23.4324324324324,10.6533333333333,3.03013698630137,0.167441860465116,0.91,100.171039849624,74.7845098039216,0.267041785714286,101.793714285714,3.98238029126214,65.8770358695652,137.66075,169.550398214286,215.168458035714,54.3269848484848,359.395075892857,1.92233215909091,11.0642625698324,633.464285714286,668.435413793103,309.949433333333,394.964285714286,438.755,149.428571428571,419.535806451613,0.00700194444444444,0.2174432
"Kerang, siput, bekicot, remis",Shellfish,Bivalvia/Gastropoda,Halmahera Utara,0,Inland; marine,Aquaculture; capture,Raw,bivalvia,subclass,,,,,bivalvia,mollusca,animalia,18.0566037735849,0.0623611111111111,0.180727272727273,4.06086956521739,0.0948888888888889,23.4324324324324,10.6533333333333,3.03013698630137,0.167441860465116,0.91,100.171039849624,74.7845098039216,0.267041785714286,101.793714285714,3.98238029126214,65.8770358695652,137.66075,169.550398214286,215.168458035714,54.3269848484848,359.395075892857,1.92233215909091,11.0642625698324,633.464285714286,668.435413793103,309.949433333333,394.964285714286,438.755,149.428571428571,419.535806451613,0.00700194444444444,0.2174432
"Kerang, siput, bekicot, remis",Shellfish,Bivalvia/Gastropoda,Halmahera Timur,0.001,Inland; marine,Aquaculture; capture,Raw,bivalvia,subclass,,,,,bivalvia,mollusca,animalia,18.0566037735849,0.0623611111111111,0.180727272727273,4.06086956521739,0.0948888888888889,23.4324324324324,10.6533333333333,3.03013698630137,0.167441860465116,0.91,100.171039849624,74.7845098039216,0.267041785714286,101.793714285714,3.98238029126214,65.8770358695652,137.66075,169.550398214286,215.168458035714,54.3269848484848,359.395075892857,1.92233215909091,11.0642625698324,633.464285714286,668.435413793103,309.949433333333,394.964285714286,438.755,149.428571428571,419.535806451613,0.00700194444444444,0.2174432
"Kerang, siput, bekicot, remis",Shellfish,Bivalvia/Gastropoda,Pulau Morotai,0,Inland; marine,Aquaculture; capture,Raw,bivalvia,subclass,,,,,bivalvia,mollusca,animalia,18.0566037735849,0.0623611111111111,0.180727272727273,4.06086956521739,0.0948888888888889,23.4324324324324,10.6533333333333,3.03013698630137,0.167441860465116,0.91,100.171039849624,74.7845098039216,0.267041785714286,101.793714285714,3.98238029126214,65.8770358695652,137.66075,169.550398214286,215.168458035714,54.3269848484848,359.395075892857,1.92233215909091,11.0642625698324,633.464285714286,668.435413793103,309.949433333333,394.964285714286,438.755,149.428571428571,419.535806451613,0.00700194444444444,0.2174432
"Kerang, siput, bekicot, remis",Shellfish,Bivalvia/Gastropoda,Pulau Taliabu,0,Inland; marine,Aquaculture; capture,Raw,bivalvia,subclass,,,,,bivalvia,mollusca,animalia,18.0566037735849,0.0623611111111111,0.180727272727273,4.06086956521739,0.0948888888888889,23.4324324324324,10.6533333333333,3.03013698630137,0.167441860465116,0.91,100.171039849624,74.7845098039216,0.267041785714286,101.793714285714,3.98238029126214,65.8770358695652,137.66075,169.550398214286,215.168458035714,54.3269848484848,359.395075892857,1.92233215909091,11.0642625698324,633.464285714286,668.435413793103,309.949433333333,394.964285714286,438.755,149.428571428571,419.535806451613,0.00700194444444444,0.2174432
"Kerang, siput, bekicot, remis",Shellfish,Bivalvia/Gastropoda,Kota Ternate,0,Inland; marine,Aquaculture; capture,Raw,bivalvia,subclass,,,,,bivalvia,mollusca,animalia,18.0566037735849,0.0623611111111111,0.180727272727273,4.06086956521739,0.0948888888888889,23.4324324324324,10.6533333333333,3.03013698630137,0.167441860465116,0.91,100.171039849624,74.7845098039216,0.267041785714286,101.793714285714,3.98238029126214,65.8770358695652,137.66075,169.550398214286,215.168458035714,54.3269848484848,359.395075892857,1.92233215909091,11.0642625698324,633.464285714286,668.435413793103,309.949433333333,394.964285714286,438.755,149.428571428571,419.535806451613,0.00700194444444444,0.2174432
"Kerang, siput, bekicot, remis",Shellfish,Bivalvia/Gastropoda,Kota Tidore Kepulauan,0,Inland; marine,Aquaculture; capture,Raw,bivalvia,subclass,,,,,bivalvia,mollusca,animalia,18.0566037735849,0.0623611111111111,0.180727272727273,4.06086956521739,0.0948888888888889,23.4324324324324,10.6533333333333,3.03013698630137,0.167441860465116,0.91,100.171039849624,74.7845098039216,0.267041785714286,101.793714285714,3.98238029126214,65.8770358695652,137.66075,169.550398214286,215.168458035714,54.3269848484848,359.395075892857,1.92233215909091,11.0642625698324,633.464285714286,668.435413793103,309.949433333333,394.964285714286,438.755,149.428571428571,419.535806451613,0.00700194444444444,0.2174432
Udang dan hewan air lainnya yang segar lainnya,Shrimp,Penaeus spp.,Halmahera Barat,0.002,Inland; marine,Aquaculture; capture,Raw,arthropoda,,,,,,,arthropoda,animalia,11.2093949044586,0.0462762762762763,0.087840108401084,7.05650602409639,0.11875,19.7027027027027,3.34796116504854,1.18888888888889,0.0243382352941177,1.83322222222222,79.2605905864198,25.0660377358491,0.523116134453781,50.6137837837838,1.57507050651769,45.7184011375661,102.1425,229.027119685535,285.865754605263,39.6768034188034,268.250938918322,2.41441401606426,18.5084298811771,1389.74759985294,1474.68663962963,452.844154140741,735.184426291262,682.199587138889,277.677777777778,823.533728574074,0.00293470588235294,0.176895729166667
Udang dan hewan air lainnya yang segar lainnya,Shrimp,Penaeus spp.,Halmahera Tengah,0,Inland; marine,Aquaculture; capture,Raw,arthropoda,,,,,,,arthropoda,animalia,11.2093949044586,0.0462762762762763,0.087840108401084,7.05650602409639,0.11875,19.7027027027027,3.34796116504854,1.18888888888889,0.0243382352941177,1.83322222222222,79.2605905864198,25.0660377358491,0.523116134453781,50.6137837837838,1.57507050651769,45.7184011375661,102.1425,229.027119685535,285.865754605263,39.6768034188034,268.250938918322,2.41441401606426,18.5084298811771,1389.74759985294,1474.68663962963,452.844154140741,735.184426291262,682.199587138889,277.677777777778,823.533728574074,0.00293470588235294,0.176895729166667
Udang dan hewan air lainnya yang segar lainnya,Shrimp,Penaeus spp.,Kepulauan Sula,0,Inland; marine,Aquaculture; capture,Raw,arthropoda,,,,,,,arthropoda,animalia,11.2093949044586,0.0462762762762763,0.087840108401084,7.05650602409639,0.11875,19.7027027027027,3.34796116504854,1.18888888888889,0.0243382352941177,1.83322222222222,79.2605905864198,25.0660377358491,0.523116134453781,50.6137837837838,1.57507050651769,45.7184011375661,102.1425,229.027119685535,285.865754605263,39.6768034188034,268.250938918322,2.41441401606426,18.5084298811771,1389.74759985294,1474.68663962963,452.844154140741,735.184426291262,682.199587138889,277.677777777778,823.533728574074,0.00293470588235294,0.176895729166667
Udang dan hewan air lainnya yang segar lainnya,Shrimp,Penaeus spp.,Halmahera Selatan,0,Inland; marine,Aquaculture; capture,Raw,arthropoda,,,,,,,arthropoda,animalia,11.2093949044586,0.0462762762762763,0.087840108401084,7.05650602409639,0.11875,19.7027027027027,3.34796116504854,1.18888888888889,0.0243382352941177,1.83322222222222,79.2605905864198,25.0660377358491,0.523116134453781,50.6137837837838,1.57507050651769,45.7184011375661,102.1425,229.027119685535,285.865754605263,39.6768034188034,268.250938918322,2.41441401606426,18.5084298811771,1389.74759985294,1474.68663962963,452.844154140741,735.184426291262,682.199587138889,277.677777777778,823.533728574074,0.00293470588235294,0.176895729166667
Udang dan hewan air lainnya yang segar lainnya,Shrimp,Penaeus spp.,Halmahera Utara,0,Inland; marine,Aquaculture; capture,Raw,arthropoda,,,,,,,arthropoda,animalia,11.2093949044586,0.0462762762762763,0.087840108401084,7.05650602409639,0.11875,19.7027027027027,3.34796116504854,1.18888888888889,0.0243382352941177,1.83322222222222,79.2605905864198,25.0660377358491,0.523116134453781,50.6137837837838,1.57507050651769,45.7184011375661,102.1425,229.027119685535,285.865754605263,39.6768034188034,268.250938918322,2.41441401606426,18.5084298811771,1389.74759985294,1474.68663962963,452.844154140741,735.184426291262,682.199587138889,277.677777777778,823.533728574074,0.00293470588235294,0.176895729166667
Udang dan hewan air lainnya yang segar lainnya,Shrimp,Penaeus spp.,Halmahera Timur,0.001,Inland; marine,Aquaculture; capture,Raw,arthropoda,,,,,,,arthropoda,animalia,11.2093949044586,0.0462762762762763,0.087840108401084,7.05650602409639,0.11875,19.7027027027027,3.34796116504854,1.18888888888889,0.0243382352941177,1.83322222222222,79.2605905864198,25.0660377358491,0.523116134453781,50.6137837837838,1.57507050651769,45.7184011375661,102.1425,229.027119685535,285.865754605263,39.6768034188034,268.250938918322,2.41441401606426,18.5084298811771,1389.74759985294,1474.68663962963,452.844154140741,735.184426291262,682.199587138889,277.677777777778,823.533728574074,0.00293470588235294,0.176895729166667
Udang dan hewan air lainnya yang segar lainnya,Shrimp,Penaeus spp.,Pulau Morotai,0,Inland; marine,Aquaculture; capture,Raw,arthropoda,,,,,,,arthropoda,animalia,11.2093949044586,0.0462762762762763,0.087840108401084,7.05650602409639,0.11875,19.7027027027027,3.34796116504854,1.18888888888889,0.0243382352941177,1.83322222222222,79.2605905864198,25.0660377358491,0.523116134453781,50.6137837837838,1.57507050651769,45.7184011375661,102.1425,229.027119685535,285.865754605263,39.6768034188034,268.250938918322,2.41441401606426,18.5084298811771,1389.74759985294,1474.68663962963,452.844154140741,735.184426291262,682.199587138889,277.677777777778,823.533728574074,0.00293470588235294,0.176895729166667
Udang dan hewan air lainnya yang segar lainnya,Shrimp,Penaeus spp.,Pulau Taliabu,0,Inland; marine,Aquaculture; capture,Raw,arthropoda,,,,,,,arthropoda,animalia,11.2093949044586,0.0462762762762763,0.087840108401084,7.05650602409639,0.11875,19.7027027027027,3.34796116504854,1.18888888888889,0.0243382352941177,1.83322222222222,79.2605905864198,25.0660377358491,0.523116134453781,50.6137837837838,1.57507050651769,45.7184011375661,102.1425,229.027119685535,285.865754605263,39.6768034188034,268.250938918322,2.41441401606426,18.5084298811771,1389.74759985294,1474.68663962963,452.844154140741,735.184426291262,682.199587138889,277.677777777778,823.533728574074,0.00293470588235294,0.176895729166667
Udang dan hewan air lainnya yang segar lainnya,Shrimp,Penaeus spp.,Kota Ternate,0,Inland; marine,Aquaculture; capture,Raw,arthropoda,,,,,,,arthropoda,animalia,11.2093949044586,0.0462762762762763,0.087840108401084,7.05650602409639,0.11875,19.7027027027027,3.34796116504854,1.18888888888889,0.0243382352941177,1.83322222222222,79.2605905864198,25.0660377358491,0.523116134453781,50.6137837837838,1.57507050651769,45.7184011375661,102.1425,229.027119685535,285.865754605263,39.6768034188034,268.250938918322,2.41441401606426,18.5084298811771,1389.74759985294,1474.68663962963,452.844154140741,735.184426291262,682.199587138889,277.677777777778,823.533728574074,0.00293470588235294,0.176895729166667
Udang dan hewan air lainnya yang segar lainnya,Shrimp,Penaeus spp.,Kota Tidore Kepulauan,0,Inland; marine,Aquaculture; capture,Raw,arthropoda,,,,,,,arthropoda,animalia,11.2093949044586,0.0462762762762763,0.087840108401084,7.05650602409639,0.11875,19.7027027027027,3.34796116504854,1.18888888888889,0.0243382352941177,1.83322222222222,79.2605905864198,25.0660377358491,0.523116134453781,50.6137837837838,1.57507050651769,45.7184011375661,102.1425,229.027119685535,285.865754605263,39.6768034188034,268.250938918322,2.41441401606426,18.5084298811771,1389.74759985294,1474.68663962963,452.844154140741,735.184426291262,682.199587138889,277.677777777778,823.533728574074,0.00293470588235294,0.176895729166667
Kembung diawetkan/peda,Indian mackerel,Rastrelliger,Halmahera Barat,0.002,Marine,Capture,Dried; salted,rastrelliger,genus,,rastrelliger,scombridae,scombriformes,actinopterygii,chordata,animalia,18.2156862745098,0.11918,0.176583333333333,14.4233333333333,0.634888888888889,8.59090909090909,5.69344,0.851333333333333,6.245,0.643391666666667,33.42,34.4285714285714,0.315698181818182,21.5521739130435,2.172634,36.5047512195122,63.14625,86.91,10.22,107.425,70.005,2.23716333333333,19.3580148428571,1550.86849,1792.1147,620.347395,809.897987,921.560518,251.625,1051.1442,0.0760736363636364,0.666836814814815
Kembung diawetkan/peda,Indian mackerel,Rastrelliger,Halmahera Tengah,0.003,Marine,Capture,Dried; salted,rastrelliger,genus,,rastrelliger,scombridae,scombriformes,actinopterygii,chordata,animalia,18.2156862745098,0.11918,0.176583333333333,14.4233333333333,0.634888888888889,8.59090909090909,5.69344,0.851333333333333,6.245,0.643391666666667,33.42,34.4285714285714,0.315698181818182,21.5521739130435,2.172634,36.5047512195122,63.14625,86.91,10.22,107.425,70.005,2.23716333333333,19.3580148428571,1550.86849,1792.1147,620.347395,809.897987,921.560518,251.625,1051.1442,0.0760736363636364,0.666836814814815
Kembung diawetkan/peda,Indian mackerel,Rastrelliger,Kepulauan Sula,0,Marine,Capture,Dried; salted,rastrelliger,genus,,rastrelliger,scombridae,scombriformes,actinopterygii,chordata,animalia,18.2156862745098,0.11918,0.176583333333333,14.4233333333333,0.634888888888889,8.59090909090909,5.69344,0.851333333333333,6.245,0.643391666666667,33.42,34.4285714285714,0.315698181818182,21.5521739130435,2.172634,36.5047512195122,63.14625,86.91,10.22,107.425,70.005,2.23716333333333,19.3580148428571,1550.86849,1792.1147,620.347395,809.897987,921.560518,251.625,1051.1442,0.0760736363636364,0.666836814814815
Kembung diawetkan/peda,Indian mackerel,Rastrelliger,Halmahera Selatan,0.008,Marine,Capture,Dried; salted,rastrelliger,genus,,rastrelliger,scombridae,scombriformes,actinopterygii,chordata,animalia,18.2156862745098,0.11918,0.176583333333333,14.4233333333333,0.634888888888889,8.59090909090909,5.69344,0.851333333333333,6.245,0.643391666666667,33.42,34.4285714285714,0.315698181818182,21.5521739130435,2.172634,36.5047512195122,63.14625,86.91,10.22,107.425,70.005,2.23716333333333,19.3580148428571,1550.86849,1792.1147,620.347395,809.897987,921.560518,251.625,1051.1442,0.0760736363636364,0.666836814814815
Kembung diawetkan/peda,Indian mackerel,Rastrelliger,Halmahera Utara,0,Marine,Capture,Dried; salted,rastrelliger,genus,,rastrelliger,scombridae,scombriformes,actinopterygii,chordata,animalia,18.2156862745098,0.11918,0.176583333333333,14.4233333333333,0.634888888888889,8.59090909090909,5.69344,0.851333333333333,6.245,0.643391666666667,33.42,34.4285714285714,0.315698181818182,21.5521739130435,2.172634,36.5047512195122,63.14625,86.91,10.22,107.425,70.005,2.23716333333333,19.3580148428571,1550.86849,1792.1147,620.347395,809.897987,921.560518,251.625,1051.1442,0.0760736363636364,0.666836814814815
Kembung diawetkan/peda,Indian mackerel,Rastrelliger,Halmahera Timur,0.002,Marine,Capture,Dried; salted,rastrelliger,genus,,rastrelliger,scombridae,scombriformes,actinopterygii,chordata,animalia,18.2156862745098,0.11918,0.176583333333333,14.4233333333333,0.634888888888889,8.59090909090909,5.69344,0.851333333333333,6.245,0.643391666666667,33.42,34.4285714285714,0.315698181818182,21.5521739130435,2.172634,36.5047512195122,63.14625,86.91,10.22,107.425,70.005,2.23716333333333,19.3580148428571,1550.86849,1792.1147,620.347395,809.897987,921.560518,251.625,1051.1442,0.0760736363636364,0.666836814814815
Kembung diawetkan/peda,Indian mackerel,Rastrelliger,Pulau Morotai,0.001,Marine,Capture,Dried; salted,rastrelliger,genus,,rastrelliger,scombridae,scombriformes,actinopterygii,chordata,animalia,18.2156862745098,0.11918,0.176583333333333,14.4233333333333,0.634888888888889,8.59090909090909,5.69344,0.851333333333333,6.245,0.643391666666667,33.42,34.4285714285714,0.315698181818182,21.5521739130435,2.172634,36.5047512195122,63.14625,86.91,10.22,107.425,70.005,2.23716333333333,19.3580148428571,1550.86849,1792.1147,620.347395,809.897987,921.560518,251.625,1051.1442,0.0760736363636364,0.666836814814815
Kembung diawetkan/peda,Indian mackerel,Rastrelliger,Pulau Taliabu,0,Marine,Capture,Dried; salted,rastrelliger,genus,,rastrelliger,scombridae,scombriformes,actinopterygii,chordata,animalia,18.2156862745098,0.11918,0.176583333333333,14.4233333333333,0.634888888888889,8.59090909090909,5.69344,0.851333333333333,6.245,0.643391666666667,33.42,34.4285714285714,0.315698181818182,21.5521739130435,2.172634,36.5047512195122,63.14625,86.91,10.22,107.425,70.005,2.23716333333333,19.3580148428571,1550.86849,1792.1147,620.347395,809.897987,921.560518,251.625,1051.1442,0.0760736363636364,0.666836814814815
Kembung diawetkan/peda,Indian mackerel,Rastrelliger,Kota Ternate,0,Marine,Capture,Dried; salted,rastrelliger,genus,,rastrelliger,scombridae,scombriformes,actinopterygii,chordata,animalia,18.2156862745098,0.11918,0.176583333333333,14.4233333333333,0.634888888888889,8.59090909090909,5.69344,0.851333333333333,6.245,0.643391666666667,33.42,34.4285714285714,0.315698181818182,21.5521739130435,2.172634,36.5047512195122,63.14625,86.91,10.22,107.425,70.005,2.23716333333333,19.3580148428571,1550.86849,1792.1147,620.347395,809.897987,921.560518,251.625,1051.1442,0.0760736363636364,0.666836814814815
Kembung diawetkan/peda,Indian mackerel,Rastrelliger,Kota Tidore Kepulauan,0,Marine,Capture,Dried; salted,rastrelliger,genus,,rastrelliger,scombridae,scombriformes,actinopterygii,chordata,animalia,18.2156862745098,0.11918,0.176583333333333,14.4233333333333,0.634888888888889,8.59090909090909,5.69344,0.851333333333333,6.245,0.643391666666667,33.42,34.4285714285714,0.315698181818182,21.5521739130435,2.172634,36.5047512195122,63.14625,86.91,10.22,107.425,70.005,2.23716333333333,19.3580148428571,1550.86849,1792.1147,620.347395,809.897987,921.560518,251.625,1051.1442,0.0760736363636364,0.666836814814815
Tenggiri diawetkan,Spanish mackerel,Scomberomorus,Halmahera Barat,0.002,Marine,Capture,Dried; salted; smoked,scomberomorus,genus,,scomberomorus,scombridae,scombriformes,actinopterygii,chordata,animalia,6,0.0775,0.164,12,0.276,7.5,6.18333333333333,0,3.5,0.2775,18.9775,30.75,0.0677,0,0.905740833333333,32.438,63.015,233.657142857143,335.755,70.0373333333333,58.9285714285714,0.960166923076923,20.44,1578,1246,579,843,936,215.5,920,0.0314825,0.796046
Tenggiri diawetkan,Spanish mackerel,Scomberomorus,Halmahera Tengah,0.001,Marine,Capture,Dried; salted; smoked,scomberomorus,genus,,scomberomorus,scombridae,scombriformes,actinopterygii,chordata,animalia,6,0.0775,0.164,12,0.276,7.5,6.18333333333333,0,3.5,0.2775,18.9775,30.75,0.0677,0,0.905740833333333,32.438,63.015,233.657142857143,335.755,70.0373333333333,58.9285714285714,0.960166923076923,20.44,1578,1246,579,843,936,215.5,920,0.0314825,0.796046
Tenggiri diawetkan,Spanish mackerel,Scomberomorus,Kepulauan Sula,0.01,Marine,Capture,Dried; salted; smoked,scomberomorus,genus,,scomberomorus,scombridae,scombriformes,actinopterygii,chordata,animalia,6,0.0775,0.164,12,0.276,7.5,6.18333333333333,0,3.5,0.2775,18.9775,30.75,0.0677,0,0.905740833333333,32.438,63.015,233.657142857143,335.755,70.0373333333333,58.9285714285714,0.960166923076923,20.44,1578,1246,579,843,936,215.5,920,0.0314825,0.796046
Tenggiri diawetkan,Spanish mackerel,Scomberomorus,Halmahera Selatan,0.002,Marine,Capture,Dried; salted; smoked,scomberomorus,genus,,scomberomorus,scombridae,scombriformes,actinopterygii,chordata,animalia,6,0.0775,0.164,12,0.276,7.5,6.18333333333333,0,3.5,0.2775,18.9775,30.75,0.0677,0,0.905740833333333,32.438,63.015,233.657142857143,335.755,70.0373333333333,58.9285714285714,0.960166923076923,20.44,1578,1246,579,843,936,215.5,920,0.0314825,0.796046
Tenggiri diawetkan,Spanish mackerel,Scomberomorus,Halmahera Utara,0.001,Marine,Capture,Dried; salted; smoked,scomberomorus,genus,,scomberomorus,scombridae,scombriformes,actinopterygii,chordata,animalia,6,0.0775,0.164,12,0.276,7.5,6.18333333333333,0,3.5,0.2775,18.9775,30.75,0.0677,0,0.905740833333333,32.438,63.015,233.657142857143,335.755,70.0373333333333,58.9285714285714,0.960166923076923,20.44,1578,1246,579,843,936,215.5,920,0.0314825,0.796046
Tenggiri diawetkan,Spanish mackerel,Scomberomorus,Halmahera Timur,0.001,Marine,Capture,Dried; salted; smoked,scomberomorus,genus,,scomberomorus,scombridae,scombriformes,actinopterygii,chordata,animalia,6,0.0775,0.164,12,0.276,7.5,6.18333333333333,0,3.5,0.2775,18.9775,30.75,0.0677,0,0.905740833333333,32.438,63.015,233.657142857143,335.755,70.0373333333333,58.9285714285714,0.960166923076923,20.44,1578,1246,579,843,936,215.5,920,0.0314825,0.796046
Tenggiri diawetkan,Spanish mackerel,Scomberomorus,Pulau Morotai,0.001,Marine,Capture,Dried; salted; smoked,scomberomorus,genus,,scomberomorus,scombridae,scombriformes,actinopterygii,chordata,animalia,6,0.0775,0.164,12,0.276,7.5,6.18333333333333,0,3.5,0.2775,18.9775,30.75,0.0677,0,0.905740833333333,32.438,63.015,233.657142857143,335.755,70.0373333333333,58.9285714285714,0.960166923076923,20.44,1578,1246,579,843,936,215.5,920,0.0314825,0.796046
Tenggiri diawetkan,Spanish mackerel,Scomberomorus,Pulau Taliabu,0.001,Marine,Capture,Dried; salted; smoked,scomberomorus,genus,,scomberomorus,scombridae,scombriformes,actinopterygii,chordata,animalia,6,0.0775,0.164,12,0.276,7.5,6.18333333333333,0,3.5,0.2775,18.9775,30.75,0.0677,0,0.905740833333333,32.438,63.015,233.657142857143,335.755,70.0373333333333,58.9285714285714,0.960166923076923,20.44,1578,1246,579,843,936,215.5,920,0.0314825,0.796046
Tenggiri diawetkan,Spanish mackerel,Scomberomorus,Kota Ternate,0,Marine,Capture,Dried; salted; smoked,scomberomorus,genus,,scomberomorus,scombridae,scombriformes,actinopterygii,chordata,animalia,6,0.0775,0.164,12,0.276,7.5,6.18333333333333,0,3.5,0.2775,18.9775,30.75,0.0677,0,0.905740833333333,32.438,63.015,233.657142857143,335.755,70.0373333333333,58.9285714285714,0.960166923076923,20.44,1578,1246,579,843,936,215.5,920,0.0314825,0.796046
Tenggiri diawetkan,Spanish mackerel,Scomberomorus,Kota Tidore Kepulauan,0.004,Marine,Capture,Dried; salted; smoked,scomberomorus,genus,,scomberomorus,scombridae,scombriformes,actinopterygii,chordata,animalia,6,0.0775,0.164,12,0.276,7.5,6.18333333333333,0,3.5,0.2775,18.9775,30.75,0.0677,0,0.905740833333333,32.438,63.015,233.657142857143,335.755,70.0373333333333,58.9285714285714,0.960166923076923,20.44,1578,1246,579,843,936,215.5,920,0.0314825,0.796046
"Tongkol, tuna, cakalang, dencis, ikan kayu diawetkan",Tuna/skipjack,Thunnus/Katsuwonus,Halmahera Barat,0.033,Marine,Capture,Dried; salted; smoked,scombridae,subfamily,,,scombridae,scombriformes,actinopterygii,chordata,animalia,18.2156862745098,0.11918,0.176583333333333,14.4233333333333,0.634888888888889,8.59090909090909,5.69344,0.851333333333333,6.245,0.643391666666667,25.7118381818182,49.375,0.137889487179487,21.5521739130435,1.91119072463768,36.5047512195122,35.5226,265.820719607843,382.298321276596,65.8684324324324,65.2222450980392,1.22402024691358,21.9446208303922,1673.00928222222,1710.98024111111,549.278436555556,850.513494444444,934.576130375,251.625,1030.728757,0.0760736363636364,0.666836814814815
"Tongkol, tuna, cakalang, dencis, ikan kayu diawetkan",Tuna/skipjack,Thunnus/Katsuwonus,Halmahera Tengah,0.053,Marine,Capture,Dried; salted; smoked,scombridae,subfamily,,,scombridae,scombriformes,actinopterygii,chordata,animalia,18.2156862745098,0.11918,0.176583333333333,14.4233333333333,0.634888888888889,8.59090909090909,5.69344,0.851333333333333,6.245,0.643391666666667,25.7118381818182,49.375,0.137889487179487,21.5521739130435,1.91119072463768,36.5047512195122,35.5226,265.820719607843,382.298321276596,65.8684324324324,65.2222450980392,1.22402024691358,21.9446208303922,1673.00928222222,1710.98024111111,549.278436555556,850.513494444444,934.576130375,251.625,1030.728757,0.0760736363636364,0.666836814814815
"Tongkol, tuna, cakalang, dencis, ikan kayu diawetkan",Tuna/skipjack,Thunnus/Katsuwonus,Kepulauan Sula,0.059,Marine,Capture,Dried; salted; smoked,scombridae,subfamily,,,scombridae,scombriformes,actinopterygii,chordata,animalia,18.2156862745098,0.11918,0.176583333333333,14.4233333333333,0.634888888888889,8.59090909090909,5.69344,0.851333333333333,6.245,0.643391666666667,25.7118381818182,49.375,0.137889487179487,21.5521739130435,1.91119072463768,36.5047512195122,35.5226,265.820719607843,382.298321276596,65.8684324324324,65.2222450980392,1.22402024691358,21.9446208303922,1673.00928222222,1710.98024111111,549.278436555556,850.513494444444,934.576130375,251.625,1030.728757,0.0760736363636364,0.666836814814815
"Tongkol, tuna, cakalang, dencis, ikan kayu diawetkan",Tuna/skipjack,Thunnus/Katsuwonus,Halmahera Selatan,0.103,Marine,Capture,Dried; salted; smoked,scombridae,subfamily,,,scombridae,scombriformes,actinopterygii,chordata,animalia,18.2156862745098,0.11918,0.176583333333333,14.4233333333333,0.634888888888889,8.59090909090909,5.69344,0.851333333333333,6.245,0.643391666666667,25.7118381818182,49.375,0.137889487179487,21.5521739130435,1.91119072463768,36.5047512195122,35.5226,265.820719607843,382.298321276596,65.8684324324324,65.2222450980392,1.22402024691358,21.9446208303922,1673.00928222222,1710.98024111111,549.278436555556,850.513494444444,934.576130375,251.625,1030.728757,0.0760736363636364,0.666836814814815
"Tongkol, tuna, cakalang, dencis, ikan kayu diawetkan",Tuna/skipjack,Thunnus/Katsuwonus,Halmahera Utara,0.015,Marine,Capture,Dried; salted; smoked,scombridae,subfamily,,,scombridae,scombriformes,actinopterygii,chordata,animalia,18.2156862745098,0.11918,0.176583333333333,14.4233333333333,0.634888888888889,8.59090909090909,5.69344,0.851333333333333,6.245,0.643391666666667,25.7118381818182,49.375,0.137889487179487,21.5521739130435,1.91119072463768,36.5047512195122,35.5226,265.820719607843,382.298321276596,65.8684324324324,65.2222450980392,1.22402024691358,21.9446208303922,1673.00928222222,1710.98024111111,549.278436555556,850.513494444444,934.576130375,251.625,1030.728757,0.0760736363636364,0.666836814814815
"Tongkol, tuna, cakalang, dencis, ikan kayu diawetkan",Tuna/skipjack,Thunnus/Katsuwonus,Halmahera Timur,0.01,Marine,Capture,Dried; salted; smoked,scombridae,subfamily,,,scombridae,scombriformes,actinopterygii,chordata,animalia,18.2156862745098,0.11918,0.176583333333333,14.4233333333333,0.634888888888889,8.59090909090909,5.69344,0.851333333333333,6.245,0.643391666666667,25.7118381818182,49.375,0.137889487179487,21.5521739130435,1.91119072463768,36.5047512195122,35.5226,265.820719607843,382.298321276596,65.8684324324324,65.2222450980392,1.22402024691358,21.9446208303922,1673.00928222222,1710.98024111111,549.278436555556,850.513494444444,934.576130375,251.625,1030.728757,0.0760736363636364,0.666836814814815
"Tongkol, tuna, cakalang, dencis, ikan kayu diawetkan",Tuna/skipjack,Thunnus/Katsuwonus,Pulau Morotai,0.009,Marine,Capture,Dried; salted; smoked,scombridae,subfamily,,,scombridae,scombriformes,actinopterygii,chordata,animalia,18.2156862745098,0.11918,0.176583333333333,14.4233333333333,0.634888888888889,8.59090909090909,5.69344,0.851333333333333,6.245,0.643391666666667,25.7118381818182,49.375,0.137889487179487,21.5521739130435,1.91119072463768,36.5047512195122,35.5226,265.820719607843,382.298321276596,65.8684324324324,65.2222450980392,1.22402024691358,21.9446208303922,1673.00928222222,1710.98024111111,549.278436555556,850.513494444444,934.576130375,251.625,1030.728757,0.0760736363636364,0.666836814814815
"Tongkol, tuna, cakalang, dencis, ikan kayu diawetkan",Tuna/skipjack,Thunnus/Katsuwonus,Pulau Taliabu,0,Marine,Capture,Dried; salted; smoked,scombridae,subfamily,,,scombridae,scombriformes,actinopterygii,chordata,animalia,18.2156862745098,0.11918,0.176583333333333,14.4233333333333,0.634888888888889,8.59090909090909,5.69344,0.851333333333333,6.245,0.643391666666667,25.7118381818182,49.375,0.137889487179487,21.5521739130435,1.91119072463768,36.5047512195122,35.5226,265.820719607843,382.298321276596,65.8684324324324,65.2222450980392,1.22402024691358,21.9446208303922,1673.00928222222,1710.98024111111,549.278436555556,850.513494444444,934.576130375,251.625,1030.728757,0.0760736363636364,0.666836814814815
"Tongkol, tuna, cakalang, dencis, ikan kayu diawetkan",Tuna/skipjack,Thunnus/Katsuwonus,Kota Ternate,0.084,Marine,Capture,Dried; salted; smoked,scombridae,subfamily,,,scombridae,scombriformes,actinopterygii,chordata,animalia,18.2156862745098,0.11918,0.176583333333333,14.4233333333333,0.634888888888889,8.59090909090909,5.69344,0.851333333333333,6.245,0.643391666666667,25.7118381818182,49.375,0.137889487179487,21.5521739130435,1.91119072463768,36.5047512195122,35.5226,265.820719607843,382.298321276596,65.8684324324324,65.2222450980392,1.22402024691358,21.9446208303922,1673.00928222222,1710.98024111111,549.278436555556,850.513494444444,934.576130375,251.625,1030.728757,0.0760736363636364,0.666836814814815
"Tongkol, tuna, cakalang, dencis, ikan kayu diawetkan",Tuna/skipjack,Thunnus/Katsuwonus,Kota Tidore Kepulauan,0.107,Marine,Capture,Dried; salted; smoked,scombridae,subfamily,,,scombridae,scombriformes,actinopterygii,chordata,animalia,18.2156862745098,0.11918,0.176583333333333,14.4233333333333,0.634888888888889,8.59090909090909,5.69344,0.851333333333333,6.245,0.643391666666667,25.7118381818182,49.375,0.137889487179487,21.5521739130435,1.91119072463768,36.5047512195122,35.5226,265.820719607843,382.298321276596,65.8684324324324,65.2222450980392,1.22402024691358,21.9446208303922,1673.00928222222,1710.98024111111,549.278436555556,850.513494444444,934.576130375,251.625,1030.728757,0.0760736363636364,0.666836814814815
Teri diawetkan,Anchovy,Stolephorus,Halmahera Barat,0.127,Marine,Capture,Dried; salted,stolephorus,genus,,stolephorus,engraulidae,clupeiformes,actinopterygii,chordata,animalia,20.75,0.035,0.165,11,0.1,9,5.4,0.5,7,0.565,97,23.5,1,20,3.52,51,304.5,34.07,440,44,255.333333333333,3.589,18.255,1354,1621,552,730,909,195,654.5,0,0.915990909090909
Teri diawetkan,Anchovy,Stolephorus,Halmahera Tengah,0.019,Marine,Capture,Dried; salted,stolephorus,genus,,stolephorus,engraulidae,clupeiformes,actinopterygii,chordata,animalia,20.75,0.035,0.165,11,0.1,9,5.4,0.5,7,0.565,97,23.5,1,20,3.52,51,304.5,34.07,440,44,255.333333333333,3.589,18.255,1354,1621,552,730,909,195,654.5,0,0.915990909090909
Teri diawetkan,Anchovy,Stolephorus,Kepulauan Sula,0.002,Marine,Capture,Dried; salted,stolephorus,genus,,stolephorus,engraulidae,clupeiformes,actinopterygii,chordata,animalia,20.75,0.035,0.165,11,0.1,9,5.4,0.5,7,0.565,97,23.5,1,20,3.52,51,304.5,34.07,440,44,255.333333333333,3.589,18.255,1354,1621,552,730,909,195,654.5,0,0.915990909090909
Teri diawetkan,Anchovy,Stolephorus,Halmahera Selatan,0.019,Marine,Capture,Dried; salted,stolephorus,genus,,stolephorus,engraulidae,clupeiformes,actinopterygii,chordata,animalia,20.75,0.035,0.165,11,0.1,9,5.4,0.5,7,0.565,97,23.5,1,20,3.52,51,304.5,34.07,440,44,255.333333333333,3.589,18.255,1354,1621,552,730,909,195,654.5,0,0.915990909090909
Teri diawetkan,Anchovy,Stolephorus,Halmahera Utara,0.055,Marine,Capture,Dried; salted,stolephorus,genus,,stolephorus,engraulidae,clupeiformes,actinopterygii,chordata,animalia,20.75,0.035,0.165,11,0.1,9,5.4,0.5,7,0.565,97,23.5,1,20,3.52,51,304.5,34.07,440,44,255.333333333333,3.589,18.255,1354,1621,552,730,909,195,654.5,0,0.915990909090909
Teri diawetkan,Anchovy,Stolephorus,Halmahera Timur,0.087,Marine,Capture,Dried; salted,stolephorus,genus,,stolephorus,engraulidae,clupeiformes,actinopterygii,chordata,animalia,20.75,0.035,0.165,11,0.1,9,5.4,0.5,7,0.565,97,23.5,1,20,3.52,51,304.5,34.07,440,44,255.333333333333,3.589,18.255,1354,1621,552,730,909,195,654.5,0,0.915990909090909
Teri diawetkan,Anchovy,Stolephorus,Pulau Morotai,0.014,Marine,Capture,Dried; salted,stolephorus,genus,,stolephorus,engraulidae,clupeiformes,actinopterygii,chordata,animalia,20.75,0.035,0.165,11,0.1,9,5.4,0.5,7,0.565,97,23.5,1,20,3.52,51,304.5,34.07,440,44,255.333333333333,3.589,18.255,1354,1621,552,730,909,195,654.5,0,0.915990909090909
Teri diawetkan,Anchovy,Stolephorus,Pulau Taliabu,0.02,Marine,Capture,Dried; salted,stolephorus,genus,,stolephorus,engraulidae,clupeiformes,actinopterygii,chordata,animalia,20.75,0.035,0.165,11,0.1,9,5.4,0.5,7,0.565,97,23.5,1,20,3.52,51,304.5,34.07,440,44,255.333333333333,3.589,18.255,1354,1621,552,730,909,195,654.5,0,0.915990909090909
Teri diawetkan,Anchovy,Stolephorus,Kota Ternate,0.051,Marine,Capture,Dried; salted,stolephorus,genus,,stolephorus,engraulidae,clupeiformes,actinopterygii,chordata,animalia,20.75,0.035,0.165,11,0.1,9,5.4,0.5,7,0.565,97,23.5,1,20,3.52,51,304.5,34.07,440,44,255.333333333333,3.589,18.255,1354,1621,552,730,909,195,654.5,0,0.915990909090909
Teri diawetkan,Anchovy,Stolephorus,Kota Tidore Kepulauan,0.056,Marine,Capture,Dried; salted,stolephorus,genus,,stolephorus,engraulidae,clupeiformes,actinopterygii,chordata,animalia,20.75,0.035,0.165,11,0.1,9,5.4,0.5,7,0.565,97,23.5,1,20,3.52,51,304.5,34.07,440,44,255.333333333333,3.589,18.255,1354,1621,552,730,909,195,654.5,0,0.915990909090909
Selar diawetkan,Trevally,Selar,Halmahera Barat,0.003,Marine,Capture,Dried; salted,carangidae,family,,,carangidae,carangiformes,actinopterygii,chordata,animalia,12.8367346938776,0.123333333333333,0.168888888888889,8.27625,0.390555555555556,5.1578947368421,6.565,0.8,11.6764705882353,1.25291666666667,63.3907653061224,32.431475409836104,0.156499082568807,27.1428571428571,1.62772931506849,38.5849794871795,37.0064406779661,261.831895957447,374.516920930233,84.9104166666667,89.2663441860465,1.59244112244898,19.7339790325301,1470.04000777778,1713.73562555556,565.555463666667,782.336427333333,875.920044111111,237.125,982.032043333333,0.0461494444444444,1.06195148148148
Selar diawetkan,Trevally,Selar,Halmahera Tengah,0,Marine,Capture,Dried; salted,carangidae,family,,,carangidae,carangiformes,actinopterygii,chordata,animalia,12.8367346938776,0.123333333333333,0.168888888888889,8.27625,0.390555555555556,5.1578947368421,6.565,0.8,11.6764705882353,1.25291666666667,63.3907653061224,32.431475409836104,0.156499082568807,27.1428571428571,1.62772931506849,38.5849794871795,37.0064406779661,261.831895957447,374.516920930233,84.9104166666667,89.2663441860465,1.59244112244898,19.7339790325301,1470.04000777778,1713.73562555556,565.555463666667,782.336427333333,875.920044111111,237.125,982.032043333333,0.0461494444444444,1.06195148148148
Selar diawetkan,Trevally,Selar,Kepulauan Sula,0.006,Marine,Capture,Dried; salted,carangidae,family,,,carangidae,carangiformes,actinopterygii,chordata,animalia,12.8367346938776,0.123333333333333,0.168888888888889,8.27625,0.390555555555556,5.1578947368421,6.565,0.8,11.6764705882353,1.25291666666667,63.3907653061224,32.431475409836104,0.156499082568807,27.1428571428571,1.62772931506849,38.5849794871795,37.0064406779661,261.831895957447,374.516920930233,84.9104166666667,89.2663441860465,1.59244112244898,19.7339790325301,1470.04000777778,1713.73562555556,565.555463666667,782.336427333333,875.920044111111,237.125,982.032043333333,0.0461494444444444,1.06195148148148
Selar diawetkan,Trevally,Selar,Halmahera Selatan,0.007,Marine,Capture,Dried; salted,carangidae,family,,,carangidae,carangiformes,actinopterygii,chordata,animalia,12.8367346938776,0.123333333333333,0.168888888888889,8.27625,0.390555555555556,5.1578947368421,6.565,0.8,11.6764705882353,1.25291666666667,63.3907653061224,32.431475409836104,0.156499082568807,27.1428571428571,1.62772931506849,38.5849794871795,37.0064406779661,261.831895957447,374.516920930233,84.9104166666667,89.2663441860465,1.59244112244898,19.7339790325301,1470.04000777778,1713.73562555556,565.555463666667,782.336427333333,875.920044111111,237.125,982.032043333333,0.0461494444444444,1.06195148148148
Selar diawetkan,Trevally,Selar,Halmahera Utara,0,Marine,Capture,Dried; salted,carangidae,family,,,carangidae,carangiformes,actinopterygii,chordata,animalia,12.8367346938776,0.123333333333333,0.168888888888889,8.27625,0.390555555555556,5.1578947368421,6.565,0.8,11.6764705882353,1.25291666666667,63.3907653061224,32.431475409836104,0.156499082568807,27.1428571428571,1.62772931506849,38.5849794871795,37.0064406779661,261.831895957447,374.516920930233,84.9104166666667,89.2663441860465,1.59244112244898,19.7339790325301,1470.04000777778,1713.73562555556,565.555463666667,782.336427333333,875.920044111111,237.125,982.032043333333,0.0461494444444444,1.06195148148148
Selar diawetkan,Trevally,Selar,Halmahera Timur,0,Marine,Capture,Dried; salted,carangidae,family,,,carangidae,carangiformes,actinopterygii,chordata,animalia,12.8367346938776,0.123333333333333,0.168888888888889,8.27625,0.390555555555556,5.1578947368421,6.565,0.8,11.6764705882353,1.25291666666667,63.3907653061224,32.431475409836104,0.156499082568807,27.1428571428571,1.62772931506849,38.5849794871795,37.0064406779661,261.831895957447,374.516920930233,84.9104166666667,89.2663441860465,1.59244112244898,19.7339790325301,1470.04000777778,1713.73562555556,565.555463666667,782.336427333333,875.920044111111,237.125,982.032043333333,0.0461494444444444,1.06195148148148
Selar diawetkan,Trevally,Selar,Pulau Morotai,0,Marine,Capture,Dried; salted,carangidae,family,,,carangidae,carangiformes,actinopterygii,chordata,animalia,12.8367346938776,0.123333333333333,0.168888888888889,8.27625,0.390555555555556,5.1578947368421,6.565,0.8,11.6764705882353,1.25291666666667,63.3907653061224,32.431475409836104,0.156499082568807,27.1428571428571,1.62772931506849,38.5849794871795,37.0064406779661,261.831895957447,374.516920930233,84.9104166666667,89.2663441860465,1.59244112244898,19.7339790325301,1470.04000777778,1713.73562555556,565.555463666667,782.336427333333,875.920044111111,237.125,982.032043333333,0.0461494444444444,1.06195148148148
Selar diawetkan,Trevally,Selar,Pulau Taliabu,0.001,Marine,Capture,Dried; salted,carangidae,family,,,carangidae,carangiformes,actinopterygii,chordata,animalia,12.8367346938776,0.123333333333333,0.168888888888889,8.27625,0.390555555555556,5.1578947368421,6.565,0.8,11.6764705882353,1.25291666666667,63.3907653061224,32.431475409836104,0.156499082568807,27.1428571428571,1.62772931506849,38.5849794871795,37.0064406779661,261.831895957447,374.516920930233,84.9104166666667,89.2663441860465,1.59244112244898,19.7339790325301,1470.04000777778,1713.73562555556,565.555463666667,782.336427333333,875.920044111111,237.125,982.032043333333,0.0461494444444444,1.06195148148148
Selar diawetkan,Trevally,Selar,Kota Ternate,0,Marine,Capture,Dried; salted,carangidae,family,,,carangidae,carangiformes,actinopterygii,chordata,animalia,12.8367346938776,0.123333333333333,0.168888888888889,8.27625,0.390555555555556,5.1578947368421,6.565,0.8,11.6764705882353,1.25291666666667,63.3907653061224,32.431475409836104,0.156499082568807,27.1428571428571,1.62772931506849,38.5849794871795,37.0064406779661,261.831895957447,374.516920930233,84.9104166666667,89.2663441860465,1.59244112244898,19.7339790325301,1470.04000777778,1713.73562555556,565.555463666667,782.336427333333,875.920044111111,237.125,982.032043333333,0.0461494444444444,1.06195148148148
Selar diawetkan,Trevally,Selar,Kota Tidore Kepulauan,0.005,Marine,Capture,Dried; salted,carangidae,family,,,carangidae,carangiformes,actinopterygii,chordata,animalia,12.8367346938776,0.123333333333333,0.168888888888889,8.27625,0.390555555555556,5.1578947368421,6.565,0.8,11.6764705882353,1.25291666666667,63.3907653061224,32.431475409836104,0.156499082568807,27.1428571428571,1.62772931506849,38.5849794871795,37.0064406779661,261.831895957447,374.516920930233,84.9104166666667,89.2663441860465,1.59244112244898,19.7339790325301,1470.04000777778,1713.73562555556,565.555463666667,782.336427333333,875.920044111111,237.125,982.032043333333,0.0461494444444444,1.06195148148148
Sepat diawetkan,Snakeskin gourami,Trichopodus,Halmahera Barat,0,Inland,Aquaculture,Dried; salted,trichopodus,genus,,trichopodus,osphronemidae,anabantiformes,actinopterygii,chordata,animalia,10,0.055,0.15,8.07062015503876,0.302,8.8137037037037,3.88544680851064,1,6.71252918287938,1.09125342857143,118.7875,2,0.081375,59.1306113537118,1.96870533333333,54.2,276.4,123.028571428571,246.46,48.6267341472868,110,0.854846153846154,19.5125,1493,1637,490.5,748.3,800.2,218.132273333333,893.3,0.0402137851851852,0.634979049350649
Sepat diawetkan,Snakeskin gourami,Trichopodus,Halmahera Tengah,0,Inland,Aquaculture,Dried; salted,trichopodus,genus,,trichopodus,osphronemidae,anabantiformes,actinopterygii,chordata,animalia,10,0.055,0.15,8.07062015503876,0.302,8.8137037037037,3.88544680851064,1,6.71252918287938,1.09125342857143,118.7875,2,0.081375,59.1306113537118,1.96870533333333,54.2,276.4,123.028571428571,246.46,48.6267341472868,110,0.854846153846154,19.5125,1493,1637,490.5,748.3,800.2,218.132273333333,893.3,0.0402137851851852,0.634979049350649
Sepat diawetkan,Snakeskin gourami,Trichopodus,Kepulauan Sula,0,Inland,Aquaculture,Dried; salted,trichopodus,genus,,trichopodus,osphronemidae,anabantiformes,actinopterygii,chordata,animalia,10,0.055,0.15,8.07062015503876,0.302,8.8137037037037,3.88544680851064,1,6.71252918287938,1.09125342857143,118.7875,2,0.081375,59.1306113537118,1.96870533333333,54.2,276.4,123.028571428571,246.46,48.6267341472868,110,0.854846153846154,19.5125,1493,1637,490.5,748.3,800.2,218.132273333333,893.3,0.0402137851851852,0.634979049350649
Sepat diawetkan,Snakeskin gourami,Trichopodus,Halmahera Selatan,0,Inland,Aquaculture,Dried; salted,trichopodus,genus,,trichopodus,osphronemidae,anabantiformes,actinopterygii,chordata,animalia,10,0.055,0.15,8.07062015503876,0.302,8.8137037037037,3.88544680851064,1,6.71252918287938,1.09125342857143,118.7875,2,0.081375,59.1306113537118,1.96870533333333,54.2,276.4,123.028571428571,246.46,48.6267341472868,110,0.854846153846154,19.5125,1493,1637,490.5,748.3,800.2,218.132273333333,893.3,0.0402137851851852,0.634979049350649
Sepat diawetkan,Snakeskin gourami,Trichopodus,Halmahera Utara,0,Inland,Aquaculture,Dried; salted,trichopodus,genus,,trichopodus,osphronemidae,anabantiformes,actinopterygii,chordata,animalia,10,0.055,0.15,8.07062015503876,0.302,8.8137037037037,3.88544680851064,1,6.71252918287938,1.09125342857143,118.7875,2,0.081375,59.1306113537118,1.96870533333333,54.2,276.4,123.028571428571,246.46,48.6267341472868,110,0.854846153846154,19.5125,1493,1637,490.5,748.3,800.2,218.132273333333,893.3,0.0402137851851852,0.634979049350649
Sepat diawetkan,Snakeskin gourami,Trichopodus,Halmahera Timur,0,Inland,Aquaculture,Dried; salted,trichopodus,genus,,trichopodus,osphronemidae,anabantiformes,actinopterygii,chordata,animalia,10,0.055,0.15,8.07062015503876,0.302,8.8137037037037,3.88544680851064,1,6.71252918287938,1.09125342857143,118.7875,2,0.081375,59.1306113537118,1.96870533333333,54.2,276.4,123.028571428571,246.46,48.6267341472868,110,0.854846153846154,19.5125,1493,1637,490.5,748.3,800.2,218.132273333333,893.3,0.0402137851851852,0.634979049350649
Sepat diawetkan,Snakeskin gourami,Trichopodus,Pulau Morotai,0,Inland,Aquaculture,Dried; salted,trichopodus,genus,,trichopodus,osphronemidae,anabantiformes,actinopterygii,chordata,animalia,10,0.055,0.15,8.07062015503876,0.302,8.8137037037037,3.88544680851064,1,6.71252918287938,1.09125342857143,118.7875,2,0.081375,59.1306113537118,1.96870533333333,54.2,276.4,123.028571428571,246.46,48.6267341472868,110,0.854846153846154,19.5125,1493,1637,490.5,748.3,800.2,218.132273333333,893.3,0.0402137851851852,0.634979049350649
Sepat diawetkan,Snakeskin gourami,Trichopodus,Pulau Taliabu,0,Inland,Aquaculture,Dried; salted,trichopodus,genus,,trichopodus,osphronemidae,anabantiformes,actinopterygii,chordata,animalia,10,0.055,0.15,8.07062015503876,0.302,8.8137037037037,3.88544680851064,1,6.71252918287938,1.09125342857143,118.7875,2,0.081375,59.1306113537118,1.96870533333333,54.2,276.4,123.028571428571,246.46,48.6267341472868,110,0.854846153846154,19.5125,1493,1637,490.5,748.3,800.2,218.132273333333,893.3,0.0402137851851852,0.634979049350649
Sepat diawetkan,Snakeskin gourami,Trichopodus,Kota Ternate,0,Inland,Aquaculture,Dried; salted,trichopodus,genus,,trichopodus,osphronemidae,anabantiformes,actinopterygii,chordata,animalia,10,0.055,0.15,8.07062015503876,0.302,8.8137037037037,3.88544680851064,1,6.71252918287938,1.09125342857143,118.7875,2,0.081375,59.1306113537118,1.96870533333333,54.2,276.4,123.028571428571,246.46,48.6267341472868,110,0.854846153846154,19.5125,1493,1637,490.5,748.3,800.2,218.132273333333,893.3,0.0402137851851852,0.634979049350649
Sepat diawetkan,Snakeskin gourami,Trichopodus,Kota Tidore Kepulauan,0,Inland,Aquaculture,Dried; salted,trichopodus,genus,,trichopodus,osphronemidae,anabantiformes,actinopterygii,chordata,animalia,10,0.055,0.15,8.07062015503876,0.302,8.8137037037037,3.88544680851064,1,6.71252918287938,1.09125342857143,118.7875,2,0.081375,59.1306113537118,1.96870533333333,54.2,276.4,123.028571428571,246.46,48.6267341472868,110,0.854846153846154,19.5125,1493,1637,490.5,748.3,800.2,218.132273333333,893.3,0.0402137851851852,0.634979049350649
Bandeng diawetkan,Milkfish,Chanos chanos,Halmahera Barat,0,Inland,Aquaculture,Smoked,chanos chanos,,chanos chanos,chanos,chanidae,gonorynchiformes,actinopterygii,chordata,animalia,0,0.108156948228883,0.13,7.69,0.322282442748092,0,2,0,1.6,1,19,20.6,0.083,30,0.4,31,336,350,347,15.6015,84,0.8825,23.4,1467.11955156173,1712.61125404762,544.271637493939,765.44533156875,836.389792469512,258,956.205573983333,0.08,0.39767
Bandeng diawetkan,Milkfish,Chanos chanos,Halmahera Tengah,0,Inland,Aquaculture,Smoked,chanos chanos,,chanos chanos,chanos,chanidae,gonorynchiformes,actinopterygii,chordata,animalia,0,0.108156948228883,0.13,7.69,0.322282442748092,0,2,0,1.6,1,19,20.6,0.083,30,0.4,31,336,350,347,15.6015,84,0.8825,23.4,1467.11955156173,1712.61125404762,544.271637493939,765.44533156875,836.389792469512,258,956.205573983333,0.08,0.39767
Bandeng diawetkan,Milkfish,Chanos chanos,Kepulauan Sula,0,Inland,Aquaculture,Smoked,chanos chanos,,chanos chanos,chanos,chanidae,gonorynchiformes,actinopterygii,chordata,animalia,0,0.108156948228883,0.13,7.69,0.322282442748092,0,2,0,1.6,1,19,20.6,0.083,30,0.4,31,336,350,347,15.6015,84,0.8825,23.4,1467.11955156173,1712.61125404762,544.271637493939,765.44533156875,836.389792469512,258,956.205573983333,0.08,0.39767
Bandeng diawetkan,Milkfish,Chanos chanos,Halmahera Selatan,0,Inland,Aquaculture,Smoked,chanos chanos,,chanos chanos,chanos,chanidae,gonorynchiformes,actinopterygii,chordata,animalia,0,0.108156948228883,0.13,7.69,0.322282442748092,0,2,0,1.6,1,19,20.6,0.083,30,0.4,31,336,350,347,15.6015,84,0.8825,23.4,1467.11955156173,1712.61125404762,544.271637493939,765.44533156875,836.389792469512,258,956.205573983333,0.08,0.39767
Bandeng diawetkan,Milkfish,Chanos chanos,Halmahera Utara,0,Inland,Aquaculture,Smoked,chanos chanos,,chanos chanos,chanos,chanidae,gonorynchiformes,actinopterygii,chordata,animalia,0,0.108156948228883,0.13,7.69,0.322282442748092,0,2,0,1.6,1,19,20.6,0.083,30,0.4,31,336,350,347,15.6015,84,0.8825,23.4,1467.11955156173,1712.61125404762,544.271637493939,765.44533156875,836.389792469512,258,956.205573983333,0.08,0.39767
Bandeng diawetkan,Milkfish,Chanos chanos,Halmahera Timur,0,Inland,Aquaculture,Smoked,chanos chanos,,chanos chanos,chanos,chanidae,gonorynchiformes,actinopterygii,chordata,animalia,0,0.108156948228883,0.13,7.69,0.322282442748092,0,2,0,1.6,1,19,20.6,0.083,30,0.4,31,336,350,347,15.6015,84,0.8825,23.4,1467.11955156173,1712.61125404762,544.271637493939,765.44533156875,836.389792469512,258,956.205573983333,0.08,0.39767
Bandeng diawetkan,Milkfish,Chanos chanos,Pulau Morotai,0,Inland,Aquaculture,Smoked,chanos chanos,,chanos chanos,chanos,chanidae,gonorynchiformes,actinopterygii,chordata,animalia,0,0.108156948228883,0.13,7.69,0.322282442748092,0,2,0,1.6,1,19,20.6,0.083,30,0.4,31,336,350,347,15.6015,84,0.8825,23.4,1467.11955156173,1712.61125404762,544.271637493939,765.44533156875,836.389792469512,258,956.205573983333,0.08,0.39767
Bandeng diawetkan,Milkfish,Chanos chanos,Pulau Taliabu,0,Inland,Aquaculture,Smoked,chanos chanos,,chanos chanos,chanos,chanidae,gonorynchiformes,actinopterygii,chordata,animalia,0,0.108156948228883,0.13,7.69,0.322282442748092,0,2,0,1.6,1,19,20.6,0.083,30,0.4,31,336,350,347,15.6015,84,0.8825,23.4,1467.11955156173,1712.61125404762,544.271637493939,765.44533156875,836.389792469512,258,956.205573983333,0.08,0.39767
Bandeng diawetkan,Milkfish,Chanos chanos,Kota Ternate,0,Inland,Aquaculture,Smoked,chanos chanos,,chanos chanos,chanos,chanidae,gonorynchiformes,actinopterygii,chordata,animalia,0,0.108156948228883,0.13,7.69,0.322282442748092,0,2,0,1.6,1,19,20.6,0.083,30,0.4,31,336,350,347,15.6015,84,0.8825,23.4,1467.11955156173,1712.61125404762,544.271637493939,765.44533156875,836.389792469512,258,956.205573983333,0.08,0.39767
Bandeng diawetkan,Milkfish,Chanos chanos,Kota Tidore Kepulauan,0,Inland,Aquaculture,Smoked,chanos chanos,,chanos chanos,chanos,chanidae,gonorynchiformes,actinopterygii,chordata,animalia,0,0.108156948228883,0.13,7.69,0.322282442748092,0,2,0,1.6,1,19,20.6,0.083,30,0.4,31,336,350,347,15.6015,84,0.8825,23.4,1467.11955156173,1712.61125404762,544.271637493939,765.44533156875,836.389792469512,258,956.205573983333,0.08,0.39767
Gabus diawetkan,Snakehead,Channa striata,Halmahera Barat,0,Inland,Aquaculture; capture,Dried; salted,channa striata,,channa striata,channa,channidae,anabantiformes,actinopterygii,chordata,animalia,10,0.08,0.12,8.07062015503876,0.302,8.8137037037037,3.88544680851064,1,6.71252918287938,1.09125342857143,43,2,0.13,59.1306113537118,0.526666666666667,21.5,88,124,219.5,48.6267341472868,34.6,0.573333333333333,20.5,1493,1637,490.5,748.3,800.2,218.132273333333,893.3,0.0402137851851852,0.634979049350649
Gabus diawetkan,Snakehead,Channa striata,Halmahera Tengah,0,Inland,Aquaculture; capture,Dried; salted,channa striata,,channa striata,channa,channidae,anabantiformes,actinopterygii,chordata,animalia,10,0.08,0.12,8.07062015503876,0.302,8.8137037037037,3.88544680851064,1,6.71252918287938,1.09125342857143,43,2,0.13,59.1306113537118,0.526666666666667,21.5,88,124,219.5,48.6267341472868,34.6,0.573333333333333,20.5,1493,1637,490.5,748.3,800.2,218.132273333333,893.3,0.0402137851851852,0.634979049350649
Gabus diawetkan,Snakehead,Channa striata,Kepulauan Sula,0,Inland,Aquaculture; capture,Dried; salted,channa striata,,channa striata,channa,channidae,anabantiformes,actinopterygii,chordata,animalia,10,0.08,0.12,8.07062015503876,0.302,8.8137037037037,3.88544680851064,1,6.71252918287938,1.09125342857143,43,2,0.13,59.1306113537118,0.526666666666667,21.5,88,124,219.5,48.6267341472868,34.6,0.573333333333333,20.5,1493,1637,490.5,748.3,800.2,218.132273333333,893.3,0.0402137851851852,0.634979049350649
Gabus diawetkan,Snakehead,Channa striata,Halmahera Selatan,0,Inland,Aquaculture; capture,Dried; salted,channa striata,,channa striata,channa,channidae,anabantiformes,actinopterygii,chordata,animalia,10,0.08,0.12,8.07062015503876,0.302,8.8137037037037,3.88544680851064,1,6.71252918287938,1.09125342857143,43,2,0.13,59.1306113537118,0.526666666666667,21.5,88,124,219.5,48.6267341472868,34.6,0.573333333333333,20.5,1493,1637,490.5,748.3,800.2,218.132273333333,893.3,0.0402137851851852,0.634979049350649
Gabus diawetkan,Snakehead,Channa striata,Halmahera Utara,0,Inland,Aquaculture; capture,Dried; salted,channa striata,,channa striata,channa,channidae,anabantiformes,actinopterygii,chordata,animalia,10,0.08,0.12,8.07062015503876,0.302,8.8137037037037,3.88544680851064,1,6.71252918287938,1.09125342857143,43,2,0.13,59.1306113537118,0.526666666666667,21.5,88,124,219.5,48.6267341472868,34.6,0.573333333333333,20.5,1493,1637,490.5,748.3,800.2,218.132273333333,893.3,0.0402137851851852,0.634979049350649
Gabus diawetkan,Snakehead,Channa striata,Halmahera Timur,0,Inland,Aquaculture; capture,Dried; salted,channa striata,,channa striata,channa,channidae,anabantiformes,actinopterygii,chordata,animalia,10,0.08,0.12,8.07062015503876,0.302,8.8137037037037,3.88544680851064,1,6.71252918287938,1.09125342857143,43,2,0.13,59.1306113537118,0.526666666666667,21.5,88,124,219.5,48.6267341472868,34.6,0.573333333333333,20.5,1493,1637,490.5,748.3,800.2,218.132273333333,893.3,0.0402137851851852,0.634979049350649
Gabus diawetkan,Snakehead,Channa striata,Pulau Morotai,0,Inland,Aquaculture; capture,Dried; salted,channa striata,,channa striata,channa,channidae,anabantiformes,actinopterygii,chordata,animalia,10,0.08,0.12,8.07062015503876,0.302,8.8137037037037,3.88544680851064,1,6.71252918287938,1.09125342857143,43,2,0.13,59.1306113537118,0.526666666666667,21.5,88,124,219.5,48.6267341472868,34.6,0.573333333333333,20.5,1493,1637,490.5,748.3,800.2,218.132273333333,893.3,0.0402137851851852,0.634979049350649
Gabus diawetkan,Snakehead,Channa striata,Pulau Taliabu,0,Inland,Aquaculture; capture,Dried; salted,channa striata,,channa striata,channa,channidae,anabantiformes,actinopterygii,chordata,animalia,10,0.08,0.12,8.07062015503876,0.302,8.8137037037037,3.88544680851064,1,6.71252918287938,1.09125342857143,43,2,0.13,59.1306113537118,0.526666666666667,21.5,88,124,219.5,48.6267341472868,34.6,0.573333333333333,20.5,1493,1637,490.5,748.3,800.2,218.132273333333,893.3,0.0402137851851852,0.634979049350649
Gabus diawetkan,Snakehead,Channa striata,Kota Ternate,0,Inland,Aquaculture; capture,Dried; salted,channa striata,,channa striata,channa,channidae,anabantiformes,actinopterygii,chordata,animalia,10,0.08,0.12,8.07062015503876,0.302,8.8137037037037,3.88544680851064,1,6.71252918287938,1.09125342857143,43,2,0.13,59.1306113537118,0.526666666666667,21.5,88,124,219.5,48.6267341472868,34.6,0.573333333333333,20.5,1493,1637,490.5,748.3,800.2,218.132273333333,893.3,0.0402137851851852,0.634979049350649
Gabus diawetkan,Snakehead,Channa striata,Kota Tidore Kepulauan,0,Inland,Aquaculture; capture,Dried; salted,channa striata,,channa striata,channa,channidae,anabantiformes,actinopterygii,chordata,animalia,10,0.08,0.12,8.07062015503876,0.302,8.8137037037037,3.88544680851064,1,6.71252918287938,1.09125342857143,43,2,0.13,59.1306113537118,0.526666666666667,21.5,88,124,219.5,48.6267341472868,34.6,0.573333333333333,20.5,1493,1637,490.5,748.3,800.2,218.132273333333,893.3,0.0402137851851852,0.634979049350649
"Ikan dalam kaleng (sardencis, tuna dalam kaleng, dsb)",Other fish,Actinopterygii,Halmahera Barat,0.005,Marine,Capture,Canned,actinopterygii,gigaclass,,,,,actinopterygii,chordata,animalia,13.8786600496278,0.108156948228883,0.139481835564054,8.07062015503876,0.322282442748092,8.8137037037037,3.88544680851064,0.966600985221675,6.71252918287938,1.09125342857143,48.4323324541285,41.5519890510949,0.119954148845129,59.1306113537118,1.58693973504921,35.5844543293718,79.2338849929874,227.872825245684,340.615354746836,48.6267341472868,110.480205255474,1.37506099868101,18.7876695729264,1467.11955156173,1712.61125404762,544.271637493939,765.44533156875,836.389792469512,218.132273333333,956.205573983333,0.0402137851851852,0.634979049350649
"Ikan dalam kaleng (sardencis, tuna dalam kaleng, dsb)",Other fish,Actinopterygii,Halmahera Tengah,0.016,Marine,Capture,Canned,actinopterygii,gigaclass,,,,,actinopterygii,chordata,animalia,13.8786600496278,0.108156948228883,0.139481835564054,8.07062015503876,0.322282442748092,8.8137037037037,3.88544680851064,0.966600985221675,6.71252918287938,1.09125342857143,48.4323324541285,41.5519890510949,0.119954148845129,59.1306113537118,1.58693973504921,35.5844543293718,79.2338849929874,227.872825245684,340.615354746836,48.6267341472868,110.480205255474,1.37506099868101,18.7876695729264,1467.11955156173,1712.61125404762,544.271637493939,765.44533156875,836.389792469512,218.132273333333,956.205573983333,0.0402137851851852,0.634979049350649
"Ikan dalam kaleng (sardencis, tuna dalam kaleng, dsb)",Other fish,Actinopterygii,Kepulauan Sula,0,Marine,Capture,Canned,actinopterygii,gigaclass,,,,,actinopterygii,chordata,animalia,13.8786600496278,0.108156948228883,0.139481835564054,8.07062015503876,0.322282442748092,8.8137037037037,3.88544680851064,0.966600985221675,6.71252918287938,1.09125342857143,48.4323324541285,41.5519890510949,0.119954148845129,59.1306113537118,1.58693973504921,35.5844543293718,79.2338849929874,227.872825245684,340.615354746836,48.6267341472868,110.480205255474,1.37506099868101,18.7876695729264,1467.11955156173,1712.61125404762,544.271637493939,765.44533156875,836.389792469512,218.132273333333,956.205573983333,0.0402137851851852,0.634979049350649
"Ikan dalam kaleng (sardencis, tuna dalam kaleng, dsb)",Other fish,Actinopterygii,Halmahera Selatan,0.002,Marine,Capture,Canned,actinopterygii,gigaclass,,,,,actinopterygii,chordata,animalia,13.8786600496278,0.108156948228883,0.139481835564054,8.07062015503876,0.322282442748092,8.8137037037037,3.88544680851064,0.966600985221675,6.71252918287938,1.09125342857143,48.4323324541285,41.5519890510949,0.119954148845129,59.1306113537118,1.58693973504921,35.5844543293718,79.2338849929874,227.872825245684,340.615354746836,48.6267341472868,110.480205255474,1.37506099868101,18.7876695729264,1467.11955156173,1712.61125404762,544.271637493939,765.44533156875,836.389792469512,218.132273333333,956.205573983333,0.0402137851851852,0.634979049350649
"Ikan dalam kaleng (sardencis, tuna dalam kaleng, dsb)",Other fish,Actinopterygii,Halmahera Utara,0.001,Marine,Capture,Canned,actinopterygii,gigaclass,,,,,actinopterygii,chordata,animalia,13.8786600496278,0.108156948228883,0.139481835564054,8.07062015503876,0.322282442748092,8.8137037037037,3.88544680851064,0.966600985221675,6.71252918287938,1.09125342857143,48.4323324541285,41.5519890510949,0.119954148845129,59.1306113537118,1.58693973504921,35.5844543293718,79.2338849929874,227.872825245684,340.615354746836,48.6267341472868,110.480205255474,1.37506099868101,18.7876695729264,1467.11955156173,1712.61125404762,544.271637493939,765.44533156875,836.389792469512,218.132273333333,956.205573983333,0.0402137851851852,0.634979049350649
"Ikan dalam kaleng (sardencis, tuna dalam kaleng, dsb)",Other fish,Actinopterygii,Halmahera Timur,0.001,Marine,Capture,Canned,actinopterygii,gigaclass,,,,,actinopterygii,chordata,animalia,13.8786600496278,0.108156948228883,0.139481835564054,8.07062015503876,0.322282442748092,8.8137037037037,3.88544680851064,0.966600985221675,6.71252918287938,1.09125342857143,48.4323324541285,41.5519890510949,0.119954148845129,59.1306113537118,1.58693973504921,35.5844543293718,79.2338849929874,227.872825245684,340.615354746836,48.6267341472868,110.480205255474,1.37506099868101,18.7876695729264,1467.11955156173,1712.61125404762,544.271637493939,765.44533156875,836.389792469512,218.132273333333,956.205573983333,0.0402137851851852,0.634979049350649
"Ikan dalam kaleng (sardencis, tuna dalam kaleng, dsb)",Other fish,Actinopterygii,Pulau Morotai,0.005,Marine,Capture,Canned,actinopterygii,gigaclass,,,,,actinopterygii,chordata,animalia,13.8786600496278,0.108156948228883,0.139481835564054,8.07062015503876,0.322282442748092,8.8137037037037,3.88544680851064,0.966600985221675,6.71252918287938,1.09125342857143,48.4323324541285,41.5519890510949,0.119954148845129,59.1306113537118,1.58693973504921,35.5844543293718,79.2338849929874,227.872825245684,340.615354746836,48.6267341472868,110.480205255474,1.37506099868101,18.7876695729264,1467.11955156173,1712.61125404762,544.271637493939,765.44533156875,836.389792469512,218.132273333333,956.205573983333,0.0402137851851852,0.634979049350649
"Ikan dalam kaleng (sardencis, tuna dalam kaleng, dsb)",Other fish,Actinopterygii,Pulau Taliabu,0.001,Marine,Capture,Canned,actinopterygii,gigaclass,,,,,actinopterygii,chordata,animalia,13.8786600496278,0.108156948228883,0.139481835564054,8.07062015503876,0.322282442748092,8.8137037037037,3.88544680851064,0.966600985221675,6.71252918287938,1.09125342857143,48.4323324541285,41.5519890510949,0.119954148845129,59.1306113537118,1.58693973504921,35.5844543293718,79.2338849929874,227.872825245684,340.615354746836,48.6267341472868,110.480205255474,1.37506099868101,18.7876695729264,1467.11955156173,1712.61125404762,544.271637493939,765.44533156875,836.389792469512,218.132273333333,956.205573983333,0.0402137851851852,0.634979049350649
"Ikan dalam kaleng (sardencis, tuna dalam kaleng, dsb)",Other fish,Actinopterygii,Kota Ternate,0,Marine,Capture,Canned,actinopterygii,gigaclass,,,,,actinopterygii,chordata,animalia,13.8786600496278,0.108156948228883,0.139481835564054,8.07062015503876,0.322282442748092,8.8137037037037,3.88544680851064,0.966600985221675,6.71252918287938,1.09125342857143,48.4323324541285,41.5519890510949,0.119954148845129,59.1306113537118,1.58693973504921,35.5844543293718,79.2338849929874,227.872825245684,340.615354746836,48.6267341472868,110.480205255474,1.37506099868101,18.7876695729264,1467.11955156173,1712.61125404762,544.271637493939,765.44533156875,836.389792469512,218.132273333333,956.205573983333,0.0402137851851852,0.634979049350649
"Ikan dalam kaleng (sardencis, tuna dalam kaleng, dsb)",Other fish,Actinopterygii,Kota Tidore Kepulauan,0.001,Marine,Capture,Canned,actinopterygii,gigaclass,,,,,actinopterygii,chordata,animalia,13.8786600496278,0.108156948228883,0.139481835564054,8.07062015503876,0.322282442748092,8.8137037037037,3.88544680851064,0.966600985221675,6.71252918287938,1.09125342857143,48.4323324541285,41.5519890510949,0.119954148845129,59.1306113537118,1.58693973504921,35.5844543293718,79.2338849929874,227.872825245684,340.615354746836,48.6267341472868,110.480205255474,1.37506099868101,18.7876695729264,1467.11955156173,1712.61125404762,544.271637493939,765.44533156875,836.389792469512,218.132273333333,956.205573983333,0.0402137851851852,0.634979049350649
Ikan diawetkan lainnya,Other fish,Actinopterygii,Halmahera Barat,0.01,Inland; marine,Aquaculture; capture,Dried; salted; smoked,actinopterygii,gigaclass,,,,,actinopterygii,chordata,animalia,13.8786600496278,0.108156948228883,0.139481835564054,8.07062015503876,0.322282442748092,8.8137037037037,3.88544680851064,0.966600985221675,6.71252918287938,1.09125342857143,48.4323324541285,41.5519890510949,0.119954148845129,59.1306113537118,1.58693973504921,35.5844543293718,79.2338849929874,227.872825245684,340.615354746836,48.6267341472868,110.480205255474,1.37506099868101,18.7876695729264,1467.11955156173,1712.61125404762,544.271637493939,765.44533156875,836.389792469512,218.132273333333,956.205573983333,0.0402137851851852,0.634979049350649
Ikan diawetkan lainnya,Other fish,Actinopterygii,Halmahera Tengah,0.008,Inland; marine,Aquaculture; capture,Dried; salted; smoked,actinopterygii,gigaclass,,,,,actinopterygii,chordata,animalia,13.8786600496278,0.108156948228883,0.139481835564054,8.07062015503876,0.322282442748092,8.8137037037037,3.88544680851064,0.966600985221675,6.71252918287938,1.09125342857143,48.4323324541285,41.5519890510949,0.119954148845129,59.1306113537118,1.58693973504921,35.5844543293718,79.2338849929874,227.872825245684,340.615354746836,48.6267341472868,110.480205255474,1.37506099868101,18.7876695729264,1467.11955156173,1712.61125404762,544.271637493939,765.44533156875,836.389792469512,218.132273333333,956.205573983333,0.0402137851851852,0.634979049350649
Ikan diawetkan lainnya,Other fish,Actinopterygii,Kepulauan Sula,0.021,Inland; marine,Aquaculture; capture,Dried; salted; smoked,actinopterygii,gigaclass,,,,,actinopterygii,chordata,animalia,13.8786600496278,0.108156948228883,0.139481835564054,8.07062015503876,0.322282442748092,8.8137037037037,3.88544680851064,0.966600985221675,6.71252918287938,1.09125342857143,48.4323324541285,41.5519890510949,0.119954148845129,59.1306113537118,1.58693973504921,35.5844543293718,79.2338849929874,227.872825245684,340.615354746836,48.6267341472868,110.480205255474,1.37506099868101,18.7876695729264,1467.11955156173,1712.61125404762,544.271637493939,765.44533156875,836.389792469512,218.132273333333,956.205573983333,0.0402137851851852,0.634979049350649
Ikan diawetkan lainnya,Other fish,Actinopterygii,Halmahera Selatan,0.044,Inland; marine,Aquaculture; capture,Dried; salted; smoked,actinopterygii,gigaclass,,,,,actinopterygii,chordata,animalia,13.8786600496278,0.108156948228883,0.139481835564054,8.07062015503876,0.322282442748092,8.8137037037037,3.88544680851064,0.966600985221675,6.71252918287938,1.09125342857143,48.4323324541285,41.5519890510949,0.119954148845129,59.1306113537118,1.58693973504921,35.5844543293718,79.2338849929874,227.872825245684,340.615354746836,48.6267341472868,110.480205255474,1.37506099868101,18.7876695729264,1467.11955156173,1712.61125404762,544.271637493939,765.44533156875,836.389792469512,218.132273333333,956.205573983333,0.0402137851851852,0.634979049350649
Ikan diawetkan lainnya,Other fish,Actinopterygii,Halmahera Utara,0.003,Inland; marine,Aquaculture; capture,Dried; salted; smoked,actinopterygii,gigaclass,,,,,actinopterygii,chordata,animalia,13.8786600496278,0.108156948228883,0.139481835564054,8.07062015503876,0.322282442748092,8.8137037037037,3.88544680851064,0.966600985221675,6.71252918287938,1.09125342857143,48.4323324541285,41.5519890510949,0.119954148845129,59.1306113537118,1.58693973504921,35.5844543293718,79.2338849929874,227.872825245684,340.615354746836,48.6267341472868,110.480205255474,1.37506099868101,18.7876695729264,1467.11955156173,1712.61125404762,544.271637493939,765.44533156875,836.389792469512,218.132273333333,956.205573983333,0.0402137851851852,0.634979049350649
Ikan diawetkan lainnya,Other fish,Actinopterygii,Halmahera Timur,0.008,Inland; marine,Aquaculture; capture,Dried; salted; smoked,actinopterygii,gigaclass,,,,,actinopterygii,chordata,animalia,13.8786600496278,0.108156948228883,0.139481835564054,8.07062015503876,0.322282442748092,8.8137037037037,3.88544680851064,0.966600985221675,6.71252918287938,1.09125342857143,48.4323324541285,41.5519890510949,0.119954148845129,59.1306113537118,1.58693973504921,35.5844543293718,79.2338849929874,227.872825245684,340.615354746836,48.6267341472868,110.480205255474,1.37506099868101,18.7876695729264,1467.11955156173,1712.61125404762,544.271637493939,765.44533156875,836.389792469512,218.132273333333,956.205573983333,0.0402137851851852,0.634979049350649
Ikan diawetkan lainnya,Other fish,Actinopterygii,Pulau Morotai,0.003,Inland; marine,Aquaculture; capture,Dried; salted; smoked,actinopterygii,gigaclass,,,,,actinopterygii,chordata,animalia,13.8786600496278,0.108156948228883,0.139481835564054,8.07062015503876,0.322282442748092,8.8137037037037,3.88544680851064,0.966600985221675,6.71252918287938,1.09125342857143,48.4323324541285,41.5519890510949,0.119954148845129,59.1306113537118,1.58693973504921,35.5844543293718,79.2338849929874,227.872825245684,340.615354746836,48.6267341472868,110.480205255474,1.37506099868101,18.7876695729264,1467.11955156173,1712.61125404762,544.271637493939,765.44533156875,836.389792469512,218.132273333333,956.205573983333,0.0402137851851852,0.634979049350649
Ikan diawetkan lainnya,Other fish,Actinopterygii,Pulau Taliabu,0.023,Inland; marine,Aquaculture; capture,Dried; salted; smoked,actinopterygii,gigaclass,,,,,actinopterygii,chordata,animalia,13.8786600496278,0.108156948228883,0.139481835564054,8.07062015503876,0.322282442748092,8.8137037037037,3.88544680851064,0.966600985221675,6.71252918287938,1.09125342857143,48.4323324541285,41.5519890510949,0.119954148845129,59.1306113537118,1.58693973504921,35.5844543293718,79.2338849929874,227.872825245684,340.615354746836,48.6267341472868,110.480205255474,1.37506099868101,18.7876695729264,1467.11955156173,1712.61125404762,544.271637493939,765.44533156875,836.389792469512,218.132273333333,956.205573983333,0.0402137851851852,0.634979049350649
Ikan diawetkan lainnya,Other fish,Actinopterygii,Kota Ternate,0.019,Inland; marine,Aquaculture; capture,Dried; salted; smoked,actinopterygii,gigaclass,,,,,actinopterygii,chordata,animalia,13.8786600496278,0.108156948228883,0.139481835564054,8.07062015503876,0.322282442748092,8.8137037037037,3.88544680851064,0.966600985221675,6.71252918287938,1.09125342857143,48.4323324541285,41.5519890510949,0.119954148845129,59.1306113537118,1.58693973504921,35.5844543293718,79.2338849929874,227.872825245684,340.615354746836,48.6267341472868,110.480205255474,1.37506099868101,18.7876695729264,1467.11955156173,1712.61125404762,544.271637493939,765.44533156875,836.389792469512,218.132273333333,956.205573983333,0.0402137851851852,0.634979049350649
Ikan diawetkan lainnya,Other fish,Actinopterygii,Kota Tidore Kepulauan,0.029,Inland; marine,Aquaculture; capture,Dried; salted; smoked,actinopterygii,gigaclass,,,,,actinopterygii,chordata,animalia,13.8786600496278,0.108156948228883,0.139481835564054,8.07062015503876,0.322282442748092,8.8137037037037,3.88544680851064,0.966600985221675,6.71252918287938,1.09125342857143,48.4323324541285,41.5519890510949,0.119954148845129,59.1306113537118,1.58693973504921,35.5844543293718,79.2338849929874,227.872825245684,340.615354746836,48.6267341472868,110.480205255474,1.37506099868101,18.7876695729264,1467.11955156173,1712.61125404762,544.271637493939,765.44533156875,836.389792469512,218.132273333333,956.205573983333,0.0402137851851852,0.634979049350649
"Udang diawetkan (ebi, rebon)",Acetes shrimp,Acetes spp.,Halmahera Barat,0,Marine,Aquaculture; capture,Dried; salted,acetes,genus,,acetes,sergestidae,decapoda,malacostraca,arthropoda,animalia,3,0.09,0.12,7.05650602409639,0.119080459770115,19.7027027027027,3.32,2,0.0247014925373134,1.82573033707865,78.0600355242566,25.5480769230769,0.523116134453781,50.6137837837838,0.7,45.4041483466667,104.312553191489,216,320,39.6768034188034,360,2.42298622222222,9.6,1389.74759985294,1474.68663962963,452.844154140741,735.184426291262,682.199587138889,277.677777777778,823.533728574074,0.00253878787878788,0.172968315789474
"Udang diawetkan (ebi, rebon)",Acetes shrimp,Acetes spp.,Halmahera Tengah,0,Marine,Aquaculture; capture,Dried; salted,acetes,genus,,acetes,sergestidae,decapoda,malacostraca,arthropoda,animalia,3,0.09,0.12,7.05650602409639,0.119080459770115,19.7027027027027,3.32,2,0.0247014925373134,1.82573033707865,78.0600355242566,25.5480769230769,0.523116134453781,50.6137837837838,0.7,45.4041483466667,104.312553191489,216,320,39.6768034188034,360,2.42298622222222,9.6,1389.74759985294,1474.68663962963,452.844154140741,735.184426291262,682.199587138889,277.677777777778,823.533728574074,0.00253878787878788,0.172968315789474
"Udang diawetkan (ebi, rebon)",Acetes shrimp,Acetes spp.,Kepulauan Sula,0,Marine,Aquaculture; capture,Dried; salted,acetes,genus,,acetes,sergestidae,decapoda,malacostraca,arthropoda,animalia,3,0.09,0.12,7.05650602409639,0.119080459770115,19.7027027027027,3.32,2,0.0247014925373134,1.82573033707865,78.0600355242566,25.5480769230769,0.523116134453781,50.6137837837838,0.7,45.4041483466667,104.312553191489,216,320,39.6768034188034,360,2.42298622222222,9.6,1389.74759985294,1474.68663962963,452.844154140741,735.184426291262,682.199587138889,277.677777777778,823.533728574074,0.00253878787878788,0.172968315789474
"Udang diawetkan (ebi, rebon)",Acetes shrimp,Acetes spp.,Halmahera Selatan,0,Marine,Aquaculture; capture,Dried; salted,acetes,genus,,acetes,sergestidae,decapoda,malacostraca,arthropoda,animalia,3,0.09,0.12,7.05650602409639,0.119080459770115,19.7027027027027,3.32,2,0.0247014925373134,1.82573033707865,78.0600355242566,25.5480769230769,0.523116134453781,50.6137837837838,0.7,45.4041483466667,104.312553191489,216,320,39.6768034188034,360,2.42298622222222,9.6,1389.74759985294,1474.68663962963,452.844154140741,735.184426291262,682.199587138889,277.677777777778,823.533728574074,0.00253878787878788,0.172968315789474
"Udang diawetkan (ebi, rebon)",Acetes shrimp,Acetes spp.,Halmahera Utara,0,Marine,Aquaculture; capture,Dried; salted,acetes,genus,,acetes,sergestidae,decapoda,malacostraca,arthropoda,animalia,3,0.09,0.12,7.05650602409639,0.119080459770115,19.7027027027027,3.32,2,0.0247014925373134,1.82573033707865,78.0600355242566,25.5480769230769,0.523116134453781,50.6137837837838,0.7,45.4041483466667,104.312553191489,216,320,39.6768034188034,360,2.42298622222222,9.6,1389.74759985294,1474.68663962963,452.844154140741,735.184426291262,682.199587138889,277.677777777778,823.533728574074,0.00253878787878788,0.172968315789474
"Udang diawetkan (ebi, rebon)",Acetes shrimp,Acetes spp.,Halmahera Timur,0,Marine,Aquaculture; capture,Dried; salted,acetes,genus,,acetes,sergestidae,decapoda,malacostraca,arthropoda,animalia,3,0.09,0.12,7.05650602409639,0.119080459770115,19.7027027027027,3.32,2,0.0247014925373134,1.82573033707865,78.0600355242566,25.5480769230769,0.523116134453781,50.6137837837838,0.7,45.4041483466667,104.312553191489,216,320,39.6768034188034,360,2.42298622222222,9.6,1389.74759985294,1474.68663962963,452.844154140741,735.184426291262,682.199587138889,277.677777777778,823.533728574074,0.00253878787878788,0.172968315789474
"Udang diawetkan (ebi, rebon)",Acetes shrimp,Acetes spp.,Pulau Morotai,0,Marine,Aquaculture; capture,Dried; salted,acetes,genus,,acetes,sergestidae,decapoda,malacostraca,arthropoda,animalia,3,0.09,0.12,7.05650602409639,0.119080459770115,19.7027027027027,3.32,2,0.0247014925373134,1.82573033707865,78.0600355242566,25.5480769230769,0.523116134453781,50.6137837837838,0.7,45.4041483466667,104.312553191489,216,320,39.6768034188034,360,2.42298622222222,9.6,1389.74759985294,1474.68663962963,452.844154140741,735.184426291262,682.199587138889,277.677777777778,823.533728574074,0.00253878787878788,0.172968315789474
"Udang diawetkan (ebi, rebon)",Acetes shrimp,Acetes spp.,Pulau Taliabu,0,Marine,Aquaculture; capture,Dried; salted,acetes,genus,,acetes,sergestidae,decapoda,malacostraca,arthropoda,animalia,3,0.09,0.12,7.05650602409639,0.119080459770115,19.7027027027027,3.32,2,0.0247014925373134,1.82573033707865,78.0600355242566,25.5480769230769,0.523116134453781,50.6137837837838,0.7,45.4041483466667,104.312553191489,216,320,39.6768034188034,360,2.42298622222222,9.6,1389.74759985294,1474.68663962963,452.844154140741,735.184426291262,682.199587138889,277.677777777778,823.533728574074,0.00253878787878788,0.172968315789474
"Udang diawetkan (ebi, rebon)",Acetes shrimp,Acetes spp.,Kota Ternate,0,Marine,Aquaculture; capture,Dried; salted,acetes,genus,,acetes,sergestidae,decapoda,malacostraca,arthropoda,animalia,3,0.09,0.12,7.05650602409639,0.119080459770115,19.7027027027027,3.32,2,0.0247014925373134,1.82573033707865,78.0600355242566,25.5480769230769,0.523116134453781,50.6137837837838,0.7,45.4041483466667,104.312553191489,216,320,39.6768034188034,360,2.42298622222222,9.6,1389.74759985294,1474.68663962963,452.844154140741,735.184426291262,682.199587138889,277.677777777778,823.533728574074,0.00253878787878788,0.172968315789474
"Udang diawetkan (ebi, rebon)",Acetes shrimp,Acetes spp.,Kota Tidore Kepulauan,0,Marine,Aquaculture; capture,Dried; salted,acetes,genus,,acetes,sergestidae,decapoda,malacostraca,arthropoda,animalia,3,0.09,0.12,7.05650602409639,0.119080459770115,19.7027027027027,3.32,2,0.0247014925373134,1.82573033707865,78.0600355242566,25.5480769230769,0.523116134453781,50.6137837837838,0.7,45.4041483466667,104.312553191489,216,320,39.6768034188034,360,2.42298622222222,9.6,1389.74759985294,1474.68663962963,452.844154140741,735.184426291262,682.199587138889,277.677777777778,823.533728574074,0.00253878787878788,0.172968315789474
"Cumi-cumi, sotong, gurita diawetkan",Cephalopods,Cephalopoda,Halmahera Barat,0.003,Marine,Capture,Dried; salted; smoked,cephalopoda,subclass,,,,,cephalopoda,mollusca,animalia,12.952380952381,0.0576,0.108484848484848,7.85555555555556,0.1125,11.9642857142857,3.39181818181818,2.27333333333333,0.193846153846154,1.74142857142857,26.6337295454545,1.33333333333333,0.56566375,28.8885714285714,1.74330880952381,59.910225,2.109,236.072895238095,307.705263888889,44.1446428571429,280.582671428571,2.34530448275862,16.8189019607843,1250.75,1153.136875,456.717,849.230863636364,780.184375,275.85,771.031583333333,0.00173333333333333,0.504392857142857
"Cumi-cumi, sotong, gurita diawetkan",Cephalopods,Cephalopoda,Halmahera Tengah,0.001,Marine,Capture,Dried; salted; smoked,cephalopoda,subclass,,,,,cephalopoda,mollusca,animalia,12.952380952381,0.0576,0.108484848484848,7.85555555555556,0.1125,11.9642857142857,3.39181818181818,2.27333333333333,0.193846153846154,1.74142857142857,26.6337295454545,1.33333333333333,0.56566375,28.8885714285714,1.74330880952381,59.910225,2.109,236.072895238095,307.705263888889,44.1446428571429,280.582671428571,2.34530448275862,16.8189019607843,1250.75,1153.136875,456.717,849.230863636364,780.184375,275.85,771.031583333333,0.00173333333333333,0.504392857142857
"Cumi-cumi, sotong, gurita diawetkan",Cephalopods,Cephalopoda,Kepulauan Sula,0.002,Marine,Capture,Dried; salted; smoked,cephalopoda,subclass,,,,,cephalopoda,mollusca,animalia,12.952380952381,0.0576,0.108484848484848,7.85555555555556,0.1125,11.9642857142857,3.39181818181818,2.27333333333333,0.193846153846154,1.74142857142857,26.6337295454545,1.33333333333333,0.56566375,28.8885714285714,1.74330880952381,59.910225,2.109,236.072895238095,307.705263888889,44.1446428571429,280.582671428571,2.34530448275862,16.8189019607843,1250.75,1153.136875,456.717,849.230863636364,780.184375,275.85,771.031583333333,0.00173333333333333,0.504392857142857
"Cumi-cumi, sotong, gurita diawetkan",Cephalopods,Cephalopoda,Halmahera Selatan,0,Marine,Capture,Dried; salted; smoked,cephalopoda,subclass,,,,,cephalopoda,mollusca,animalia,12.952380952381,0.0576,0.108484848484848,7.85555555555556,0.1125,11.9642857142857,3.39181818181818,2.27333333333333,0.193846153846154,1.74142857142857,26.6337295454545,1.33333333333333,0.56566375,28.8885714285714,1.74330880952381,59.910225,2.109,236.072895238095,307.705263888889,44.1446428571429,280.582671428571,2.34530448275862,16.8189019607843,1250.75,1153.136875,456.717,849.230863636364,780.184375,275.85,771.031583333333,0.00173333333333333,0.504392857142857
"Cumi-cumi, sotong, gurita diawetkan",Cephalopods,Cephalopoda,Halmahera Utara,0,Marine,Capture,Dried; salted; smoked,cephalopoda,subclass,,,,,cephalopoda,mollusca,animalia,12.952380952381,0.0576,0.108484848484848,7.85555555555556,0.1125,11.9642857142857,3.39181818181818,2.27333333333333,0.193846153846154,1.74142857142857,26.6337295454545,1.33333333333333,0.56566375,28.8885714285714,1.74330880952381,59.910225,2.109,236.072895238095,307.705263888889,44.1446428571429,280.582671428571,2.34530448275862,16.8189019607843,1250.75,1153.136875,456.717,849.230863636364,780.184375,275.85,771.031583333333,0.00173333333333333,0.504392857142857
"Cumi-cumi, sotong, gurita diawetkan",Cephalopods,Cephalopoda,Halmahera Timur,0,Marine,Capture,Dried; salted; smoked,cephalopoda,subclass,,,,,cephalopoda,mollusca,animalia,12.952380952381,0.0576,0.108484848484848,7.85555555555556,0.1125,11.9642857142857,3.39181818181818,2.27333333333333,0.193846153846154,1.74142857142857,26.6337295454545,1.33333333333333,0.56566375,28.8885714285714,1.74330880952381,59.910225,2.109,236.072895238095,307.705263888889,44.1446428571429,280.582671428571,2.34530448275862,16.8189019607843,1250.75,1153.136875,456.717,849.230863636364,780.184375,275.85,771.031583333333,0.00173333333333333,0.504392857142857
"Cumi-cumi, sotong, gurita diawetkan",Cephalopods,Cephalopoda,Pulau Morotai,0.003,Marine,Capture,Dried; salted; smoked,cephalopoda,subclass,,,,,cephalopoda,mollusca,animalia,12.952380952381,0.0576,0.108484848484848,7.85555555555556,0.1125,11.9642857142857,3.39181818181818,2.27333333333333,0.193846153846154,1.74142857142857,26.6337295454545,1.33333333333333,0.56566375,28.8885714285714,1.74330880952381,59.910225,2.109,236.072895238095,307.705263888889,44.1446428571429,280.582671428571,2.34530448275862,16.8189019607843,1250.75,1153.136875,456.717,849.230863636364,780.184375,275.85,771.031583333333,0.00173333333333333,0.504392857142857
"Cumi-cumi, sotong, gurita diawetkan",Cephalopods,Cephalopoda,Pulau Taliabu,0.012,Marine,Capture,Dried; salted; smoked,cephalopoda,subclass,,,,,cephalopoda,mollusca,animalia,12.952380952381,0.0576,0.108484848484848,7.85555555555556,0.1125,11.9642857142857,3.39181818181818,2.27333333333333,0.193846153846154,1.74142857142857,26.6337295454545,1.33333333333333,0.56566375,28.8885714285714,1.74330880952381,59.910225,2.109,236.072895238095,307.705263888889,44.1446428571429,280.582671428571,2.34530448275862,16.8189019607843,1250.75,1153.136875,456.717,849.230863636364,780.184375,275.85,771.031583333333,0.00173333333333333,0.504392857142857
"Cumi-cumi, sotong, gurita diawetkan",Cephalopods,Cephalopoda,Kota Ternate,0,Marine,Capture,Dried; salted; smoked,cephalopoda,subclass,,,,,cephalopoda,mollusca,animalia,12.952380952381,0.0576,0.108484848484848,7.85555555555556,0.1125,11.9642857142857,3.39181818181818,2.27333333333333,0.193846153846154,1.74142857142857,26.6337295454545,1.33333333333333,0.56566375,28.8885714285714,1.74330880952381,59.910225,2.109,236.072895238095,307.705263888889,44.1446428571429,280.582671428571,2.34530448275862,16.8189019607843,1250.75,1153.136875,456.717,849.230863636364,780.184375,275.85,771.031583333333,0.00173333333333333,0.504392857142857
"Cumi-cumi, sotong, gurita diawetkan",Cephalopods,Cephalopoda,Kota Tidore Kepulauan,0,Marine,Capture,Dried; salted; smoked,cephalopoda,subclass,,,,,cephalopoda,mollusca,animalia,12.952380952381,0.0576,0.108484848484848,7.85555555555556,0.1125,11.9642857142857,3.39181818181818,2.27333333333333,0.193846153846154,1.74142857142857,26.6337295454545,1.33333333333333,0.56566375,28.8885714285714,1.74330880952381,59.910225,2.109,236.072895238095,307.705263888889,44.1446428571429,280.582671428571,2.34530448275862,16.8189019607843,1250.75,1153.136875,456.717,849.230863636364,780.184375,275.85,771.031583333333,0.00173333333333333,0.504392857142857
Udang dan hewan air lainnya yang diawetkan lainnya,Shrimp,Penaeus spp.,Halmahera Barat,0.002,Inland; marine,Aquaculture; capture,Dried; salted; smoked,arthropoda,,,,,,,arthropoda,animalia,11.2093949044586,0.0462762762762763,0.087840108401084,7.05650602409639,0.11875,19.7027027027027,3.34796116504854,1.18888888888889,0.0243382352941177,1.83322222222222,79.2605905864198,25.0660377358491,0.523116134453781,50.6137837837838,1.57507050651769,45.7184011375661,102.1425,229.027119685535,285.865754605263,39.6768034188034,268.250938918322,2.41441401606426,18.5084298811771,1389.74759985294,1474.68663962963,452.844154140741,735.184426291262,682.199587138889,277.677777777778,823.533728574074,0.00293470588235294,0.176895729166667
Udang dan hewan air lainnya yang diawetkan lainnya,Shrimp,Penaeus spp.,Halmahera Tengah,0,Inland; marine,Aquaculture; capture,Dried; salted; smoked,arthropoda,,,,,,,arthropoda,animalia,11.2093949044586,0.0462762762762763,0.087840108401084,7.05650602409639,0.11875,19.7027027027027,3.34796116504854,1.18888888888889,0.0243382352941177,1.83322222222222,79.2605905864198,25.0660377358491,0.523116134453781,50.6137837837838,1.57507050651769,45.7184011375661,102.1425,229.027119685535,285.865754605263,39.6768034188034,268.250938918322,2.41441401606426,18.5084298811771,1389.74759985294,1474.68663962963,452.844154140741,735.184426291262,682.199587138889,277.677777777778,823.533728574074,0.00293470588235294,0.176895729166667
Udang dan hewan air lainnya yang diawetkan lainnya,Shrimp,Penaeus spp.,Kepulauan Sula,0,Inland; marine,Aquaculture; capture,Dried; salted; smoked,arthropoda,,,,,,,arthropoda,animalia,11.2093949044586,0.0462762762762763,0.087840108401084,7.05650602409639,0.11875,19.7027027027027,3.34796116504854,1.18888888888889,0.0243382352941177,1.83322222222222,79.2605905864198,25.0660377358491,0.523116134453781,50.6137837837838,1.57507050651769,45.7184011375661,102.1425,229.027119685535,285.865754605263,39.6768034188034,268.250938918322,2.41441401606426,18.5084298811771,1389.74759985294,1474.68663962963,452.844154140741,735.184426291262,682.199587138889,277.677777777778,823.533728574074,0.00293470588235294,0.176895729166667
Udang dan hewan air lainnya yang diawetkan lainnya,Shrimp,Penaeus spp.,Halmahera Selatan,0,Inland; marine,Aquaculture; capture,Dried; salted; smoked,arthropoda,,,,,,,arthropoda,animalia,11.2093949044586,0.0462762762762763,0.087840108401084,7.05650602409639,0.11875,19.7027027027027,3.34796116504854,1.18888888888889,0.0243382352941177,1.83322222222222,79.2605905864198,25.0660377358491,0.523116134453781,50.6137837837838,1.57507050651769,45.7184011375661,102.1425,229.027119685535,285.865754605263,39.6768034188034,268.250938918322,2.41441401606426,18.5084298811771,1389.74759985294,1474.68663962963,452.844154140741,735.184426291262,682.199587138889,277.677777777778,823.533728574074,0.00293470588235294,0.176895729166667
Udang dan hewan air lainnya yang diawetkan lainnya,Shrimp,Penaeus spp.,Halmahera Utara,0,Inland; marine,Aquaculture; capture,Dried; salted; smoked,arthropoda,,,,,,,arthropoda,animalia,11.2093949044586,0.0462762762762763,0.087840108401084,7.05650602409639,0.11875,19.7027027027027,3.34796116504854,1.18888888888889,0.0243382352941177,1.83322222222222,79.2605905864198,25.0660377358491,0.523116134453781,50.6137837837838,1.57507050651769,45.7184011375661,102.1425,229.027119685535,285.865754605263,39.6768034188034,268.250938918322,2.41441401606426,18.5084298811771,1389.74759985294,1474.68663962963,452.844154140741,735.184426291262,682.199587138889,277.677777777778,823.533728574074,0.00293470588235294,0.176895729166667
Udang dan hewan air lainnya yang diawetkan lainnya,Shrimp,Penaeus spp.,Halmahera Timur,0,Inland; marine,Aquaculture; capture,Dried; salted; smoked,arthropoda,,,,,,,arthropoda,animalia,11.2093949044586,0.0462762762762763,0.087840108401084,7.05650602409639,0.11875,19.7027027027027,3.34796116504854,1.18888888888889,0.0243382352941177,1.83322222222222,79.2605905864198,25.0660377358491,0.523116134453781,50.6137837837838,1.57507050651769,45.7184011375661,102.1425,229.027119685535,285.865754605263,39.6768034188034,268.250938918322,2.41441401606426,18.5084298811771,1389.74759985294,1474.68663962963,452.844154140741,735.184426291262,682.199587138889,277.677777777778,823.533728574074,0.00293470588235294,0.176895729166667
Udang dan hewan air lainnya yang diawetkan lainnya,Shrimp,Penaeus spp.,Pulau Morotai,0,Inland; marine,Aquaculture; capture,Dried; salted; smoked,arthropoda,,,,,,,arthropoda,animalia,11.2093949044586,0.0462762762762763,0.087840108401084,7.05650602409639,0.11875,19.7027027027027,3.34796116504854,1.18888888888889,0.0243382352941177,1.83322222222222,79.2605905864198,25.0660377358491,0.523116134453781,50.6137837837838,1.57507050651769,45.7184011375661,102.1425,229.027119685535,285.865754605263,39.6768034188034,268.250938918322,2.41441401606426,18.5084298811771,1389.74759985294,1474.68663962963,452.844154140741,735.184426291262,682.199587138889,277.677777777778,823.533728574074,0.00293470588235294,0.176895729166667
Udang dan hewan air lainnya yang diawetkan lainnya,Shrimp,Penaeus spp.,Pulau Taliabu,0.002,Inland; marine,Aquaculture; capture,Dried; salted; smoked,arthropoda,,,,,,,arthropoda,animalia,11.2093949044586,0.0462762762762763,0.087840108401084,7.05650602409639,0.11875,19.7027027027027,3.34796116504854,1.18888888888889,0.0243382352941177,1.83322222222222,79.2605905864198,25.0660377358491,0.523116134453781,50.6137837837838,1.57507050651769,45.7184011375661,102.1425,229.027119685535,285.865754605263,39.6768034188034,268.250938918322,2.41441401606426,18.5084298811771,1389.74759985294,1474.68663962963,452.844154140741,735.184426291262,682.199587138889,277.677777777778,823.533728574074,0.00293470588235294,0.176895729166667
Udang dan hewan air lainnya yang diawetkan lainnya,Shrimp,Penaeus spp.,Kota Ternate,0,Inland; marine,Aquaculture; capture,Dried; salted; smoked,arthropoda,,,,,,,arthropoda,animalia,11.2093949044586,0.0462762762762763,0.087840108401084,7.05650602409639,0.11875,19.7027027027027,3.34796116504854,1.18888888888889,0.0243382352941177,1.83322222222222,79.2605905864198,25.0660377358491,0.523116134453781,50.6137837837838,1.57507050651769,45.7184011375661,102.1425,229.027119685535,285.865754605263,39.6768034188034,268.250938918322,2.41441401606426,18.5084298811771,1389.74759985294,1474.68663962963,452.844154140741,735.184426291262,682.199587138889,277.677777777778,823.533728574074,0.00293470588235294,0.176895729166667
Udang dan hewan air lainnya yang diawetkan lainnya,Shrimp,Penaeus spp.,Kota Tidore Kepulauan,0,Inland; marine,Aquaculture; capture,Dried; salted; smoked,arthropoda,,,,,,,arthropoda,animalia,11.2093949044586,0.0462762762762763,0.087840108401084,7.05650602409639,0.11875,19.7027027027027,3.34796116504854,1.18888888888889,0.0243382352941177,1.83322222222222,79.2605905864198,25.0660377358491,0.523116134453781,50.6137837837838,1.57507050651769,45.7184011375661,102.1425,229.027119685535,285.865754605263,39.6768034188034,268.250938918322,2.41441401606426,18.5084298811771,1389.74759985294,1474.68663962963,452.844154140741,735.184426291262,682.199587138889,277.677777777778,823.533728574074,0.00293470588235294,0.176895729166667
