food_id,printed_id,food_group_code,food_group,origin,food_and_description,alternate_name,pdf_page,row_status,DEN,ENERC,WATER,PROCNT,FAT,CHOAVLDF,FIBTG,ASH,CA,P,NA,K,FE,CU,ZN,RETOL,CARTB,VITA_RAE,THIA,RIBF,NIA,VITC
AAA19,AAA19,A,Cereals and Products,THA53,"Bread, wholewheat",ขนมปังโฮลวีท(TH),34,primary,-,273,33.5,11.9,5.4,41.3,5.9,2.0,83,-,415,137,1.9,-,-,0,0,0,0.21,0.23,2.60,-
AAA29,AAA29,A,Cereals and Products,"THA17, PHA103",Corn flakes,แผ่นข้าวโพดอบกรอบ(TH),34,primary,-,373,2.6,7.3,0.5,83.1,3.4,3.1,42,46,833,-,9.3,-,-,0,0,0,1.86,7.88,21.30,183
AAA29,AAA29,A,Cereals and Products,"THA17, PHA103",Corn flakes,แผ่นข้าวโพดอบกรอบ(TH),34,duplicate_printing,-,373,2.6,7.3,0.5,83.1,3.4,3.1,42,46,833,-,9.3,-,-,0,0,0,1.86,7.88,21.30,183
AAA22,AAA22,A,Cereals and Products,THA18,"Corn flakes, sugar coated","แผ่นข้าวโพดอบกรอบ, เคลือบนํ้าตาล(TH)",34,primary,-,379,2.5,4.0,0.4,89.1,1.6,2.4,-,-,495,-,-,-,-,-,-,-,-,-,-,-
AAA22,AAA22,A,Cereals and Products,THA18,"Corn flakes, sugar coated","แผ่นข้าวโพดอบกรอบ, เคลือบนํ้าตาล(TH)",34,duplicate_printing,-,379,2.5,4.0,0.4,89.1,1.6,2.4,-,-,495,-,-,-,-,-,-,-,-,-,-,-
AAA38,AAA38,A,Cereals and Products,THA15,"Corn, whole-kernel, raw","ข้าวโพด, ฝัก, ดิบ(TH)",34,primary,,(111),73.4,3.4,1.4,(21.1),-,0.7,10,11,,,1.7,-,-,0,-,-,0.10,0.18,1.10,13
AAA37,AAA37,A,Cereals and Products,"PHA005, THA16","Corn, yellow, on the cob, boiled","Mais sa busal, dilaw, nilaga(PH),  ข้าวโพด, เหลือง, ฝัก, ต้ม(TH)",34,primary,-,142,66.9,3.8,4.3,19.4,5.0,0.6,11,70,-,-,2.4,-,-,0,299,25,0.09,0.08,1.20,3
AAA42,AAA42,A,Cereals and Products,"MYA58,PHA152","Macaroni, dried",Makaroni(MY),34,primary,-,344,11.9,12.1,0.6,70.0,4.9,0.5,26,125,5,41,2.2,-,-,22,0,22,0.29,0.13,2.20,0
AAA47,AAA47,A,Cereals and Products,"MYA28,PHA136","Noodle, rice, dried","Mee-hoon(MY), Fideos(PH)",34,primary,-,(353),11.3,10.5,0.0,(77.7),-,0.5,13,66,7,16,1.3,-,-,0,0,0,0.16,0.06,1.40,0
AAA48,AAA48,A,Cereals and Products,THA8,"Noodle, rice, fermented, fresh",ขนมจีน(TH),34,primary,-,(106),73.8,1.4,0.3,(24.3),-,0.2,14,10,47,10,-,-,-,0,0,0,0.60,-,-,-
AAA78,AAA78,A,Cereals and Products,THA40,"Noodle, rice, vermicelli, dried","เส้นหมี่, อบ/ตาก, แห้ง(TH)",34,primary,-,374,6.5,6.1,0.7,85.1,1.3,0.3,9,49,13,22,2.7,-,-,0,0,0,-,-,-,-
AAA50,AAA50,A,Cereals and Products,"THA4,MYA26","Noodle, rice, fresh, kuih-teow","Kuih-teow(MY), ก๋วยเตี๋ยว
เส้นใหญ่, สด(TH)",34,primary,-,150,63.5,3.0,0.9,32.4,0.1,0.1,5,26,54,50,2.7,-,-,0,0,0,0.03,0.05,0.70,0
AAA79,AAA79,A,Cereals and Products,THA42,"Noodle, wheat, dried,
longevity (Mee-sua)",หมี่ซั่ว (แป้งสาลี 100%)(TH),34,primary,-,311,9.9,12.4,0.9,62.3,2.1,12.4,29,-,3067,-,1.7,-,-,-,-,-,-,-,-,-
AAA53,AAA53,A,Cereals and Products,THA27,"Noodle, wheat, fresh","บะหมี่, สด(TH)",34,primary,-,(299),27.2,12.7,3.3,(54.5),-,2.3,19,90,613,163,2.0,-,-,-,-,,0.01,0.04,-,-
AAA54,AAA54,A,Cereals and Products,"PHA142, THA29","Noodle, wheat, instant, w/ flavour (different flavours)","Mami, inst, may pampalasa(PH), บะหมี่กึ่งสําเร็จรูป, พร้อม เคร่ืองปรุง, รสต่างๆ(หมู เนื้อ กุ้ง ไก่-TH)",34,primary,-,448,4.3,10.5,20.4,53.5,4.1,7.2,27,120,1975,130,0.9,-,-,0,8,1,0.22,0.07,1.50,0
AAA61,AAA61,A,Cereals and Products,"MYA24, VNA8","Rice, flour, glutinous, white","Tepung pulut(MY), B®t gạo nếp(VN)",34,primary,-,360,10.9,7.6,1.3,79.1,0.6,0.5,17,60,16,32,1.1,-,-,22,0,22,0.04,0.08,2.50,0
AAA59,AAA59,A,Cereals and Products,"MYA22, THA24","Rice, glutinous, black, polished, raw","Pulut hitam(MY), ข้าว เหนียวดํา(TH)",34,primary,-,347,12.7,8.5,2.6,69.9,4.9,1.4,21,215,2,82,3.5,-,-,0,36,3,0.39,0.10,2.00,0
AAA60,AAA60,A,Cereals and Products,"PHA012, THA22, VNA1, MYA23","Rice, glutinous, white, polished, raw","Pulut putih(MY), Bigas, malagkit(PH), ข้าวเหนียว
(TH), Gạo nếp cái(VN)",34,primary,-,354,12.6,7.3,1.5,77.4,0.6,0.6,20,81,6,35,1.8,-,-,0,0,0,0.13,0.02,1.40,0
AAA69,AAA69,A,Cereals and Products,"PHA017, THA19","Rice, red, undermilled, raw","Bigas, mapula(PH), ข้าว มันปู(TH)",34,primary,-,356,11.2,6.8,2.7,74.2,4.0,1.1,14,134,-,-,0.8,-,-,0,0,0,0.35,0.05,3.40,0
AAA63,AAA63,A,Cereals and Products,"PHA020,THA11, MYA14","Rice, white, polished, cooked","Nasi(MY), Bigas, maputi, sinaing(PH), ข้าวเจ้า, สุก (TH)",34,primary,-,129,67.3,2.2,0.2,29.4,0.6,0.3,7,27,20,47,0.4,-,-,0,0,0,0.02,0.02,0.70,0
AAA65,AAA65,A,Cereals and Products,"PHA019, THA10, MYA17, VNA2","Rice, white, polished, raw","Beras kilang(MY), Bigas, maputi(PH), ข้าวเจ้า, พันธุ์
ต่างๆ(TH), Gạo tĕ IR8(VN)",34,primary,-,354,11.7,6.8,0.7,79.7,0.6,0.5,19,105,27,71,1.2,0.10,0.5,0,0,0,0.10,0.04,2.60,0
AAA64,AAA64,A,Cereals and Products,THA12,"Rice, white, polished, raw, jasmine variety","ข้าวเจ้า, พันธ์ุหอมมะลิ",34,primary,-,353,11.9,6.1,0.7,80.2,0.8,0.3,5,65,34,113,0.9,0.14,0.1,0,0,0,0.12,0.02,1.50,0
AAA67,AAA67,A,Cereals and Products,"PHA014, THA9, MYA15","Rice, whole-grain, milled by machine, raw","Beras, tidak dikilang(MY), Bigas, undermilled(PH), ข้าวกล้อง(TH)",34,primary,-,353,11.9,7.9,2.1,74.1,2.8,1.2,32,244,33,193,2.2,0.10,0.5,0,0,0,0.33,0.08,5.50,0
AAA62,AAA62,A,Cereals and Products,"MYA16, VNA3","Rice,parboiled, raw",Gạo đồ(VN),34,primary,-,355,11.9,6.9,1.2,78.8,0.5,0.7,21,126,9,45,1.6,-,-,0,0,0,0.19,0.11,3.30,0
AAA74,AAA74,A,Cereals and Products,"THA34, PHA201, MYA33, VNA21","Wheat, flour, all purpose","Tepung gandum(MY), Arina, trigo,
all-purpose(PH), แป้งสาลี
(TH), B®t mỳ(VN)",34,primary,-,354,12.5,11.6,1.3,73.7,0.3,0.6,68,161,4,116,2.8,-,-,0,0,0,0.15,0.10,3.60,0
AAB1,AAB1,B,"Starchy roots, tubers and products","VNB40,PHB025","Arrowroot, flour","Starch, uraro(PH),
Bét dong läc(VN)",35,primary,-,347,13.3,0.4,(0.5),85.1,0.4,0.3,35,21,-,-,4.5,-,-,0,20,2,T,0.01,T,0
AAB6,AAB6,B,"Starchy roots, tubers and products","PHB001,VNB44, THB12,MYB72","Cassava, tuber, fresh, raw","Ubi Kayu(MY), Kamoteng kahoy/Balinghoy(PH), มันสําปะหลัง(TH), Cŭ
s¾n(VN)",35,primary,-,146,61.9,0.8,0.2,34.5,1.7,0.9,32,37,2,198,1.0,-,-,0,5,0,0.05,0.12,0.50,45
AAB8,AAB8,B,"Starchy roots, tubers and products","IDB4,MYB65","Coleus, tuber, raw",Ubi kembili(MY),35,primary,-,(96),75.9,1.4,0.5,(21.4),-,0.8,26,34,9,269,0.7,0.20,0.3,0,0,0,0.11,0.04,1.50,7
AAB10,AAB10,B,"Starchy roots, tubers and products","PHB007,THB11, MYB66","Potato, fresh, raw","Ubi kentang(MY), Patatas(PH), มันฝรั่ง(TH)",35,primary,-,76,79.4,2.2,0.1,15.7,1.6,1.0,24,58,30,176,1.4,-,-,0,0,0,0.12,0.07,1.30,30
AAB12,AAB12,B,"Starchy roots, tubers and products","IDB11,MYB68","Sago, flour",Sagu(MY),35,primary,-,(349),12.8,0.6,0.2,(86.3),-,0.1,11,12,11,4,0.8,0.10,0.1,0,0,0,0.00,0.00,0.10,0
AAB14,AAB14,B,"Starchy roots, tubers and products","PHB009,IDB9, THB10","Sweet potato, purple, fresh, raw","Kamote, murado(PH),
มันเทศ, สีแดง(TH)",35,primary,-,(103),73.6,0.7,0.3,(24.4),-,1.0,26,43,1,1,0.9,T,0.2,0,24,2,0.08,0.04,0.80,23
AAB16,AAB16,B,"Starchy roots, tubers and products","PHB011,IDB8, MYB70","Sweet potato, white, fresh, raw","Ubi keledek(MY), Kamote, puti(PH)",35,primary,-,106,71.9,0.6,0.5,23.5,2.4,1.1,66,31,3,5,0.7,0.10,0.2,0,13,-,0.16,0.07,0.60,36
AAB18,AAB18,B,"Starchy roots, tubers and products","IDB7,THB9","Sweet potato, yellow, fresh, raw","มันเทศ, สีเหลือง(TH)",35,primary,-,94,73.9,0.6,0.3,20.3,4.0,0.9,64,43,3,1,0.4,0.10,0.2,0,756,63,0.08,0.05,0.60,27
AAB20,AAB20,B,"Starchy roots, tubers and products","PHB027,THB5, MYB73","Tapioca, flour","Tepung ubi kayu(MY), Arina, kamoteng kahoy(PH),แป้งมัน สัมปะหลัง(TH)",35,primary,-,(355),11.0,0.8,0.1,(87.6),-,0.5,64,36,1,7,1.0,-,-,0,0,0,0.03,0.02,0.40,0
AAB21,AAB21,B,"Starchy roots, tubers and products","PHB015, MYB75, THB7,VNB43","Taro, fresh, raw","Ubi keladi Cina(MY), Gabi(PH),เผือก(TH),
Khoai n−íc(VN)",35,primary,-,117,68.8,1.7,0.1,26.1,2.4,0.9,49,46,11,252,0.8,0.20,0.8,0,15,1,0.11,0.07,1.00,6
AAB22,AAB22,B,"Starchy roots, tubers and products",THB1,"Water chestnut, Kra-jub, boiled","กระจับ, ต้ม(TH)",35,primary,-,(135),64.8,3.6,0.1,(30.0),-,1.5,23,89,-,-,4.6,-,-,0,-,-,0.27,0.04,0.00,9
AAB26,AAB26,B,"Starchy roots, tubers and products","PHB022,VNB42","Yam, spiny, fresh, raw","Tugi(PH), Khoai m«n(VN)",35,primary,-,118,69.1,1.3,0.2,27.2,1.2,1.0,68,42,-,-,1.2,-,-,0,0,0,0.08,0.03,0.30,9
AAC3,AAC3,C,"Legumes, nuts, seeds and products",THC39,"Bambara groundnut, boiled","ถั่วหรั่ง, ต้ม(TH)",36,primary,-,(160),61.7,7.1,2.8,(26.5),-,1.9,22,127,-,-,-,-,-,0,-,-,0.10,0.18,1.60,-
AAC2,AAC2,C,"Legumes, nuts, seeds and products",THC38,"Bambara groundnut, fresh, raw","ถั่วหรั่ง, ดิบ(TH)",36,primary,-,(180),58.1,8.4,3.8,(28.1),-,1.6,20,143,-,-,-,-,-,0,-,-,-,0.37,2.90,4
AAC4,AAC4,C,"Legumes, nuts, seeds and products","IDC15,VNC58, THC6","Bean, black, dried, raw","ถั่วดํา, เมล็ดแห้ง(TH), §Ëu
®en(VN)",36,primary,-,305,12.1,21.3,1.9,40.0,21.3,3.4,66,362,7,4,9.3,0.90,3.5,0,-,-,0.55,0.19,2.10,3
AAC6,AAC6,C,"Legumes, nuts, seeds and products","THC26,MYC81","Bean, hyacinth, dried, raw","Kacang sepat(MY),  ถั่ว แปะยี, เมล็ดแห้ง(TH)",36,primary,-,(345),11.2,25.7,0.8,(58.8),-,3.5,66,372,43,407,6.5,-,-,0,202,17,0.46,0.12,3.00,0
AAC10,AAC10,C,"Legumes, nuts, seeds and products",THC10,"Broad bean, seed, dried, raw","ถั่วปากอ้า, เมล็ดแห้ง(TH)",36,primary,-,(349),11.9,22.1,1.5,(61.8),-,2.7,90,344,-,1762,6.3,-,-,0,-,-,-,-,-,-
AAC11,AAC11,C,"Legumes, nuts, seeds and products",THC36,"Butterfly pea, seed, dried, dehulled, raw","ถั่วลาย, เมล็ดแห้ง, แยก เปลือก(TH)",36,primary,-,(353),10.9,26.6,2.2,(56.6),-,3.7,-,43,-,-,6.2,-,-,0,-,-,-,1.36,4.70,-
AAC117,AAC117,C,"Legumes, nuts, seeds and products",THC74,"Cashew nut, baked","มะม่วงหิมพานต์, เมล็ด, อบ
(TH)",36,primary,-,557,2.2,23.4,41.8,13.8,16.1,2.7,22,473,-,-,-,-,-,0,-,-,0.86,0.19,1.10,1
AAC16,AAC16,C,"Legumes, nuts, seeds and products",THC72,"Cashew nut, fresh, raw","มะม่วงหิมพานต์, เมล็ดสด
(TH)",36,primary,-,299,50.5,11.6,23.0,9.2,4.5,1.2,11,223,-,-,0.1,-,-,0,-,-,0.36,0.20,0.90,1
AAC18,AAC18,C,"Legumes, nuts, seeds and products","PHC003, MYC112","Chestnut, roasted","Buah berangan/Kao-lak(MY), Kastanyas, binusa(PH)",36,primary,-,224,40.4,4.7,3.6,36.7,12.9,1.7,28,78,5,321,1.5,-,-,0,0,-,0.20,0.09,1.30,14
AAC19,AAC19,C,"Legumes, nuts, seeds and products","PHC004,MYC76","Chickpea, dried, raw","Kacang kuda(MY), Garbansos, tuyo(PH)",36,primary,-,(374),10.1,19.8,5.1,(62.1),-,2.9,137,309,7,835,5.2,-,-,0,10,1,0.31,0.16,1.30,1
AAC17,AAC17,C,"Legumes, nuts, seeds and products",THC5,"Cowpea, catjung, seed, dried, raw","ถั่วขาว, เมล็ดแห้ง(TH)",36,primary,-,(352),10.9,22.5,2.3,(60.3),-,4.0,306,408,-,-,7.5,-,-,0,-,-,0.66,0.11,2.40,-
AAC27,AAC27,C,"Legumes, nuts, seeds and products",THC12,"Cowpea, seed, mixed colours, dried, raw","ถั่วพุ่ม, เมล็ดแห้ง, สีต่างๆ (TH)",36,primary,-,(357),8.7,23.8,2.0,(61.0),-,4.5,66,447,15,8,10.0,-,-,0,-,-,1.01,0.38,3.00,-
AAC118,AAC118,C,"Legumes, nuts, seeds and products",THC65,"Jackfruit, seed, raw","เมล็ดขนุน, ดิบ(TH)",36,primary,-,(153),60.7,5.5,0.2,(32.2),-,1.4,-,105,-,-,2.9,-,-,0,-,-,1.74,-,3.10,24
AAC47,AAC47,C,"Legumes, nuts, seeds and products",THC76,"Job's tears, seed, whole","ลูกเดือย, ดิบ(TH)",36,primary,-,359,10.6,14.6,2.6,67.6,3.6,1.0,19,148,-,-,4.8,-,-,-,-,-,0.34,0.09,2.10,17
AAC48,AAC48,C,"Legumes, nuts, seeds and products","PHC020,THC18","Kidney bean, red, dried, raw","Abitsuwelas buto, pula, tuyo(PH), ถั่วแดงหลวง, เมล็ดแห้ง(TH)",36,primary,-,299,11.6,19.6,1.9,38.8,24.3,3.8,109,388,-,-,6.7,-,-,0,T,-,0.35,0.77,2.40,0
AAC53,AAC53,C,"Legumes, nuts, seeds and products","THC77,PHA134","Mungbean noodle, dried, raw","Sotanghon(PH), วุ้นเส้น, ถั่วเขียว 100 %(TH)",36,primary,-,345,11.5,0.2,0.2,83.2,4.8,0.1,22,10,7,-,1.0,-,-,0,0,0,0.01,0.01,0.10,0
AAC61,AAC61,C,"Legumes, nuts, seeds and products",THC78,"Mungbean noodle, instant, w/ seasonings, mixed flavoures","วุ้นเส้นกึ่งสําเร็จรูป, พร้อม เคร่ืองปรุง, รสต่างๆ(TH)",36,primary,-,353,7.3,1.8,6.9,70.1,1.5,12.4,41,-,3265,70,1.6,-,-,0,0,0,0.05,0.01,-,0
AAC55,AAC55,C,"Legumes, nuts, seeds and products","PHC027,THC15, MYC83,VNC71","Mungbean, seed, green, dried, raw","Kacang hijau(MY), Munggo buto, berde, tuyo(PH), ถั่วเขียว, เมล็ด แห้ง(TH), §Ëu xanh (®Ëu
t¾t)(VN)",36,primary,-,301,10.6,23.2,1.9,34.7,26.1,3.5,97,349,44,863,5.9,1.47,2.7,0,165,14,0.73,0.26,2.50,2
AAC41,AAC41,C,"Legumes, nuts, seeds and products","MYC84,PHC029","Mungbean, seed, red, dried, raw","Kacang merah(MY), Munggo buto, pula, tuyo(PH)",36,primary,-,(343),11.9,18.7,0.7,(65.5),-,3.2,86,317,15,739,6.6,-,-,0,8,1,0.53,0.30,2.20,0
AAC58,AAC58,C,"Legumes, nuts, seeds and products","THC7,PHC031","Mungbean, seed, splited, dried, dehulled, raw (Golden gram)","Munggo buto, dilaw, tuyo(PH), ถั่วทอง(TH)",36,primary,-,329,8.7,24.5,1.2,47.9,14.2,3.5,206,328,23,279,4.3,-,-,0,98,8,0.44,0.38,1.90,0
AAC62,AAC62,C,"Legumes, nuts, seeds and products",THC34,"Pea, seed, dried, raw","ถั่วลันเตา, เมล็ดแห้ง(TH)",36,primary,-,(341),12.2,23.6,1.0,(59.4),-,3.8,-,-,-,-,-,-,-,-,-,-,-,-,-,-
AAC63,AAC63,C,"Legumes, nuts, seeds and products","THC37,MYC124","Peanut/Groundnut, seed, w/ skin, dried, raw","Kacang tanah tanpa kulit(MY), ถั่วลิสง, เมล็ด แห้ง(TH)",36,primary,-,543,6.4,24.9,43.0,5.2,18.0,2.5,69,348,32,483,5.9,1.60,2.0,0,0,0,1.31,0.28,14.70,0
AAC121,AAC121,C,"Legumes, nuts, seeds and products",THC95,"Pumpkin, seed, w/o shell, roasted","เมล็ดฟักทอง, พันธุ์ต่างๆ, แกะเปลือก, คั่ว(TH)",36,primary,-,594,5.4,25.6,49.1,9.7,5.2,5.0,35,789,24,469,6.0,2.00,8.0,0,-,-,-,-,-,-
AAC123,AAC123,C,"Legumes, nuts, seeds and products",THC96,"Pumpkin, seed, w/o shell, baked, salted","เมล็ดฟักทอง, พันธุ์ต่างๆ, แกะเปลือก, อบเกลือ(TH)",36,primary,-,555,8.8,22.9,45.7,10.0,5.9,6.7,40,834,1160,389,7.0,2.00,7.0,0,-,-,-,-,-,-
AAC122,AAC122,C,"Legumes, nuts, seeds and products",THC67,"Pumpkin, seed, w/o shell, fresh, raw","เมล็ดฟักทอง, พันธุ์ต่างๆ, แกะเปลือก, สด(TH)",36,primary,-,384,37.3,16.8,32.5,2.8,6.7,3.9,24,606,16,356,5.0,2.00,5.0,0,-,-,-,-,-,-
AAC71,AAC71,C,"Legumes, nuts, seeds and products",THC29,"Rice bean, seed, dried, raw","ถั่วเล็บมือนาง, เมล็ดแห้ง(TH)",37,primary,-,(345),10.5,18.1,1.2,(65.4),-,4.8,230,209,9,8,2.1,-,-,0,-,-,0.50,0.50,3.60,-
AAC72,AAC72,C,"Legumes, nuts, seeds and products",THC16,"Rice bean, seed, red, dried, raw","ถั่วแดง, เมล็ดแห้ง(TH)",37,primary,-,300,9.7,22.5,2.1,33.9,27.8,4.0,68,370,16,1122,6.4,1.57,2.4,0,-,-,1.09,0.18,2.00,7
AAC73,AAC73,C,"Legumes, nuts, seeds and products",THC3,"Sesame, seed, black, dried, raw",งาดํา(TH),37,primary,-,555,4.5,19.4,46.0,6.3,19.2,4.6,913,555,69,401,15.9,2.20,3.2,0,-,-,0.57,0.61,5.30,-
AAC74,AAC74,C,"Legumes, nuts, seeds and products","PHC043,THC1","Sesame, seed, white, dried, raw","Linga, tuyo(PH), งาขาว
(TH)",37,primary,-,602,3.6,22.8,52.0,0p,21.6,4.6,952,543,48,457,9.5,2.30,4.0,0,0,0,0.67,0.75,5.30,0
AAC90,AAC90,C,"Legumes, nuts, seeds and products",THC58,"Soybean cheese, fermented (Tau-hoo-yee), raw",เต้าหู้ยี(้TH),37,primary,-,(124),58.0,10.6,4.4,(10.4),-,16.6,88,137,3701,260,4.7,-,-,0,-,-,0.03,0.14,1.20,-
AAC125,AAC125,C,"Legumes, nuts, seeds and products",THC48,"Soybean curd, white, hard","เต้าหู้ขาว, แข็ง(TH)",37,primary,-,(118),76.7,12.4,5.9,(3.7),-,1.3,42,157,115,156,3.7,-,-,0,0,0,0.08,0.04,2.60,-
AAC131,AAC131,C,"Legumes, nuts, seeds and products",THC50,"Soybean curd, white, soft (Tau-hoo kao)","เต้าหู้ขาว, อ่อน, จาก ท้องตลาด(TH)",37,primary,-,(60),88.3,5.5,3.4,(1.8),-,1.0,37,62,35,248,1.3,-,-,0,0,0,0.06,0.04,0.90,-
AAC92,AAC92,C,"Legumes, nuts, seeds and products",THC51,"Soybean curd, white, soft, packed in pouch","เต้าหู้ขาว, อ่อน, หลอด(TH)",37,primary,-,(41),92.1,3.8,2.2,(1.4),-,0.5,19,49,-,-,1.0,-,-,0,0,0,-,-,-,-
AAC93,AAC93,C,"Legumes, nuts, seeds and products",THC64,"Soybean flour, defated","ผงถั่วเหลือง, ชนิดสกัด ไขมันออก(TH)",37,primary,-,(362),4.5,48.9,1.1,(39.2),-,6.3,-,-,-,-,-,-,-,0,0,0,-,-,-,-
AAC126,AAC126,C,"Legumes, nuts, seeds and products",THC63,"Soybean flour, full-fat","ผงถั่วเหลือง, ชนิดไขมันเต็ม
(TH)",37,primary,-,449,6.5,36.2,21.4,24.9,6.0,5.0,262,571,54,-,3.9,-,-,0,0,0,-,-,-,-
AAC127,AAC127,C,"Legumes, nuts, seeds and products",THC44,"Soybean paste, black",เต้าเจีย้วดํา(TH),37,primary,-,(89),60.8,8.2,3.4,(6.3),-,21.3,98,81,2800,250,6.8,-,-,0,0,0,-,-,-,-
AAC95,AAC95,C,"Legumes, nuts, seeds and products","MYC89,THC43","Soybean paste, white","Tau-ceo(MY), เต้าเจี้ยวขาว
(TH)",37,primary,-,(134),56.0,10.2,4.6,(13.0),-,16.2,111,136,2171,254,4.9,-,-,0,0,0,0.12,0.16,1.10,0
AAC85,AAC85,C,"Legumes, nuts, seeds and products","PHC045,MYC87","Soybean, seed, black, dried, raw","Kacang soya hitam(MY), Utaw buto, itim, tuyo(PH)",37,primary,-,378,9.6,34.4,13.7,21.1,16.1,5.1,223,377,37,398,6.2,-,-,0,58,5,0.51,0.23,2.70,8
AAC87,AAC87,C,"Legumes, nuts, seeds and products","PHC047,THC33, MYC88","Soybean, seed, yellow, dried, raw","Kacang soya putih(MY), Utaw buto, dilaw, tuyo(PH), ถั่วเหลือง, เมล็ด แห้ง(TH)",37,primary,-,389,8.7,34.6,17.8,11.6,22.0,5.3,260,534,32,994,6.6,1.42,2.9,0,60,5,0.77,0.30,2.00,5
AAC99,AAC99,C,"Legumes, nuts, seeds and products","PHD214,THC32","Soybean, young seed, boiled","Utaw buto, nilaga(PH), ถั่ว
แระ, ต้ม(TH)",37,primary,-,(152),65.0,15.1,4.1,(13.6),-,2.2,167,253,-,-,1.3,-,-,0,89,7,0.29,0.18,1.80,25
AAC101,AAC101,C,"Legumes, nuts, seeds and products","PHD213,THC31","Soybean, young seed, fresh, raw","Utaw buto, sariwa(PH),
ถั่วแระ, ดิบ(TH)",37,primary,-,(162),65.0,14.0,6.9,(10.9),-,3.2,177,217,84,286,2.6,-,-,0,95,8,0.47,0.20,1.60,27
AAC130,AAC130,C,"Legumes, nuts, seeds and products",THC82,"Sugar pea,coated, baked","ถั่วลันเตา, เคลือบ, อบกรอบ
(TH)",37,primary,-,457,1.7,17.9,18.9,49.9,7.7,3.9,41,-,435,-,4.3,-,-,0p,0,0,0.85,0.02,-,-
AAC102,AAC102,C,"Legumes, nuts, seeds and products",THC9,"Sweet pea, dried, dehulled, raw","ถั่วนางหอม, เมล็ดแห้ง, ปอก เปลือก(TH)",37,primary,-,(352),10.2,22.1,1.4,(62.7),-,3.6,227,28,-,-,4.5,-,-,0,-,-,-,0.56,3.90,-
AAC103,AAC103,C,"Legumes, nuts, seeds and products",THC71,"Tamarind, seed, roasted","เมล็ดมะขาม, คั่ว(TH)",37,primary,-,(399),9.6,14.4,7.5,(68.5),-,-,140,289,-,-,3.7,-,-,0,-,-,0.09,0.69,0.20,-
AAC108,AAC108,C,"Legumes, nuts, seeds and products",THC13,"Winged bean, seed, dried, raw","ถั่วพู, เมล็ดแห้ง(TH)",37,primary,-,(424),9.2,34.1,15.5,(37.0),-,4.2,564,636,-,-,9.6,-,-,0,-,-,-,-,-,-
AAD36,AAD36,D,Vegetables and products,THD29,"Acacia pennata (Cha-om), leaf",ชะอม(TH),38,primary,-,59,82.4,10.5,0.5,1.3,3.9,1.4,41,171,42,438,2.5,0.06,0.5,0,1297,108,0.37,0.48,1.90,47
AAD152,AAD152,D,Vegetables and products,THD80,Amaranth,ผักโขมใหญ่(TH),38,primary,-,(36),88.5,3.3,0.3,(5.0),-,2.9,221,77,-,-,2.4,-,-,0,-,,0.02,0.27,0.90,21
AAD2,AAD2,D,Vegetables and products,THD79,"Amaranth, spineless, fresh, raw",ผักโขมน้อย(TH),38,primary,-,27,88.9,3.6,0.5,0.2,3.8,3.0,190,67,44,604,3.1,-,-,0,3059,255,0.03,0.27,1.10,49
AAD3,AAD3,D,Vegetables and products,"MYD130,PHD274","Asparagus, canned",Asparagus dalam tin(MY),38,primary,-,20,93.0,1.7,0.0,2.5,1.7,1.1,18,30,380,79,0.3,-,-,0,0,0,0.05,0.06,0.40,10
AAD4,AAD4,D,Vegetables and products,"THD153, MYD129","Asparagus, fresh, raw","Asparagus(MY),
หน่อไม้ผรั่ง(TH)",38,primary,-,21,93.2,2.6,0.4,0.3,2.8,0.7,12,52,9,191,0.7,0.11,0.5,0,83,7,0.10,0.16,0.80,22
AAD6,AAD6,D,Vegetables and products,"THD150,PHD275","Bamboo shoot, canned, drained","Labong, de lata(PH),
หน่อไม้, ในนํ้า, บรรจุกระป๋อง
, ไม่รวมนํ้า(TH)",38,primary,-,12,95.7,0.9,0.2,0.5,2.4,0.3,34,16,9,-,0.6,-,-,0,15,1,0.01,0.06,0.20,T
AAD8,AAD8,D,Vegetables and products,"THD156,MYD131 PHD010,VND132","Bamboo shoot, spring variety, fresh, raw","Rebung(MY), Labong(PH), หน่อไม้ไผ่ป่า
(TH), M¨ng tre(VN)",38,primary,-,23,91.2,2.0,0.4,0p,5.7,0.9,24,40,23,112,1.0,-,-,0,13,1,0.07,0.09,0.60,5
AAD10,AAD10,D,Vegetables and products,"MYD204, PHD013,VND126,T HD162","Banana, flower and bud, fresh, raw","Jantung pisang(MY),
Puso, saging, butuan(PH), หัวปลี(TH), Hoa chuối(VN)",38,primary,-,32,90.2,1.6,0.7,3.1,3.2,1.2,50,36,3,524,1.1,0.09,0.3,0,201,17,0.02,0.03,0.80,10
AAD13,AAD13,D,Vegetables and products,"THD160,PHD012","Banana, shoot and young stem, fresh, raw","Ubod, saging(PH), หยวก กล้วย(TH)",38,primary,-,(13),95.9,0.7,0.1,(2.4),-,0.9,21,34,-,-,0.2,-,-,0,4,0,0.01,0.02,0.30,0
AAD15,AAD15,D,Vegetables and products,"VND112,THD38,M YD135, PHD206","Bean, mixed variety, pod, fresh, raw","Kacang buncis(MY), Abitsuwelas bunga, berde(PH), ถั่วแขก(TH), §
Ëu c« ve(VN)",38,primary,-,35,90.6,2.1,0.2,5.9,0.5,0.7,61,45,68,113,1.0,-,-,0,698,58,0.10,0.12,0.80,19
AAD136,AAD136,D,Vegetables and products,"MYD137,PHD016","Beetroot, fresh, raw","Akar bit(MY), Remolacha(PH)",38,primary,-,37,88.7,1.6,0.1,6.2,2.4,1.0,54,47,26,369,1.1,-,-,0,0,0,0.03,0.05,0.30,8
AAD19,AAD19,D,Vegetables and products,"VND139,THD103 MYD196,PHD170","Bell pepper, green, capsicum, fresh, raw","Lada hijau besar(MY), Sili, sweet/ bell, bilog, berde(PH), พริกยักษ์/พริก
หวาน(TH),   ít xanh to(VN)",38,primary,-,23,93.3,1.1,0.3,3.2,1.7,0.4,9,24,13,126,1.0,0.08,0.2,0,190,16,0.07,0.04,0.50,97
AAD22,AAD22,D,Vegetables and products,"THD50,MYD139","Broccoli, fresh, raw","Brokoli(MY), บร็อคโคลี่(TH)",38,primary,-,26,91.2,3.4,0.1,1.4,2.9,1.0,34,57,22,261,0.9,0.04,0.5,0,283,24,0.08,0.18,1.20,107
AAD23,AAD23,D,Vegetables and products,"IDD66,MYD142, THD69,THD71, VND99,PHD160","Cabbage, Chinese, fresh, raw","Pak-coy(MY), ผักกาดขาว/ ผักกาดขาวใบห่อ(TH), C¶i
th×a (c¶i tr¾ng)(VN)",38,primary,-,18,94.0,1.7,0.2,1.5,1.7,0.9,60,34,22,201,1.6,0.10,0.2,0,1463,122,0.07,0.12,0.60,33
AAD24,AAD24,D,Vegetables and products,"MYD143, VND178","Cabbage, Chinese, salted","Hum-coy(MY), DGa c¶i b¾p(VN)",38,primary,-,34,86.2,1.4,0.3,5.4,2.1,4.6,59,25,1512,1455,1.6,-,-,0,0,0,0.00,0.02,0.00,10
AAD25,AAD25,D,Vegetables and products,"MYD141,PHD054","Cabbage, Chinese, wongbok, fresh, raw","Wong-nga-paak(MY), Pechay Baguio(PH)",38,primary,-,16,94.7,1.7,0.4,0.6,1.7,0.9,130,24,4,290,1.5,-,-,0,829,69,0.06,0.07,0.70,36
AAD134,AAD134,D,Vegetables and products,THD66,"Cabbage, Chinese/ Flowering white cabbage, flower","ผักกวางตุ้ง, ดอก(TH)",38,primary,-,(28),93.2,1.7,0.2,(4.9),2.1,-,-,-,-,-,-,-,-,0,1322,110,-,-,-,-
AAD56,AAD56,D,Vegetables and products,THD65,"Cabbage, Chinese/ Flowering white cabbage, raw",ผักกวางตุ้ง(TH),38,primary,-,20,93.3,1.9,0.2,1.5,2.1,1.0,115,37,110,227,1.3,0.04,0.5,0,2306,192,0.05,0.24,0.60,51
AAD26,AAD26,D,Vegetables and products,"IDD57,VND93, THD10,MYD144, PHD035","Cabbage, common, fresh, raw","Kobis(MY), Repolyo, berde(PH), กระหลํ่าปลี
(TH), C¶i b¾p(VN)",38,primary,-,25,92.2,1.5,0.3,3.2,1.9,0.9,51,30,29,243,1.0,0.30,0.3,0,47,4,0.06,0.07,0.30,32
AAD28,AAD28,D,Vegetables and products,"VND90,THD27, MYD145,PHD039","Carrot, raw","Lobak merah(MY), แครอท
(TH), Cμ rốt (cŭ ®ŏ, vμng)(VN)",38,primary,-,35,88.4,1.5,0.2,4.9,4.0,1.0,80,43,98,237,0.7,0.07,0.2,0,4346,362,0.06,0.07,0.60,12
AAD29,AAD29,D,Vegetables and products,"MYD146,PHD042","Cashew nut, leaf and top, raw","Pucuk  janggus/gajus(MY), Kasuy dahon, nilaga(PH)",39,primary,-,(48),87.4,3.1,0.2,(8.5),-,0.8,56,36,8,384,2.4,-,-,0,2568,214,0.01,0.64,0.60,72
AAD30,AAD30,D,Vegetables and products,"VND202,THD137 MYD224, PHD043","Cassava, young leaf and top, raw","Pucuk ubi kayu(MY), Kamoteng kahoy/ Balinghoy dahon(PH), มัน สัมปะหลัง, ยอด(TH), La
sắn tGÐI(VN)",39,primary,-,65,81.1,6.3,0.7,6.1,4.6,1.2,158,51,20,28,1.6,-,-,0,3882,324,0.19,0.45,1.90,211
AAD31,AAD31,D,Vegetables and products,THD20,"Cassia, flower, raw","ขี้เหล็ก, ดอก(TH)",39,primary,-,(102),73.9,4.2,0.5,(20.1),-,1.3,19,25,-,-,1.5,-,-,0,-,-,0.11,0.54,1.80,441
AAD32,AAD32,D,Vegetables and products,THD21,"Cassia, leaf, raw","ขี้เหล็ก, ใบ(TH)",39,primary,-,104,70.2,6.3,0.7,15.1,5.8,1.9,125,129,39,521,2.4,-,-,0,240,20,0.42,0.63,3.20,56
AAD33,AAD33,D,Vegetables and products,THD22,"Cassia, tender tip, raw","ขี้เหล็ก, ยอด(TH)",39,primary,-,(65),83.9,4.5,0.9,(9.7),-,1.0,51,79,45,386,0.5,-,-,0,-,-,-,0.36,2.60,2
AAD34,AAD34,D,Vegetables and products,"MYD147,THD9,VN D167,PHD045","Cauliflower, inflorescence, raw","Bunga kobis(MY), กระ หลํ่าดอก(TH), Súp lÐ(VN)",39,primary,-,30,90.9,2.6,0.1,3.9,1.7,0.8,28,48,51,205,0.8,-,-,0,26,2,0.10,0.10,0.70,68
AAD35,AAD35,D,Vegetables and products,"VND101,THD86,M YD149,PHD047","Celery, leaf and petiole, raw","Daun seladeri(MY), Baguio celery dahon at tangkay(PH), ผักคื่นช่าย
(TH), Cần tây(VN)",39,primary,-,25,91.1,1.3,0.2,3.2,2.6,1.6,164,35,82,329,2.5,0.10,0.5,0,80,7,0.03,0.09,0.50,21
AAD37,AAD37,D,Vegetables and products,"VND168,PHD050","Chayote, fruit, raw","Sayote bunga(PH), Su su(VN)",39,primary,-,(21),94.4,0.6,(0.1),(4.5),-,0.4,24,10,-,-,0.4,-,-,0,35,3,0.02,0.02,0.40,10
AAD155,AAD155,D,Vegetables and products,THD75,"Chinese radish, leaf, sweet pickled","หัวผักกาด, ดอง, หวาน(TH)",39,primary,-,(55),72.5,1.3,0.2,(12),-,14.0,-,-,-,-,-,-,-,0,-,-,-,-,-,-
AAD40,AAD40,D,Vegetables and products,"VND96,THD33, MYD156,PHD066","Chrysanthemum, leaf, raw","Tong-ho(MY), Tango dahon(PH), ตั้งโอ๋, ใบ(TH),
Căi cúc(VN)",39,primary,-,18,93.8,2.2,0.4,0.3,2.0,1.3,76,33,63,452,2.1,0.10,0.5,0,2915,243,0.06,0.16,0.50,20
AAD41,AAD41,D,Vegetables and products,"VND153, MYD157,PHD060 THD87","Coriander, leaf, raw","Daun ketumbar / Yuen-sai(MY), Unsuy
dahon(PH), ผักชี(TH), Rau mùi(VN)",39,primary,-,27,90.3,2.5,0.2,2.2,3.0,1.8,127,46,23,544,2.6,0.10,0.2,0,2587,216,0.10,0.39,1.00,127
AAD42,AAD42,D,Vegetables and products,THD16,"Corn, baby",ข้าวโพดอ่อน(TH),39,primary,-,27,91.7,1.9,0.2,3.6,1.5,1.1,9,49,279,182,0.4,0.08,0.6,0,-,-,0.09,0.13,0.70,24
AAD43,AAD43,D,Vegetables and products,THD17,"Corn, baby, in brine, canned, drained","ข้าวโพดอ่อน, ในนํ้าเกลือ, บรรจุกระป๋อง, ไม่รวมนํ้า(TH)",39,primary,-,24,92.2,1.6,0.4,2.4,2.4,1.0,7,-,254,-,-,-,-,0,-,-,-,-,-,-
AAD44,AAD44,D,Vegetables and products,"VND113,THD45, PHD063","Cowpea, mixed variety, pod, fresh, raw","Paayap bunga(PH), ถั่วพุ่ม
, ฝักสด(TH), ÐËu đũa(VN)",39,primary,-,45,86.1,4.1,0.2,4.8,4.0,0.8,69,40,28,93,1.2,-,-,0,346,29,0.18,0.16,1.60,29
AAD46,AAD46,D,Vegetables and products,"THD37,VND110,VN D111, MYD158,PHD069","Cucumber, long","Timun(MY), Pipino(PH),
แตงร้าน(TH), DGa chu®t/DGa gang(VN)",39,primary,-,16,95.4,0.6,0.1,2.8,0.7,0.4,18,22,14,118,0.4,-,-,0,27,2,0.03,0.04,0.20,8
AAD45,AAD45,D,Vegetables and products,THD34,"Cucumber, small",แตงกวา(TH),39,primary,-,21,93.9,0.8,0.1,3.7,1.0,0.5,20,28,5,166,0.4,0.05,0.2,0,52,4,0.04,0.05,0.30,12
AAD52,AAD52,D,Vegetables and products,"THD123,VND92,M YD162,PHD073","Egg plant, purple, raw","Terung(MY), Talong(PH),
มะเขือม่วง(TH), Cμ tím(VN)",39,primary,-,(32),91.6,1.3,0.1,(6.4),-,0.6,20,29,9,55,0.6,-,-,0,85,7,0.08,0.06,0.70,18
AAD50,AAD50,D,Vegetables and products,THD124,"Eggplant/aubergine, green, long, raw",มะเขือยาว(TH),39,primary,-,22,92.9,1.0,0.1,3.2,2.3,0.5,15,37,5,155,0.4,0.10,0.2,0,-,-,0.06,0.09,0.50,4
AAD51,AAD51,D,Vegetables and products,THD121,"Eggplant/brinjal, pickled","มะเขือเปราะ, ดอง(TH)",39,primary,-,(27),90.6,1.1,0.2,(5.1),-,3.0,-,-,-,-,-,-,-,0,-,-,-,-,-,-
AAD54,AAD54,D,Vegetables and products,THD120,"Eggplant/brinjal, raw",มะเขือเปราะ(TH),39,primary,-,31,90.2,1.5,0.2,4.5,2.8,0.8,22,37,12,251,0.9,0.13,0.2,0,62,5,0.07,0.04,0.70,8
AAD154,AAD154,D,Vegetables and products,THD88,Fennel,ผักชีฝรั่ง(TH),39,primary,-,(42),88.3,2.5,0.4,(7.2),-,1.6,79,48,70,439,2.3,-,-,0,5203,434,-,0.22,1.20,23
AAD55,AAD55,D,Vegetables and products,"IDD60,PHD077","Fern, leaf, raw",Tukod langit dahon(PH),40,primary,-,(63),84.9,3.2,1.4,(9.4),-,1.1,39,74,23,231,1.1,0.23,0.3,0,1859,155,0.34,0.17,0.60,26
AAD57,AAD57,D,Vegetables and products,"THD7,MYD165, PHD085","Garlic, leaf, raw","Pucuk bawang putih(MY), Bawang dahon(PH), กระเทียม, ต้น(TH)",40,primary,-,32,89.7,2.4,0.3,2.9,3.8,0.9,70,45,5,210,0.7,-,-,0,1344,112,0.07,0.12,0.60,27
AAD59,AAD59,D,Vegetables and products,"PHD020,THD128","Gourd, bitter, leaf and top, raw","Ampalaya dahon(PH),
มะระ, ยอด(สะไล)(TH)",40,primary,-,68,85.6,4.5,4.5,0p,4.5,1.7,207,69,-,-,3.2,-,-,0,3985,332,0.16,0.34,1.40,65
AAD60,AAD60,D,Vegetables and products,"PHD018,THD129 VND134, MYD166","Gourd, bitter, mixed variety, raw","Peria(MY), Ampalaya bunga(PH),  มะระจีน(TH),
MGóp đắng(VN)",40,primary,-,16,94.0,0.9,0.1,1.5,2.8,0.7,33,26,12,155,0.7,0.00,0.1,0,170,14,0.06,0.05,0.20,42
AAD62,AAD62,D,Vegetables and products,"PHD025,THD49, MYD167,VND83","Gourd, bottle, raw","Labu jantung(MY), Upo bunga(PH), นํ้าเต้า(TH),
Bỗu(VN)",40,primary,-,20,95.1,0.5,1.0,1.5,1.5,0.4,19,16,4,130,0.3,0.10,0.1,0,11,1,0.03,0.03,0.50,12
AAD63,AAD63,D,Vegetables and products,"THD54,MYD168, PHD205","Gourd, snake, raw","Ketola ular(MY), Pakupis bunga(PH), บวบงู(TH)",40,primary,-,17,94.6,0.8,0.1,2.1,2.1,0.3,15,7,8,51,0.8,-,-,0,76,,0.03,0.05,0.40,13
AAD64,AAD64,D,Vegetables and products,"THD53,VND133,M YD180","Gourd, sponge, raw","Ketola air(MY), บวบกลม
(TH), MGóp(VN)",40,primary,-,21,94.1,0.9,0.3,3.0,1.2,0.5,23,30,16,109,0.4,-,-,0,10,1,0.04,0.04,0.30,6
AAD65,AAD65,D,Vegetables and products,"VND84,MYD169,P HD269,THD107","Gourd, wax, mixed variety, raw","Kundur/Tong-kuah(MY), Kundol bunga(PH), ฟัก เขียว(TH), Bí đao (bí
xanh)(VN)",40,primary,-,16,94.9,0.5,0.2,2.3,1.7,0.4,21,20,5,135,0.3,0.02,0.1,0,0,0,0.02,0.13,0.20,39
AAD61,AAD61,D,Vegetables and products,THD130,"Gourd/cucumber, bitter, Thai variety, raw",มะระไทย/มะระขี้นก(TH),40,primary,-,20,92.4,1.4,0.4,0.5,4.2,1.1,3,5,-,-,0.4,0.08,0.2,0,23,2,0.09,0.05,-,147
AAD48,AAD48,D,Vegetables and products,THD132,"Horseradish, leaf, raw","มะรุม, ใบ(TH)",40,primary,-,(47),86.2,2.9,0.1,(8.7),-,2.1,-,-,-,-,-,-,-,0,2872,239,-,-,-,-
AAD160,AAD160,D,Vegetables and products,"PHD094,MYD161","Horseradish-tree, leaf, raw","Daun kelor/Remunggai(MY), Malunggay dahon(PH)",40,primary,-,(90),76.5,6.0,1.1,(14.1),-,2.3,304,96,9,426,3.8,-,-,0,5336,445,0.24,0.62,3.70,169
AAD49,AAD49,D,Vegetables and products,"PHD100,THD133 MYD160","Horseradish-tree, pod, raw","Kelor/Remunggai(MY), Malunggay bunga(PH), มะรุม, ฝัก(TH)",40,primary,-,(63),83.6,3.2,0.3,(11.9),-,1.0,24,36,3,222,0.9,-,-,0,68,6,0.05,0.09,0.50,239
AAD67,AAD67,D,Vegetables and products,"MYD170, VND196,THD60","Indian pennywort, leaf, raw","Pegaga(MY), บัวบก, ใบ
(TH), Rau má, má mÐ(VN)",40,primary,-,34,87.8,2.3,0.4,3.1,4.5,1.9,182,21,21,391,4.8,-,-,0,1946,162,0.17,0.14,0.10,30
AAD58,AAD58,D,Vegetables and products,THD91,"Ivygourd, fresh, raw",ผักตําลึง(TH),40,primary,,26,91.0,3.6,0.2,1.2,2.7,1.3,57,69,19,166,1.4,0.14,0.5,0,4036,336,0.11,0.17,0.80,13
AAD68,AAD68,D,Vegetables and products,"PHD104,THD15","Jackfruit, unripe","Langka, hilaw(PH), ขนุน อ่อน(TH)",40,primary,-,38,86.7,1.9,0.6,2.5,7.6,0.7,49,13,-,-,0.5,-,-,0,18,2,0.31,0.05,0.50,14
AAD71,AAD71,D,Vegetables and products,"PHD107,VND145","Jute, leaf, raw","Saluyot dahon(PH), Rau đay (VN)",40,primary,,(50),87.2,4.7,(1.0),(5.5),-,1.6,335,86,-,-,8.7,-,-,0,5515,460,0.11,0.21,1.10,86
AAD72,AAD72,D,Vegetables and products,"MYD173,THD85","Kale, Chinese, raw","Kai-lan-coy(MY), ผักคะน้า, ยอดอ่อน(TH)",40,primary,-,(38),89.4,2.7,0.3,(6.1),-,1.5,178,20,17,331,2.5,-,-,0,2641,220,0.09,0.16,0.90,117
AAD153,AAD153,D,Vegetables and products,"MYD177, VND172","Leek, Chinese, onion fragant","Tai-suen(MY), Tŏi tây (că lá)(VN)",40,primary,,(34),90.7,1.7,0.1,(6.5),-,1.0,48,67,2,45,1.2,-,0.4,0,-,,0.06,0.05,0.30,17
AAD74,AAD74,D,Vegetables and products,"PHD113,THD13, VND125","Leek, Chinese, raw","Kutsay dahon(PH), กุยช่าย
, ใบ(TH), Hẹ lá(VN)",40,primary,-,23,92.3,2.3,0.2,1.7,2.7,0.8,68,46,12,247,7.1,0.06,0.3,0,1509,126,0.05,0.11,1.00,18
AAD75,AAD75,D,Vegetables and products,"PHD115,THD77, VND144, MYD178","Lettuce, garden, leaf and petiole","Daun salad/Sang-coy (MY), Letsugas dahon at tangkay(PH),  ผักกาดหอม
(TH), Rau diếp(VN)",40,primary,-,15,94.7,1.3,0.1,1.3,1.8,0.8,62,32,19,190,1.8,-,-,0,1555,130,0.06,0.13,0.40,23
AAD76,AAD76,D,Vegetables and products,"THD59,MYD179, PHD219","Loofah, angled","Ketola segi(MY), Patola bunga(PH), บวบเหลี่ยม(TH)",41,primary,-,21,94.0,0.8,0.3,3.0,1.4,0.5,19,16,25,119,0.7,0.05,0.1,0,18,2,0.05,0.04,0.40,6
AAD80,AAD80,D,Vegetables and products,"PHD131,VND118 THD39,MYD185","Mung bean, sprout, raw","Tau-geh(MY), Toge(PH),
ถั่วงอก(TH), Giá đËu xanh(VN)",41,primary,-,41,88.2,4.3,0.2,4.1,2.6,0.6,29,73,13,106,1.4,0.13,0.5,0,28,2,0.11,0.14,0.80,23
AAD81,AAD81,D,Vegetables and products,THD40,"Mung bean, sprout, in brine, canned","ถั่วงอก, ในนํ้าเกลือ, บรรจุ กระป๋อง(TH)",41,primary,-,23,92.5,1.5,0.1,3.0,1.9,1.0,33,-,313,-,0.3,-,-,0,-,-,-,-,-,2
AAD82,AAD82,D,Vegetables and products,THD175,"Mushroom, abalone, raw",เห็ดเป๋าฮือ้(TH),41,primary,-,(45),88.6,2.6,0.9,(6.7),-,1.2,7,85,45,487,1.3,0.04,0.1,0,-,-,0.07,0.27,2.80,8
AAD84,AAD84,D,Vegetables and products,THD167,"Mushroom, button/ champignon, canned in brine, drained","เห็ดแชมปิยอง, ในนํ้าเกลือ, บรรจุกระป๋อง, ไม่รวมนํ้า(TH)",41,primary,-,31,90.2,4.0,0.5,1.1,3.2,1.0,16,42,394,27,0.8,0.33,3.4,0,-,-,-,-,-,4
AAD83,AAD83,D,Vegetables and products,THD165,"Mushroom, button/ champignon, raw",เห็ดกระดุม(TH),41,primary,-,(33),90.5,4.7,0.2,(3.2),-,1.4,9,139,8,528,5.7,0.38,0.2,0,-,-,-,-,5.50,4
AAD85,AAD85,D,Vegetables and products,"MYD186,THD182","Mushroom, Chinese/ shiitake, dried, raw","Cendawan Cina, kering(MY), เห็ดหอม, แห้ง(TH)",41,primary,-,(333),13.2,16.0,1.0,(64.9),-,4.9,22,345,31,2103,3.6,0.75,6.6,0,0,0,0.07,1.50,12.30,9
AAD118,AAD118,D,Vegetables and products,THD181,"Mushroom, Chinese/ shiitake, fresh, raw","เห็ดหอม, สด(TH)",41,primary,-,(32),91.6,2.2,0.1,(5.5),-,0.6,6,46,7,237,1.1,0.08,0.1,0,-,-,-,1.03,3.20,-
AAD88,AAD88,D,Vegetables and products,THD177,"Mushroom, Chinese/straw, fresh, raw",เห็ดฟาง(TH),41,primary,-,31,90.8,3.0,0.2,3.6,1.4,1.0,6,101,21,317,1.0,0.38,0.3,0,-,-,0.09,0.32,6.40,9
AAD87,AAD87,D,Vegetables and products,"MYD187,THD174","Mushroom, grey, oyster, fresh, raw","Cendawan tiram, segar(MY),  เห็ดนางรม(TH)",41,primary,-,(40),89.9,3.2,0.5,(5.7),-,0.7,4,78,22,214,1.5,0.06,0.2,0,0,0,0.04,0.31,3.90,10
AAD69,AAD69,D,Vegetables and products,"THD184,VND193 MYD171,PHD277","Mushroom, Jew's ear/black wood ear, dried, raw","Mook-yi(MY), Tengang daga, tuyo(PH), เห็ดหูหนู,
แห้ง(TH), M®c nhĩ(VN)",41,primary,-,243,11.4,8.3,0.3,27.6,48.4,4.0,223,209,181,756,20.1,0.30,5.7,0,11,1,0.07,0.62,2.80,2
AAD70,AAD70,D,Vegetables and products,THD183,"Mushrooms, Jew's ear/ black wood ear, fresh, raw","เห็ดหูหนู, สด(TH)",41,primary,-,23,89.8,0.8,0.1,0.7,8.2,0.4,23,15,28,54,0.5,0.03,0.1,0,-,-,0.01,0.14,0.20,1
AAD138,AAD138,D,Vegetables and products,"VND97,MYD189","Mustard green, India (leaf and stem)","Kai-coy(MY), Căi sen(VN)",41,primary,-,18,94.3,1.7,0.4,1.0,1.8,0.8,68,17,16,319,1.5,-,-,0,1492,124,0.07,0.17,0.50,63
AAD89,AAD89,D,Vegetables and products,"VND179,PHD281 THD76","Mustard, Chinese, leaf, pickled","Mustasa dahon, buro(PH), ผักกาดเขียว, ดองเปร้ียว(TH), DGa căi
Bŭ(VN)",41,primary,-,(21),91.5,1.5,0.2,(3.40),-,3.4,79,248,-,-,5.7,-,-,0,966,81,0.02,0.03,0.40,20
AAD90,AAD90,D,Vegetables and products,"PHD134,THD73, MYD188","Mustard, leaf, raw","Sawi/Coy-sam(MY), Mustasa dahon(PH), ผักกาดเขียว(TH)",41,primary,-,(28),92.5,2.2,0.5,(3.7),-,1.1,152,49,11,426,2.5,-,-,0,1901,158,0.06,0.16,0.90,80
AAD91,AAD91,D,Vegetables and products,THD143,"Neem, leaf and tip","สะเดา, ใบและยอด(TH)",41,primary,-,78,73.3,5.6,0.4,7.3,11.6,1.8,162,70,12,331,2.7,0.14,0.4,0,4810,401,0.06,0.11,2.50,92
AAD73,AAD73,D,Vegetables and products,"MYD176,THD2","Okra (Lady's fingers), young pod, raw","Kacang bendi(MY),
กระเจี๊ยบมอญ, ฝักอ่อน(TH)",41,primary,-,(31),91.9,1.6,0.2,(5.6),-,0.7,44,17,26,68,1.3,-,-,0,171,14,0.08,0.12,1.20,17
AAD94,AAD94,D,Vegetables and products,THD31,"Onion, flower","ต้นหอม, ดอก(TH)",41,primary,-,(23),94.0,1.2,0.1,(4.2),-,0.5,23,25,-,-,0.6,-,-,0,378,32,0.04,0.10,0.20,19
AAD96,AAD96,D,Vegetables and products,"PHD147,MYD221","Onion, spring, fresh, raw","Daun Bawang(MY), Sibuyas, mura(PH)",41,primary,-,39,89.2,2.2,0.7,4.6,2.6,0.7,55,39,16,137,2.3,-,-,0,2848,237,0.06,0.09,0.30,42
AAD97,AAD97,D,Vegetables and products,"PHD154,THD134 VND116","Papaya, unripe, raw","มะละกอ, ดิบ(TH), Ðu đŭ xanh(VN)",41,primary,-,24,92.6,0.8,0.1,4.0,2.0,0.5,47,32,21,203,0.6,0.01,0.0,0,0,0,0.04,0.03,0.30,29
AAD103,AAD103,D,Vegetables and products,"THD144, MYD203","Parkia, seed, raw","Petai(MY), สะตอ, เมล็ด(TH)",41,primary,-,124,69.9,9.0,2.9,14.2,2.7,1.3,101,43,47,376,2.1,-,-,0,151,13,0.13,0.11,0.80,28
AAD99,AAD99,D,Vegetables and products,"PHD159,VND154 MYD197","Parsley, leaf, raw","Pasli(MY), Rau mùi tμu(VN)",41,primary,-,33,88.5,3.0,0.9,1.0,4.7,1.9,216,51,13,804,6.0,-,-,0,2100,175,0.13,0.21,0.50,106
AAD100,AAD100,D,Vegetables and products,"VND114,THD47,M YD198, PHD211","Pea, garden, pod, fresh, raw","Kacang pea, segar(MY), Sitsaro(PH), ถั่วลันเตา
(TH), Rau c©u tG¬i (VN)",42,primary,-,57,84.5,4.9,0.4,7.3,2.1,0.8,53,56,2,139,0.9,0.11,0.8,0,85,7,0.24,0.12,1.00,49
AAD105,AAD105,D,Vegetables and products,"THD108,IDD65, VND85,MYD205,P HD225","Pumpkin, raw","Labu merah(MY), Kalabasa bunga(PH),
ฟักทอง(TH), BÝ ng«(VN)",42,primary,-,44,87.4,1.3,0.3,7.8,2.4,0.8,31,30,43,178,0.7,0.06,0.9,0,1019,85,0.06,0.05,0.50,15
AAD106,AAD106,D,Vegetables and products,"VND141,THD110 PHD227","Pumpkin, young leaf, raw","Kalabasa dahon(PH),
ฟักทอง, ยอดอ่อน(TH), Rau Bý(VN)",42,primary,-,27,91.4,2.9,0.3,1.9,2.4,1.1,90,46,49,363,3.5,-,-,0,1050,88,0.11,0.15,1.00,20
AAD107,AAD107,D,Vegetables and products,"PHD180,VND198 MYD206","Purslane, leaf, raw","Gelong pasir(MY), Olasiman dahon(PH), Rau sam(VN)",42,primary,-,32,89.7,2.4,0.1,4.9,1.1,1.8,120,44,5,354,4.5,-,-,0,4992,416,0.04,0.15,0.70,27
AAD108,AAD108,D,Vegetables and products,"PHD183,VND104 THD257, MYD207","Radish, chinese, white, raw","Lobak(MY), Labanos(PH),
หัวผักกาด/ไชเท้า(TH), Cŭ c¶i tr¾ng(VN)",42,primary,-,20,93.9,0.7,0.2,3.2,1.4,0.6,37,23,51,113,0.8,0.03,0.2,0,T,-,0.05,0.04,0.30,25
AAD110,AAD110,D,Vegetables and products,"PHD186,MYD209","Rhubarb, raw",Tai-wong(MY),42,primary,-,(35),92.1,0.9,1.3,(4.8),-,0.9,162,17,5,126,0.7,-,-,0,111,9,0.02,0.03,0.80,14
AAD111,AAD111,D,Vegetables and products,THD1,"Roselle (Red sorrel), leaf, raw","กระเจี๊ยบเปร้ียว, ใบ(TH)",42,primary,-,(57),85.6,1.7,0.1,(12.4),-,0.2,9,4,-,-,-,-,-,0,797,66,0.11,0.24,4.50,44
AAD145,AAD145,D,Vegetables and products,THD147,"Seaweed, raw",สาหร่ายทะเล(TH),42,primary,-,(329),11.6,21.9,-,(60.3),-,6.2,465,92,-,-,15.7,-,-,0,-,-,-,-,-,-
AAD115,AAD115,D,Vegetables and products,THD148,"Sesbania, yellow flower, raw","โสน, ดอก(TH)",42,primary,-,40,87.1,3.1,0.5,3.2,5.1,1.0,49,59,-,-,5.2,-,-,0,206,17,0.20,0.26,2.80,32
AAD116,AAD116,D,Vegetables and products,"PHD201,THD26, MYD213","Sesbania/Cork Wood, young leaf, raw","Daun Turi/Geti(MY), Katuray dahon(PH), แค, ยอด(TH)",42,primary,-,75,78.0,7.7,1.5,4.1,7.0,1.7,254,73,22,343,2.4,-,-,0,4318,360,0.63,0.47,3.70,94
AAD117,AAD117,D,Vegetables and products,"PHD145,IDD53, THD30","Shallot, leaf, spring onion, raw","Sibuyas, Tagalog, dahon(PH), ต้นหอม(TH)",42,primary,-,32,90.4,1.8,0.3,4.4,2.3,0.8,76,35,17,135,1.8,0.10,0.3,0,829,69,0.04,0.10,0.30,25
AAD53,AAD53,D,Vegetables and products,THD122,"Solanum, raw",มะเขือพวง(TH),42,primary,-,46,80.9,2.8,0.8,0.2,13.6,1.7,182,132,4,302,0.9,0.21,0.2,0,103,9,0.18,0.13,1.60,18
AAD119,AAD119,D,Vegetables and products,"VND119,THD42,M YD214","Soybean sprout, raw","Tau-geh kacang soya(MY), ถั่วงอกหัวโต
(TH), Giá ®Ëu tG¬ng(VN)",42,primary,-,72,83.9,7.9,2.5,4.2,0.6,0.9,51,65,4,180,2.4,-,-,0,0,0,0.15,0.16,1.00,10
AAD120,AAD120,D,Vegetables and products,"PHD217,MYD217","Spinach, amaranth, spine, raw","Bayam duri(MY), Uray dahon(PH)",42,primary,-,36,87.8,3.9,0.4,2.8,2.8,2.3,520,75,14,833,4.9,-,-,0,5331,444,0.02,0.28,1.00,85
AAD122,AAD122,D,Vegetables and products,"MYD215,THD61","Spinach, Chinese, raw","Por-coy(MY), ปวยเล้ง(TH)",42,primary,-,21,92.3,2.5,0.5,0.2,2.7,1.8,63,50,70,533,4.1,0.10,0.9,0,3778,315,0.12,0.31,0.60,37
AAD121,AAD121,D,Vegetables and products,"PHD121,MYD219 VND152","Spinach, Malabar, raw","Remayong(MY), Alugbati dahon(PH), Rau mồng t¬I(VN)",42,primary,-,18,92.9,1.9,0.1,1.1,2.5,1.5,140,28,15,233,3.1,-,-,0,3351,279,0.06,0.12,0.60,73
AAD123,AAD123,D,Vegetables and products,"PHD223,THD109","Squash/pumpkin, flower, raw","Kalabasa bulaklak(PH),
ฟักทอง, ดอก(TH)",42,primary,-,22,92.6,1.7,0.3,2.3,1.7,1.4,63,38,-,-,1.9,-,-,0,395,33,0.04,0.08,0.80,21
AAD124,AAD124,D,Vegetables and products,"PHD242,MYD222 VND155,THD93","Swamp cabbage, kangkong, raw","Kangkung(MY), Kangkong dahon(PH), ผักบุ้งไทย(TH), Rau
muèng(VN)",42,primary,-,26,91.4,2.9,0.3,1.9,2.2,1.3,70,38,62,239,3.3,0.12,0.5,0,2741,228,0.08,0.24,0.80,28
AAD125,AAD125,D,Vegetables and products,"PHD244,THD136 VND151, MYD223","Sweet potato, leaf, raw","Pucuk ubi keledek(MY), Kamote dahon(PH), มัน เทศ, ยอด(TH), Rau khoai lang(VN)",42,primary,-,39,88.6,3.1,0.5,4.4,2.0,1.4,65,43,24,378,4.9,-,-,0,3985,332,0.10,0.18,0.90,55
AAD127,AAD127,D,Vegetables and products,"PHD249,THD115","Tamarind, young leaf, raw","Sampalok dahon(PH),
มะขาม, ยอดอ่อน(TH)",42,primary,-,(68),82.2,3.8,0.3,(12.4),-,1.3,46,48,-,-,1.5,-,-,0,2283,190,0.18,0.21,1.90,32
AAD126,AAD126,D,Vegetables and products,THD112,"Tamarind, young pod, raw","มะขาม, ดิบ, อ่อน(TH)",43,primary,-,55,76.9,1.7,0.2,0p,23.0,1.0,-,-,-,-,-,-,-,0,76,6,-,-,-,-
AAD128,AAD128,D,Vegetables and products,"PHD257,THD118 VND88,MYD225","Tomato, raw","Tomato(MY), Kamatis(PH), มะเขือเทศ
(TH), Cμ chua(VN)",43,primary,-,23,93.5,1.0,0.3,3.4,1.2,0.6,17,26,9,151,0.9,0.13,0.2,0,526,44,0.07,0.06,0.40,29
AAD130,AAD130,D,Vegetables and products,THD119,"Tomato, cherry, small, raw",มะเขือเทศสีดา(TH),43,primary,-,23,93.2,1.0,0.3,3.3,1.7,0.5,9,23,10,204,0.5,0.07,0.2,0,-,-,0.09,0.04,0.70,33
AAD164,AAD164,D,Vegetables and products,THD146,"Water lily, stem, raw",สายบัว(TH),43,primary,-,8,96.6,0.3,0.1,0.7,1.7,0.6,8,9,-,-,0.4,-,-,0,44,4,-,-,-,9
AAD132,AAD132,D,Vegetables and products,THD63,"Water mimosa, raw",ผักกระเฉด(TH),43,primary,-,38,87.3,4.2,0.4,2.0,4.9,1.2,63,58,12,228,4.8,0.06,0.4,0,3536,295,0.13,0.33,1.90,29
AAD133,AAD133,D,Vegetables and products,"PHD268,VND98,M YD234","Watercress, raw","Semanggi/Sai-yong-coy(MY), C¶i xoong(VN)",43,primary,-,18,93.6,1.9,0.1,1.1,2.5,0.8,158,39,62,249,1.5,-,-,0,1175,98,0.09,0.13,0.70,57
AAD16,AAD16,D,Vegetables and products,"PHD272,VND115 THD46,MYD134","Winged bean, pod, fresh, raw","Kacang botor(MY), Sigarilyas bunga(PH), ถั่วพู, ฝัก(TH),    §Ëu rồng
(qu¶ non)(VN)",43,primary,-,23,91.4,2.2,0.1,0.9,4.9,0.5,64,28,3,93,0.7,0.16,0.4,0,234,20,0.07,0.10,0.60,19
AAD17,AAD17,D,Vegetables and products,"PHD232,THD44, MYD136","Yard long bean, pod, green, fresh, raw","Kacang panjang(MY), Sitaw bunga, berde(PH), ถั่วฝักยาว(TH)",43,primary,-,35,90.1,2.6,0.6,3.4,2.7,0.6,53,43,15,139,0.8,0.20,0.5,0,246,21,0.10,0.11,0.80,20
AAE2,AAE2,E,Fruits and products,"PHE001,THE132,V NE246,MYE238","Apple, green","Epal hijau(MY), Mansanas, berde(PH), แอปเป้ิ ล(TH), Táo t©y(VN)",44,primary,-,53,86.3,0.4,0.2,12.2,0.6,0.3,11,9,35,98,0.8,-,-,0,62,5,0.03,0.03,0.20,4
AAE3,AAE3,E,Fruits and products,"PHE002,MYE239","Apple, red","Epal merah(MY), Mansanas, pula(PH)",44,primary,-,(63),84.5,0.5,0.4,(14.4),-,0.2,7,9,3,83,0.2,-,-,0,86,7,0.03,0.01,0.30,2
AAE4,AAE4,E,Fruits and products,"PHE004,MYE240","Avocado, green","Apokat(MY), Mansanas,pula(PH)",44,primary,-,(168),76.9,1.5,15.7,(5.1),-,0.8,19,37,7,385,1.6,-,-,0,165,14,0.06,0.23,1.20,12
AAE1,AAE1,E,Fruits and products,"MYE242,THE3, VNE206","Banana, apple variety, ripe","Pisang abu(MY), กล้วยน้า ว้า(TH), Chuèi t©y(VN)",44,primary,-,100,73.2,1.0,0.2,22.4,2.4,0.8,11,20,6,269,0.4,0.05,0.1,0,87,7,0.04,0.03,0.60,12
AAE13,AAE13,E,Fruits and products,"VNE208,THE4","Banana, apple, whole, sun-dried","กล้วยนํ้าว้า, ตาก(TH),
Chuèi kh«(VN)",44,primary,-,(285),26.4,3.6,0.1,(67.5),-,2.4,13,89,-,-,1.4,-,-,0,-,-,0.05,0.12,-,3
AAE10,AAE10,E,Fruits and products,"PHE008,IDE73, THE7,MYE245","Banana, cavendish, ripe","Pisang embun(MY), Saging, cavendish, hinog(PH), กล้วยหอมทอง (TH)",44,primary,-,94,75.7,1.3,0.6,19.9,1.7,0.8,13,19,12,370,0.4,0.20,0.2,0,77,6,0.04,0.04,0.60,8
AAE11,AAE11,E,Fruits and products,"PHE006,MYE243 VNE207","Banana, dessert banana, dwarf","Pisang brangan(MY), Saging, bungulan(PH),
Chuèi tiªu(VN)",44,primary,-,(104),73.5,1.2,0.3,(24.1),-,0.9,12,26,36,370,0.4,-,-,0,150,13,0.04,0.05,0.60,11
AAE12,AAE12,E,Fruits and products,THE6,"Banana, dessert, Valery, Hom variety",กล้วยหอม(TH),44,primary,-,109,70.9,1.3,0.1,24.8,1.9,1.0,5,21,21,323,0.6,0.05,0.1,0,-,-,0.05,0.05,0.90,5
AAE14,AAE14,E,Fruits and products,"PHE013,MYE249","Banana, pink banana","Pisang rajah udang/merah(MY), Saging, murado(PH)",44,primary,-,(96),75.5,1.1,0.3,(22.3),-,0.8,13,20,2,258,0.5,-,-,0,252,21,0.03,0.04,0.70,9
AAE15,AAE15,E,Fruits and products,"MYE244,IDE74","Banana, pisang kari",Pisang kari(MY),44,primary,-,(112),71.6,0.9,0.3,(26.3),-,0.9,8,33,6,273,0.5,0.10,0.2,0,220,18,0.08,0.01,0.50,8
AAE17,AAE17,E,Fruits and products,"PHE012,THE1, MYE247,IDE75","Banana, rice banana","Pisang mas(MY), Saging, latundan(PH), กล้วยไข่(TH)",44,primary,-,98,74.1,1.1,0.2,22.0,1.8,0.8,24,19,6,303,0.4,0.10,0.2,0,190,16,0.03,0.06,0.60,11
AAE135,AAE135,E,Fruits and products,THE8,"Banana, silver bluggoe, Hug-mook  variety",กล้วยหักมุก(TH),44,primary,-,(115),71.2,1.1,0.6,(26.4),-,0.7,16,36,-,-,-,-,-,0,279,23,0.08,0.11,0.80,15
AAE19,AAE19,E,Fruits and products,"PHE019,MYE253","Bilimbi, fruit","Belimbing
masam/buluh(MY), Kamyas(PH)",44,primary,-,25,94.3,0.7,1.3,1.9,1.5,0.3,10,6,4,80,0.4,-,-,0,165,14,0.01,0.06,0.80,13
AAE22,AAE22,E,Fruits and products,"THE59,VND128, MYE255,PHE087",Carambola/Star fruit,"Belimbing manis(MY), Balimbing(PH), มะเฟื อง (TH), Khế(VN)",44,primary,-,(32),91.6,0.6,0.1,(7.2),-,0.5,8,14,6,140,0.7,-,-,0,118,10,0.04,0.09,0.80,29
AAE24,AAE24,E,Fruits and products,"PHE025,MYE256","Cashew, fruit","Jambus gajus(MY), Kasuy bunga(PH)",44,primary,-,(53),86.6,0.7,0.2,(12.2),-,0.3,4,14,9,83,0.4,-,-,0,25,2,0.02,0.02,1.50,154
AAE25,AAE25,E,Fruits and products,"PHC007,MYC116 VNC55","Coconut, very immature","Isi kelapa muda(MY), Saging, butuan(PH), Cïi dõa non(VN)",44,primary,-,(41),90.7,1.6,1.4,(5.6),-,0.7,9,39,9,284,0.9,-,-,0,0,0,0.04,0.03,0.50,5
AAE31,AAE31,E,Fruits and products,"PHE028,THE33, THE34,THE35, MYE260","Durian, assorted","Durian(MY), ทุเรียนชะนี/ ทุเรียนลวง/ทุเรียนหมอนทอง
(TH)",44,primary,-,152,64.1,2.4,3.9,25.0,3.6,1.0,27,41,25,309,1.2,0.12,0.2,0,150,13,0.30,0.20,1.40,33
AAE35,AAE35,E,Fruits and products,"IDE76,THE55","Fig, fresh",มะเดื่อ(TH),44,primary,-,(49),86.9,2.0,0.2,(9.7),-,1.2,43,27,2,180,0.6,0.10,0.2,0,16,1,0.14,0.47,-,43
AAE36,AAE36,E,Fruits and products,"THE38,PHE107","Fruit cocktail, tropical, in syrup, canned","ผลไม้รวม, ในนํ้าเชื่อม, บรรจุกระป๋อง(TH)",44,primary,-,82,79.3,0.3,0.7,17.9,1.6,0.2,17,4,9,-,0.4,-,-,0,53,4,0.01,0.16,0.20,13
AAE43,AAE43,E,Fruits and products,THE50,"Gooseberry, Indian",มะขามป้อม(TH),45,primary,-,(70),82.2,0.4,0.1,(16.9),-,0.4,18,4,-,-,0.5,-,-,0,-,-,0.02,0.00,0.80,243
AAE38,AAE38,E,Fruits and products,"THE130,THE131,V NE238,MYE265","Grape, assorted","Buah anggur(MY), องุ่น เขียว/องุ่นแดง(TH), Nho ta (nho chua)(VN)",45,primary,-,53,85.9,0.6,0.1,11.8,1.1,0.5,20,21,11,136,0.8,0.20,0.1,0,21,2,0.04,0.04,0.20,5
AAE41,AAE41,E,Fruits and products,"PHE032,VNE240 THE39,MYE267","Guava, white flesh","Jambu batu(MY), Bayabas, puti(PH), ฝรั่ง (TH), ổi(VN)",45,primary,-,55,83.8,0.9,0.2,10.1,4.4,0.6,21,19,19,97,0.9,0.04,0.5,0,50,4,0.07,0.06,1.20,141
AAE44,AAE44,E,Fruits and products,"PHE033,THE10, VNE227,MYE272","Jackfruit, fresh","Nangka(MY), Langka(PH), ขนุน(TH), Mít dai(VN)",45,primary,-,(84),78.2,1.3,0.4,(18.7),-,1.4,28,25,46,362,1.0,-,-,0,108,9,0.08,0.07,0.70,5
AAE47,AAE47,E,Fruits and products,THE11,"Jackfruit, in syrup, canned","ขนุน, ในนํ้าเชื่อม, บรรจุ กระป๋อง(TH)",45,primary,-,100,75.3,0.7,1.0,21.7,0.9,0.4,11,-,12,-,0.2,-,-,0,-,-,-,-,-,-
AAE49,AAE49,E,Fruits and products,"PHE036,VNE245 THE43",Jujube,"Mansanitas(PH), พุทราแอป
เป้ิ ล(TH), Táo ta(VN)",45,primary,-,50,86.1,0.9,0.1,10.2,2.2,0.5,34,42,-,-,0.5,-,-,0,65,5,0.02,0.28,0.90,29
AAE50,AAE50,E,Fruits and products,THE90,Lancet/Langsium/Langsat,ลางสาด(TH),45,primary,-,(67),82.9,0.9,0.1,(15.6),-,0.5,5,35,-,-,0.7,0.09,0.2,0,-,-,0.08,0.04,1.70,24
AAE51,AAE51,E,Fruits and products,"PHE040,MYE280",Lemon,"Limau susu/Limau mata kerbau(MY), Limon(PH)",45,primary,-,"""(31)",92.2,0.6,0.3,(6.5),-,0.4,21,6,17,175,0.3,-,-,0,0,0,0.05,0.03,0.20,32
AAE90,AAE90,E,Fruits and products,"PHE023,VNE205","Lemon, Philippine","Kalamansi(PH),
Chanh(VN)",45,primary,-,(48),88.8,0.7,(1.0),(9.0),-,0.5,29,17,3,457,0.7,-,-,0,0,0,0.03,0.01,0.20,43
AAE53,AAE53,E,Fruits and products,"PHE045,THE100,V NE247,MYE285",Litchi,"Lai-ci(MY), Lechiyas(PH),
ลิน้จี่(TH),  Văi(VN)",45,primary,-,(70),82.4,1.0,0.4,(15.7),-,0.5,6,31,5,157,0.4,0.07,0.2,0,0,0,0.02,0.08,0.80,24
AAE54,AAE54,E,Fruits and products,THE103,"Litchi, in syrup, canned","ลิ้นจี่, ในนํ้าเชื่อม, บรรจุ กระป๋อง(TH)",45,primary,-,95,77.0,0.4,1.0,20.9,0.5,0.2,9,-,14,-,0.2,-,-,0,-,-,0.03,0.03,-,4
AAE57,AAE57,E,Fruits and products,THE99,"Longan, dried","ลําใย, แห้ง(TH)",45,primary,-,(319),17.8,4.6,0.4,(74.3),-,2.9,28,-,5,2012,-,-,-,0,-,-,-,-,-,-
AAE55,AAE55,E,Fruits and products,"IDE71,THE98, MYE296,VNE235","Longan, fresh","Mata kucing(MY), ลําใย (TH), Nhãn(VN)",45,primary,-,71,81.3,1.0,0.2,15.8,0.9,0.8,15,23,9,216,0.4,0.22,0.4,0,0,0,0.08,0.09,0.50,52
AAE56,AAE56,E,Fruits and products,THE93,"Longan, in syrup, canned","ลําไย, ในนํ้าเชื่อม, บรรจุ กระป๋อง(TH)",45,primary,-,94,77.5,0.3,1.1,20.5,0.3,0.3,10,-,6,-,0.2,-,-,0,-,-,0.02,0.03,-,20
AAE59,AAE59,E,Fruits and products,"PHE047,THE26","Malay apple, red","Yambo(PH), ชมพู่มะเหมี่ยว
(TH)",45,primary,-,(42),89.4,0.5,0.2,(9.5),-,0.4,14,17,-,172,0.7,-,-,0,-,-,0.02,0.04,0.40,14
AAE60,AAE60,E,Fruits and products,"THE115,VNE241,M YE302",Mandarin/tangerine,"Limau Cina(MY),
ส้มเขียวหวาน(TH), Quất chín (că vŏ)(VN)",45,primary,-,42,88.7,1.0,0.3,8.1,1.5,0.4,57,27,18,122,0.3,0.07,0.1,0,136,11,0.07,0.05,0.30,22
AAE132,AAE132,E,Fruits and products,THE63,"Mango,Kiew-sa- weya variety, unripe","มะม่วงเขียวเสวย, ดิบ(TH)",45,primary,-,79,78.6,0.8,0.2,17.2,2.7,0.5,6,15,3,142,0.2,0.06,0.1,0,192,16,0.07,0.02,0.50,29
AAE65,AAE65,E,Fruits and products,"PHE049,IDE70","Mango, Indian mango, unripe","Mangga, Indiyan, hilaw(PH)",45,primary,-,49,86.7,0.5,0.0,11.0,1.6,0.2,6,12,3,140,0.6,0.10,0.0,0,261,22,0.03,0.03,0.20,37
AAE72,AAE72,E,Fruits and products,THE61,"Mango, kaew variety, mature, unripe","มะม่วงแก้ว, ดิบ(TH)",45,primary,-,75,79.6,0.6,0.2,16.2,3.0,0.4,13,9,3,126,0.6,0.06,-,0,-,-,0.06,0.04,0.40,39
AAE67,AAE67,E,Fruits and products,THE69,"Mango, num-dok-mai variety, ripe","มะม่วงนํ้าดอกไม้, สุก(TH)",45,primary,-,78,79.6,0.9,0.2,17.5,1.2,0.6,6,16,3,144,0.3,0.10,0.1,0,897,75,0.11,0.06,1.80,5
AAE68,AAE68,E,Fruits and products,THE74,"Mango, nung-klangwan variety, ripe","มะม่วงหนังกลางวัน, สุก(TH)",45,primary,-,(85),78.7,0.5,0.2,(20.2),-,0.4,25,15,-,-,0.3,-,-,0,-,-,0.07,0.07,0.80,34
AAE69,AAE69,E,Fruits and products,THE75,"Mango, okrong variety, ripe","มะม่วงอกร่อง, สุก(TH)",45,primary,-,79,79.3,0.8,0.2,17.9,1.3,0.5,17,17,44,191,0.4,0.06,0.1,0,144,12,0.05,0.07,1.90,10
AAE73,AAE73,E,Fruits and products,THE70,"Mango, pimsen-mun variety, mature, unripe","มะม่วงพิมเสนมัน, ดิบ(TH)",46,primary,-,80,77.7,0.9,0.5,17.0,1.8,2.1,15,12,-,-,-,-,-,0,-,-,0.04,0.04,0.60,31
AAE74,AAE74,E,Fruits and products,THE73,"Mango, rad variety, mature, unripe","มะม่วงแรด, ดิบ(TH)",46,primary,-,76,79.8,0.5,0.2,16.8,2.3,0.4,20,13,76,138,0.6,0.06,0.1,0,-,,0.04,0.05,0.50,19
AAE70,AAE70,E,Fruits and products,THE67,"Mango, thong-dum variety, ripe","มะม่วงทองดํา, สุก(TH)",46,primary,-,(82),79.1,0.6,0.0,(19.9),-,0.4,41,16,-,-,0.4,-,-,0,-,-,0.03,0.05,-,25
AAE71,AAE71,E,Fruits and products,THE65,"Mango, tub-ped variety, ripe","มะม่วงตับเป็ ด, สุก(TH)",46,primary,-,(94),76.0,1.1,0.0,(22.3),-,0.6,-,22,-,-,-,-,-,0,-,-,0.09,0.08,-,45
AAE75,AAE75,E,Fruits and products,"PHE058,THE83, MYE295",Mangosteen,"Manggis(MY), มังคุด(TH)",46,primary,-,68,82.7,0.6,0.6,14.4,1.5,0.2,11,13,10,63,0.6,0.10,0.1,0,0,0,0.06,0.03,0.30,3
AAE76,AAE76,E,Fruits and products,"PHE062,VNE213","Melon, honeydew",D−a hång,46,primary,-,(31),92.3,0.3,(0.3),(6.7),-,0.4,23,12,-,-,0.4,-,-,0,7,1,0.02,0.02,0.50,8
AAE77,AAE77,E,Fruits and products,"PHE063,THE29",Muskmelon,"Milon, Tagalog(PH),
แตงไทย(TH)",46,primary,-,(16),95.4,0.3,0.0,(3.8),-,0.5,21,15,-,-,0.4,-,-,0,220,18,0.04,0.02,0.30,30
AAE81,AAE81,E,Fruits and products,"PHE065,THE117,M YE300","Orange, green skin/Kalanchoe","Limau manis(MY), Dalandan, Ladu(PH), ส้ม เช้ง(TH)",46,primary,-,45,87.5,0.8,0.3,8.6,2.4,0.4,31,18,5,124,1.0,0.03,0.0,0,85,7,0.07,0.03,0.30,33
AAE83,AAE83,E,Fruits and products,"PHE069,THE82,VN E217,MYE303","Papaya, ripe","Papaya/Betik(MY),มะละกอ
, สุก(TH), Ðu đŭ chín(VN)",46,primary,-,40,89.1,0.9,0.1,8.1,1.3,0.5,25,16,14,135,1.4,0.02,0.1,0,851,71,0.03,0.05,0.30,62
AAE85,AAE85,E,Fruits and products,"PHE070,VNE223 MYE307",Pear,"Buah pir hijau(MY),
Peras(PH), Quă lê(VN)",46,primary,-,(59),85.1,0.5,0.1,(14.0),-,0.3,21,12,2,62,1.0,-,-,0,19,2,0.04,0.03,0.10,5
AAE86,AAE86,E,Fruits and products,"MYE308,THE44","Pear, chinese, yellow","Buah lai(MY), สาลี่(TH)",46,primary,-,(45),88.7,0.6,0.2,.(10.1),-,0.4,10,10,14,134,0.6,-,-,0,15,1,0.03,0.06,0.40,5
AAE88,AAE88,E,Fruits and products,"PHE071,VNE221 MYE309","Persimmon, hard variety, ripe","Pisang kaki(MY), Hồng ngâm(VN)",46,primary,-,68,81.9,0.6,0.1,15.1,1.9,0.4,47,18,1,103,0.3,-,-,0,324,27,0.04,0.01,0.20,23
AAE91,AAE91,E,Fruits and products,"PHE073,MYE311,V NE214,THE120",Pineapple,"Nenas(MY), Pinya(PH),
สับปะรด(TH), Døa ta(VN)",46,primary,-,48,87.2,0.5,0.1,10.8,1.0,0.4,17,10,21,128,0.6,0.03,0.1,0,20,2,0.08,0.05,0.20,17
AAE93,AAE93,E,Fruits and products,THE126,"Pineapple, dried","สับปะรด, แห้ง(TH)",46,primary,-,(353),10.1,0.9,0.0,(87.3),-,1.7,35,-,-,-,0.7,-,-,0,-,-,-,-,-,-
AAE94,AAE94,E,Fruits and products,"THE122,MYE312 PHE114","Pineapple, slice, in heavy syrup, canned","Nenas, dengan sirup, dalam tin(MY), สับปะรดใน นํ้าเชื่อมเข้มข้น, บรรจุ กระป๋อง(TH)",46,primary,-,90,77.2,0.3,0.2,21.3,0.8,0.2,11,3,9,18,0.4,-,-,0,20,2,0.10,0.01,0.20,6
AAE95,AAE95,E,Fruits and products,"PHE074,VNE224",Pomegranate,"Granada(PH), Quă lùu(VN)",46,primary,-,(69),82.1,0.6,0.1,(16.3),-,0.9,19,33,6,323,0.8,-,-,0,0,0,0.08,0.01,0.40,5
AAE96,AAE96,E,Fruits and products,"PHE075,THE119,V NE203,MYE317",Pomelo,"Limau Betawi/Limau Bali(MY),   Suha(PH), ส้ม โอ(TH), BGŏi(VN)",46,primary,-,44,88.4,0.6,0.2,9.6,0.7,0.5,21,22,18,310,0.6,-,-,0,118,10,0.04,0.03,0.30,59
AAE97,AAE97,E,Fruits and products,"MYE316,PHE115","Prune, dried",Prun(MY),46,primary,-,(288),26.5,2.4,0.6,(68.3),-,2.2,61,74,9,646,3.7,-,-,0,0,0,0.12,0.17,2.00,0
AAE98,AAE98,E,Fruits and products,"MYE319,PHE116",Raisin,"Kismis(MY), Pasas(PH)",46,primary,-,(300),24.0,2.7,0.4,(71.3),-,1.6,74,96,15,632,3.4,-,-,0,0,0,0.11,0.08,0.20,0
AAE99,AAE99,E,Fruits and products,"THE60,MYE320",Rambai,"Rambai(MY), มะไฟ(TH)",46,primary,-,(56),86.0,0.6,0.4,(12.6),-,0.4,4,17,2,95,1.8,-,-,0,0,0,0.03,0.07,0.50,31
AAE100,AAE100,E,Fruits and products,"THE17,MYE321",Rambutan,"Rambutan(MY), เงาะ(TH)",46,primary,-,(69),82.6,0.9,0.1,(16.0),-,0.4,19,12,14,93,0.7,0.15,0.1,0,0,0,0.02,0.06,0.40,43
AAE101,AAE101,E,Fruits and products,THE21,"Rambutan and pineapple, in syrup, canned","เงาะไส้สับปะรด, ในนํ้าเชื่อม
, บรรจุกระป๋อง(TH)",46,primary,-,91,78.2,0.4,1.1,19.4,0.7,0.2,11,-,10,-,0.2,-,-,0,-,-,0.03,0.02,-,7
AAE102,AAE102,E,Fruits and products,THE20,"Rambutan, in syrup, canned","เงาะ, ในนํ้าเชื่อม, บรรจุ กระป๋อง(TH)",47,primary,-,107,75.1,0.3,1.9,21.6,1.0,0.1,19,-,10,-,0.2,-,-,0,0p,0p,-,-,-,8
AAE103,AAE103,E,Fruits and products,"PHE026,VNE243 THE24,MYE329",Roseapple,"Salak(MY), Makopa(PH),
ชมพู่แขกดํา(TH), Gioi(VN)",47,primary,-,(27),93.2,0.6,0.1,(5.9),-,0.2,9,9,2,81,0.3,-,-,0,4,0,0.03,0.02,0.20,21
AAE133,AAE133,E,Fruits and products,THE84,Salak palm,ระกํา(TH),47,primary,-,(60),84.5,0.5,0.1,(14.3),-,0.6,8,18,-,-,0.4,-,-,0,-,-,-,0.20,-,6
AAE106,AAE106,E,Fruits and products,"VNE222,PHE079 THE85,MYE324","Sapodilla, ripe","Ciku(MY), Chico(PH),
ละมุด(TH), Hång xiªm(VN)",47,primary,-,69,79.1,0.5,0.7,11.1,8.1,0.5,30,12,22,94,1.2,0.03,0.1,0,95,8,0.02,0.03,1.20,14
AAE109,AAE109,E,Fruits and products,"PHE083,MYE326",Soursop,"Durian Belanda(MY), Guyabano(PH)",47,primary,-,(72),82.0,1.2,0.4,(15.8),-,0.6,14,22,2,294,0.6,-,-,0,8,1,0.09,0.08,0.70,27
AAE111,AAE111,E,Fruits and products,"PHE084,THE45",Spanish plum,"Siniguwelas(PH), มะกอก
(TH)",47,primary,-,(88),77.3,0.8,0.2,(20.8),-,0.9,68,39,-,-,1.0,-,-,0,184,15,0.07,0.13,0.90,30
AAE112,AAE112,E,Fruits and products,"PHE085,VNE249","Star apple, green","Kaymito, berde(PH), Vó s÷a(VN)",47,primary,-,60,84.6,0.9,(1.1),10.2,2.6,0.6,43,23,-,-,0.4,-,-,0,4,0,0.02,0.02,0.70,6
AAE114,AAE114,E,Fruits and products,THE78,Star gooseberry,มะยม(TH),47,primary,-,(34),91.7,0.7,0.7,(6.3),-,0.6,5,23,-,-,0.4,-,-,0,5,0,0.01,0.05,-,40
AAE115,AAE115,E,Fruits and products,"PHE088,VNE210 MYE327",Strawberry,"Strawberi(MY), D©u t©y(VN)",47,primary,-,26,92.4,0.8,0.2,4.3,1.9,0.4,21,16,3,66,0.8,-,-,0,23,2,0.02,0.02,0.20,59
AAE116,AAE116,E,Fruits and products,"PHE089,THE36, VNE234,MYE257",Sugar apple,"Buah nona(MY), Atis(PH),
น้อยหน่า(TH), Na(VN)",47,primary,-,86,77.2,1.6,0.3,18.0,2.2,0.7,29,43,4,250,0.7,-,-,0,39,3,0.09,0.13,0.70,26
AAE120,AAE120,E,Fruits and products,"PHE093,THE52, MYE328","Tamarind, fruit, ripe","Buah Asam Jawa(MY), Sampalok, hinog(PH),
มะขามหวาน(TH)",47,primary,-,(303),22.3,2.8,0.5,(71.8),-,2.6,135,96,10,158,0.9,-,-,0,10,1,0.29,0.05,0.80,30
AAE58,AAE58,E,Fruits and products,"PHE046,THE49","Tamarind, Madras thorn","Camachili(PH), มะขามเทศ
(TH)",47,primary,-,85,77.8,3.4,1.0,13.8,3.4,0.6,33,47,-,-,0.5,-,-,0,15,1,0.21,0.43,1.10,94
AAE119,AAE119,E,Fruits and products,THE107,"Toddy palm, cotyledon","ตาล, จาว(TH)",47,primary,-,(116),69.8,2.4,0.1,(26.3),-,1.4,12,112,-,-,0.8,-,-,0,-,-,0.23,0.04,-,7
AAE118,AAE118,E,Fruits and products,THE108,"Toddy palm, in syrup, canned","ลูกตาล, ในนํ้าเชื่อม, บรรจุ กระป๋อง(TH)",47,primary,-,93,76.8,0.2,0.5,21.2,1.2,0.1,5,-,11,-,0.0,-,-,0,0p,0p,-,-,-,0
AAE142,AAE142,E,Fruits and products,THE127,Water chestnut,แห้ว(TH),47,primary,-,(91),75.9,1.2,0.1,(21.3),-,1.5,8,64,261,548,1.0,-,-,0,-,-,0.05,0.03,2.30,7
AAE124,AAE124,E,Fruits and products,THE25,"Water Rose, Nak (redish color) variety",ชมพู่นาค(TH),47,primary,-,(27),93.2,0.3,0.0,(6.4),-,0.1,4,12,-,-,0.5,-,-,0,-,-,0.01,0.02,0.10,25
AAE126,AAE126,E,Fruits and products,"PHE064,THE30, VNE212,MYE330",Watermelon,"Tembikai(MY), Pakwan(PH), แตงโม(TH), DGa hấu(VN)",47,primary,-,24,93.6,0.6,0.1,5.1,0.3,0.3,8,13,6,76,0.2,0.03,0.1,0,255,21,0.03,0.04,0.20,6
AAE125,AAE125,E,Fruits and products,THE23,"Wax jambu, Water Rose, green color variety",ชมพู่เขียว(TH),47,primary,-,30,92.0,0.5,0.1,6.1,1.1,0.2,5,15,66,107,0.7,-,-,0,-,-,0.03,0.03,0.40,13
AAF9,AAF9,F,"Meat, other animals and products","PHF001,VNF268,T HF60","Beef, blood","Baka dugo(PH), วัว, เลือด (TH), Tiết bò(VN)",48,primary,-,81,77.4,19.5,0.2,0.3,0,2.6,12,30,-,62,46.8,-,-,45,225,64,T,0.03,0.90,0
AAF11,AAF11,F,"Meat, other animals and products","VNF265,PHF003","Beef, brain, raw","Baka utak(PH), óc bò(VN)",48,primary,-,124,79.3,9.7,9.5,0.0,0,1.5,9,260,-,-,1.7,-,-,115,0,115,0.13,0.19,3.80,0
AAF18,AAF18,F,"Meat, other animals and products","MYF359,VNF267 PHF011","Beef, heart, raw","Jantung lembu(MY), Baka puso(PH), Tim bò(VN)",48,primary,-,112,76.1,17.6,4.0,1.3,0,1.0,14,150,28,239,4.3,-,-,137,142,149,0.28,0.50,5.10,1
AAF19,AAF19,F,"Meat, other animals and products","VNF258,MYF360 PHF014","Beef, kidney, raw","Buah pinggang lembu(MY), Baka bato(PH), Bầu dục bò(VN)",48,primary,-,89,79.5,16.1,2.3,0.9,0,1.2,26,212,168,188,8.5,-,-,246,476,286,0.31,1.00,5.00,5
AAF23,AAF23,F,"Meat, other animals and products","MYF361,VNF262 PHF019","Beef, liver, raw","Hati lembu(MY), Baka atay(PH), Gan bò(VN)",48,primary,-,133,69.9,20.3,3.5,5.0,0,1.3,16,304,23,280,10.1,-,-,8212,353,8241,0.28,1.51,11.30,18
AAF188,AAF188,F,"Meat, other animals and products",THF63,"Beef, Longissimus dorsi, raw","วัว, สันนอก(TH)",48,primary,-,-,76.8,-,-,,0,-,4,238,72,365,2.6,0.00,3.1,-,-,-,-,-,-,-
AAF25,AAF25,F,"Meat, other animals and products","VNF266,MYF362 PHF021","Beef, lungs, raw","Paru-paru lembu(MY), Baka baga(PH), Phổi bò(VN)",48,primary,-,93,78.1,16.0,(1.8),3.1,0,1.0,23,136,114,203,6.1,-,-,71,144,83,0.12,0.21,2.50,6
AAF2,AAF2,F,"Meat, other animals and products",THF61,"Beef, meat ball","วัว, ลูกชิ้น(TH)",48,primary,-,84,77.5,16.5,0.7,2.9,0,2.4,21,58,779,-,5.0,-,-,-,-,,-,-,-,-
AAF44,AAF44,F,"Meat, other animals and products","VNF264,PHF047","Beef, tongue, raw","Baka dila(PH), LGõi bò(VN)",48,primary,-,191,68.0,14.2,13.4,3.5,0,0.9,25,158,-,-,2.3,-,-,100,0,100,0.08,0.17,4.20,0
AAF185,AAF185,F,"Meat, other animals and products",THF36,"Chicken, black, thigh, w/ skin, raw","ไก่ดํา, สะโพก, ดิบ(TH)",48,primary,-,127,73.3,22.7,4.0,0p,0,0.8,-,134,-,-,2.4,-,-,-,-,-,0.16,0.26,1.60,-
AAF91,AAF91,F,"Meat, other animals and products",THF26,"Chicken, blood, cooked","ไก่, เลือด, ต้ม(TH)",48,primary,-,30,91.5,7.1,0.2,0.0,0,1.2,10,45,317,47,12.9,-,-,-,-,-,-,-,0.30,-
AAF99,AAF99,F,"Meat, other animals and products","THF29,MYF365, PHF093","Chicken, breast, w/ skin, raw","Daging ayam, bahagian dada(MY), Manok
pitso(PH), ไก่, อก, ดิบ(TH)",48,primary,-,152,71.2,19.9,8.0,0p,0,1.0,12,186,71,252,0.9,0.07,0.4,16,3,16,0.05,0.09,6.80,1
AAF100,AAF100,F,"Meat, other animals and products","THF11,PHF102","Chicken, drumstick, raw","Manok binti(PH), ไก่, น่อง, ดิบ(TH)",48,primary,-,152,70.0,17.9,7.2,4.0,0,0.9,10,142,118,201,1.0,0.14,1.3,10,0,10,0.07,0.27,3.90,2
AAF101,AAF101,F,"Meat, other animals and products","MYF371,PHF094","Chicken, feet, deboned, raw","Kaki ayam,  tanpa tulang(MY), Manok paa(PH)",48,primary,-,205,65.5,25.5,11.4,0p,0,0.8,75,78,109,55,1.5,-,-,17,0,17,0.01,0.08,1.20,1
AAF95,AAF95,F,"Meat, other animals and products","PHF096,VNF324,M YF372,THF32","Chicken, gizzard, raw","Hempedal ayam(MY),
Manok balun-balunan(PH), ไก่ดํา, กึ๋น, ดิบ(TH), Mề gμ(VN)",48,primary,-,102,76.0,20.2,1.8,1.2,0,0.8,13,124,34,206,3.1,0.10,-,31,20,33,0.05,0.21,3.20,3
AAF96,AAF96,F,"Meat, other animals and products","VNF325,MYF373","Chicken, heart, raw","Jantung ayam(MY), Tim gμ(VN)",48,primary,-,112,77.8,15.8,5.4,0.0,0,1.0,14,186,106,260,4.0,-,-,75,0,75,0.11,0.42,4.50,6
AAF102,AAF102,F,"Meat, other animals and products","MYF374,PHF100","Chicken, intestine, raw","Usus ayam(MY), Manok bituka(PH)",48,primary,-,154,77.3,10.7,12.3,0p,0,0.6,17,163,22,90,1.1,-,-,37,0,37,0.08,0.44,2.30,16
AAF186,AAF186,F,"Meat, other animals and products",THF43,"Chicken, jungle fowl, wing, w/ skin, raw","ไก่ป่า, ปีก, เนื้อและหนัง, ดิบ (TH)",48,primary,-,187,66.4,22.1,11.0,0p,0,0.8,-,164,-,-,1.7,-,-,-,-,-,0.08,0.11,2.10,-
AAF97,AAF97,F,"Meat, other animals and products","VNF323,MYF375 PHF103,THF15","Chicken, liver, raw","Hati ayam(MY), Manok atay(PH), ไก่, ตับ, ดิบ(TH),
Gan gμ(VN)",48,primary,-,121,73.5,18.6,4.1,2.5,0,1.3,13,243,63,213,7.3,0.48,0.5,11481,96,11489,0.32,2.49,8.90,14
AAF103,AAF103,F,"Meat, other animals and products","VNF318,MYF364","Chicken, matured, dressed carcass, raw","Ayam, dibersihkan(MY),
ThÞt gμ(VN)",48,primary,-,153,69.9,22.4,7.0,0p,0,0.9,21,180,113,221,2.2,-,-,-,-,-,0.15,0.19,7.10,2
AAF104,AAF104,F,"Meat, other animals and products","PHF107,THF19","Chicken, thigh, w/ skin, raw","Manok hita(PH), ไก่, สะโพก, ดิบ(TH)",48,primary,-,198,69.1,17.7,14.1,0p,0,0.9,12,113,98,133,0.9,0.07,0.8,10,0,10,0.08,0.19,4.20,2
AAF105,AAF105,F,"Meat, other animals and products","MYF367,PHF109 THF22","Chicken, wing, w/ skin, raw","Daging ayam, sayap(MY), Manok pakpak(PH), ไก่, ปีก, ดิบ(TH)",48,primary,-,223,66.9,17.6,17.0,0p,0,0.8,27,128,82,177,1.0,0.06,1.4,28,0,28,0.03,0.14,3.40,2
AAF190,AAF190,F,"Meat, other animals and products",THF50,"Duck, blood, cooked","เป็ ด, เลือด, ต้ม(TH)",48,primary,-,25,93.4,5.9,0.1,0p,0,0.7,14,41,161,8,13.7,-,-,-,-,-,-,0.04,0.10,-
AAF110,AAF110,F,"Meat, other animals and products","VNF330,PHF120","Duck, liver, raw","Pato atay(PH), Gan vÞt(VN)",49,primary,-,125,73.4,16.4,4.7,4.2,0,1.3,33,192,-,-,13.5,-,-,840,50,844,0.35,1.11,10.00,4
AAF111,AAF111,F,"Meat, other animals and products","VNF329,THF49","Duck, meat, raw","เป็ ด, เนื้อ, ดิบ(TH), ThÞt vÞt(VN)",49,primary,-,233,64.9,15.6,19.0,0p,0,0.7,14,134,-,-,1.8,-,-,-,-,-,0.09,0.20,5.10,-
AAF114,AAF114,F,"Meat, other animals and products",THF46,"Frog, small",เขียด(TH),49,primary,-,80,78.4,15.1,2.0,0.4,0,4.1,1293,671,122,199,3.8,-,-,-,-,-,0.08,0.53,3.60,-
AAF145,AAF145,F,"Meat, other animals and products","MYF380,VNF275","Mutton, lean, raw","Daging kambing(MY), ThÞt cõu(VN)",49,primary,-,146,71.7,20.4,7.2,0p,0,1.3,11,185,91,256,2.7,-,-,22,0,22,0.15,0.22,4.80,2
AAF148,AAF148,F,"Meat, other animals and products",THF54,"Nam/Jihn-som (Pork sausage, fermented), packed in banana leaf","แหนม, หมู(TH)",49,primary,-,185,65.0,20.1,11.6,0p,0,3.5,15,132,-,-,1.3,-,-,-,-,,0.24,0.10,3.80,-
AAF194,AAF194,F,"Meat, other animals and products",THF81N,"Pork, blood, cooked","หมู, เลือด, ต้ม(TH)",49,primary,-,49,89.0,12.1,0.1,0p,0,0.6,14,12,219,28,20.3,-,0.3,16,-,-,nd,0.10,0.30,-
AAF120,AAF120,F,"Meat, other animals and products","VNF292,PHF192","Pork, brain, raw","Baboy litsunin, utak(PH),
óc lỢn(VN)",49,primary,-,125,79.5,9.6,9.5,0.2,0,1.2,10,270,-,-,1.2,-,-,-,-,-,0.18,0.35,2.60,0
AAF119,AAF119,F,"Meat, other animals and products","PHF165,THF82","Pork, ham, raw","Baboy pigi(PH), หมู, แฮม,
ดิบ(TH)",49,primary,-,159,65.1,18.6,4.7,10.6,0,1.0,6,187,52,380,0.9,0.10,0.2,6,T,6,0.83,0.47,8.40,0
AAF121,AAF121,F,"Meat, other animals and products","VNF297,PHF167,T HF91","Pork, heart, raw","Baboy puso(PH), หมู, หัวใจ, ดิบ(TH), Tim lỢn(VN)",49,primary,-,114,76.2,16.8,4.5,1.5,0,1.0,5,160,140,130,3.8,0.50,0.1,6,5,6,0.32,1.00,4.90,2
AAF124,AAF124,F,"Meat, other animals and products","VNF285,PHF171","Pork, kidney, raw","Baboy bato(PH), Bầu dục lỢn(VN)",49,primary,-,102,77.3,15.2,3.1,3.3,0,1.1,11,206,-,-,6.2,-,-,40,10,41,0.32,1.58,9.00,10
AAF149,AAF149,F,"Meat, other animals and products","PHF173,VNF281","Pork, leg, deboned, raw","Baboy pata(PH), Chân
giò lỢn (bŏ xGÐng)(VN)",49,primary,-,208,62.9,21.6,12.8,1.7,0,1.0,32,131,-,-,0.9,-,-,5,10,6,0.34,0.28,3.80,2
AAF196,AAF196,F,"Meat, other animals and products",THF77,"Pork, liver, boiled","หมู, ตับ, ต้ม(TH)",49,primary,-,174,61.4,29.3,5.1,2.8,0,1.4,11,240,46,130,5.0,6.10,3.7,25992,-,25992,0.23,3.07,7.90,2
AAF197,AAF197,F,"Meat, other animals and products",THF78,"Pork, liver, fried","หมู, ตับ, ทอด(TH)",49,primary,-,268,47.0,33.2,13.0,4.6,0,2.2,8,370,120,350,14.7,9.20,2.3,30755,-,30755,0.36,4.01,16.00,0
AAF126,AAF126,F,"Meat, other animals and products","VNF288,PHF174,T HF76","Pork, liver, raw","Baboy atay(PH), หมู, ตับ,
ดิบ(TH), Gan lỢn(VN)",49,primary,-,125,72.0,19.2,3.8,3.6,0,1.4,12,308,119,270,15.5,6.40,0.5,14513,20,14515,0.32,1.79,10.60,12
AAF130,AAF130,F,"Meat, other animals and products","VNF293,PHF178,T HF80","Pork, lung, raw","Baboy baga(PH), หมู, ปอด, ดิบ(TH), Phổi lỢn(VN)",49,primary,-,98,80.4,13.6,4.7,0.4,0,0.9,29,174,-,-,4.8,-,-,20,-,20,0.09,0.27,2.50,10
AAF187,AAF187,F,"Meat, other animals and products",THF79,"Pork, pancreas, raw","หมู, ตับอ่อน, ดิบ(TH)",49,primary,-,86,78.4,16.9,1.2,1.8,0,1.7,7,27,-,-,65.5,-,-,-,-,-,0.22,0.42,2.00,0
AAF150,AAF150,F,"Meat, other animals and products","VNF282,PHF182,T HF72","Pork, rib, deboned, raw","Baboy tadyang(PH), หมู, ซี่โครง, ดิบ(TH), SGòn lỢn (bŏ xGÐng)(VN)",49,primary,-,210,63.7,17.1,13.8,4.4,0,1.0,31,134,100,240,1.1,0.10,1.5,4,20,6,0.65,0.14,4.20,1
AAF158,AAF158,F,"Meat, other animals and products",THF95,"Pork, shoulder,  raw","หมู, คอ, ดิบ(TH)",49,primary,-,189,69.3,18.4,12.8,0p,0,1.0,3,170,45,330,0.9,0.10,0.4,4,-,4,1.00,0.48,4.20,0
AAF152,AAF152,F,"Meat, other animals and products",THF97,"Pork, shoulder, broiled","หมู, คอ, ย่าง(TH)",49,primary,-,284,44.5,35.9,14.0,3.6,0,2.0,8,340,150,610,1.4,0.20,1.5,0,-,0,0.68,0.42,5.60,0
AAF202,AAF202,F,"Meat, other animals and products",THF96,"Pork, shoulder, fried","หมู, คอ, ทอด(TH)",49,primary,-,296,44.3,35.0,16.3,2.4,0,2.0,4,320,120,620,1.2,0.10,1.7,1,-,1,0.78,0.41,5.00,0
AAF159,AAF159,F,"Meat, other animals and products","PHF242,THF47","Pork, skin, fried","Sitsaron baboy(PH),
แคบหมู, เชียงใหม่(TH)",49,primary,-,625,1.2,52.7,46.0,0p,0,0.6,31,54,-,-,2.4,-,-,59,T,59,0.03,0.09,1.60,0
AAF204,AAF204,F,"Meat, other animals and products",THF88,"Pork, tenderloin, raw","หมู, สันใน, ดิบ(TH)",49,primary,-,116,74.5,21.8,3.2,0p,0,1.3,4,237,97,381,1.0,0.10,1.0,0,-,,1.35,0.34,4.50,0
AAF164,AAF164,F,"Meat, other animals and products","VNF309,MYF382","Rabbit, whole carcass, raw","Arnab(MY), ThÞt thŏ nhμ(VN)",49,primary,-,126,72.1,21.7,3.8,1.2,0,1.2,16,213,53,403,1.3,-,-,30,0,30,0.07,0.07,7.00,3
AAG1,AAG1,G,"Finfish, shellfish, other aquatic animals and products","MYG397, THG138","Anchovy, dried","Ikan bilis, kering, seluruh(MY),
ไส้ตัน, แห้ง(TH)",50,primary,-,242,24.9,53.4,2.8,0.7,0,18.2,1241,728,341,639,4.7,-,-,8,0,8,0.08,0.09,3.70,0
AAG2,AAG2,G,"Finfish, shellfish, other aquatic animals and products","MYG395,THG137 PHG005","Anchovy, fresh, whole","Ikan bilis, segar, seluruh(MY), Tuakang(PH), ปลาไส้ตัน, สด(TH)",50,primary,-,81,78.9,18.5,0.7,0.1,0,1.8,168,226,584,133,1.0,-,-,18,0,18,0.06,0.07,1.80,0
AAG136,AAG136,G,"Finfish, shellfish, other aquatic animals and products",THG183,"Baby clams, smoked, canned","หอยลาย, รมควัน, บรรจุ
กระป๋อง(TH)",50,primary,-,358,45.3,14.6,30.4,5.7,2,2.4,91,-,554,-,24.2,-,-,-,-,-,-,-,-,-
AAG18,AAG18,G,"Finfish, shellfish, other aquatic animals and products","PHG012,VNG338 MYG405, THG101","Carp, common, raw","Lee koh(MY), Karpa(PH),
ปลาไน, สด(TH), Cá
chép(VN)",50,primary,-,105,76.0,17.0,2.7,3.2,0,1.1,26,179,78,332,1.2,-,-,36,10,37,0.01,0.09,3.10,0
AAG22,AAG22,G,"Finfish, shellfish, other aquatic animals and products","PHG013, MYG408","Catfish, freshwater, raw","Keli(MY), Hito(PH)",50,primary,-,102,78.0,18.5,3.1,0p,0,1.1,44,189,33,302,1.0,-,-,115,31,118,0.04,0.07,2.50,1
AAG25,AAG25,G,"Finfish, shellfish, other aquatic animals and products",THG74,"Catfish, gunther's walking, boiled","ปลาดุกอุย, ต้ม(TH)",50,primary,-,212,65.2,18.2,15.5,0.0,0,1.1,22,154,45,354,0.7,0.00,0.5,-,-,-,0.10,-,-,-
AAG26,AAG26,G,"Finfish, shellfish, other aquatic animals and products",THG75,"Catfish, gunther's walking, fried","ปลาดุกอุย, ทอด(TH)",50,primary,-,315,51.8,28.1,22.5,0p,0,1.9,91,289,95,470,2.3,0.10,0.5,-,-,-,0.09,0.23,4.10,-
AAG24,AAG24,G,"Finfish, shellfish, other aquatic animals and products",THG77,"Catfish, gunther's walking, raw","ปลาดุกอุย, สด(TH)",50,primary,-,209,65.1,17.8,14.7,1.3,0,1.1,20,168,65,288,0.8,0.10,0.2,-,-,-,0.01,0.45,2.30,-
AAG27,AAG27,G,"Finfish, shellfish, other aquatic animals and products",THG76,"Catfish, gunther's walking, roasted","ปลาดุกอุย, ย่าง(TH)",50,primary,-,276,52.0,27.8,17.9,0.9,0,1.4,103,245,91,408,3.9,0.20,1.0,-,-,-,0.09,0.13,4.30,-
AAG217,AAG217,G,"Finfish, shellfish, other aquatic animals and products",THG128,"Catfish, striped, , w/ skin, raw","ปลาสวาย, สด(TH)",50,primary,-,215,66.1,15.0,16.5,1.5,0,0.9,24,134,64,272,1.4,0.00,0.1,-,-,-,0.02,0.19,0.80,2
AAG218,AAG218,G,"Finfish, shellfish, other aquatic animals and products",THG127,"Catfish, striped, w/ skin, steamed","ปลาสวาย, นึ่ง(TH)",50,primary,-,188,66.0,20.3,11.2,1.4,0,1.1,24,154,66,248,0.6,0.00,0.1,-,-,-,ND,0.17,1.20,-
AAG160,AAG160,G,"Finfish, shellfish, other aquatic animals and products",THG15,"Catfish, truncated estuarine, raw",ปลากดขาว(กดหลาว)(TH),50,primary,-,92,78.4,18.7,1.9,0.1,0,0.9,98,168,-,-,4.2,-,-,-,-,-,0.17,-,1.30,-
AAG250,AAG250,G,"Finfish, shellfish, other aquatic animals and products",THG180,"Clam, undulated surf",หอยลาย(TH),50,primary,-,64,82.3,10.3,0.5,4.5,0,2.4,94,112,-,-,5.7,-,-,-,-,-,0.00,0.16,-,2
AAG288,AAG288,G,"Finfish, shellfish, other aquatic animals and products",THG15,"Cobia/Black kingfish, raw",ปลาช่อนทะเล (TH),50,primary,-,92,78.4,18.7,1.9,0.1,0,0.9,98,168,-,-,4.2,-,-,-,-,,0.17,,1.30,-
AAG224,AAG224,G,"Finfish, shellfish, other aquatic animals and products","MYG414, THG169","Cockle/ark shell, fresh","Kerang(MY), หอยแครง(TH)",50,primary,-,71,81.3,11.7,1.1,3.5,0,2.4,181,135,325,228,10.5,0.21,2.4,94,78,101,0.06,0.35,2.10,-
AAG38,AAG38,G,"Finfish, shellfish, other aquatic animals and products","VNG344,PHG042","Crab, shore, raw","Talangka(PH), Cua đồng bŏ vŏ(VN)",50,primary,-,104,71.3,13.1,3.6,4.9,0,7.1,3576,320,-,-,2.9,-,-,279,58,284,0.03,0.65,2.50,0
AAG39,AAG39,G,"Finfish, shellfish, other aquatic animals and products","THG157, MYG417, PHG041","Crabmeat, mud, boiled","Ketam bunga, direbus(MY), Alimango laman, nilaga(PH), ปูทะเล,
เนื้อ, ต้ม(TH)",50,primary,-,86,78.1,17.7,1.6,0.3,0,2.3,206,246,327,209,1.2,1.30,3.1,54,110,63,0.02,0.31,2.20,0
AAG40,AAG40,G,"Finfish, shellfish, other aquatic animals and products","PHG040,THG156","Crabmeat, mud, fresh","Alimango laman(PH), ปู ทะเล, เนื้อ(TH)",50,primary,-,98,77.7,17.9,2.9,0p,0,2.0,183,232,-,-,2.6,-,-,199,232,218,0.05,0.17,3.40,0
AAG41,AAG41,G,"Finfish, shellfish, other aquatic animals and products","MYG420, VNG361","Cuttlefish, dried","Sotong,  kering(MY), Mùc khô(VN)",50,primary,-,295,26.0,60.4,3.7,4.9,0,5.0,62,523,1000,583,4.2,-,-,93,0,93,0.05,0.12,9.30,0
AAG42,AAG42,G,"Finfish, shellfish, other aquatic animals and products","MYG419,THG141,V NG350","Cuttlefish, raw","Sotong(MY),  ปลาหมึก กระดอง, สด(TH), Mùc tGÐi(VN)",50,primary,-,72,84.5,15.9,0.9,0p,0,1.2,16,93,213,67,1.1,-,-,22,0,22,0.01,0.08,1.50,2
AAG44,AAG44,G,"Finfish, shellfish, other aquatic animals and products","PHG049,VNG349","Eel, silver pike (daggertooth pike conger), sea water , raw","Pindanga(PH), LGÐn(VN)",50,primary,-,88,79.2,18.8,1.4,0p,0,1.3,63,179,-,-,0.8,-,-,185,3,185,0.11,0.04,2.70,0
AAG146,AAG146,G,"Finfish, shellfish, other aquatic animals and products",THG151,"Eel, swamp, boiled","ปลาไหล, ต้ม(TH)",51,primary,-,92,76.9,20.7,0.6,0.9,0,0.9,23,139,64,248,1.6,0.10,0.7,-,-,-,0.00,0.99,2.10,-
AAG286,AAG286,G,"Finfish, shellfish, other aquatic animals and products",THG150,"Eel, swamp, raw","ปลาไหล, สด(TH)",51,primary,-,86,78.9,19.7,0.8,0p,0,1.1,33,153,58,253,1.7,0.00,0.8,-,-,-,0.07,0.09,8.80,0
AAG45,AAG45,G,"Finfish, shellfish, other aquatic animals and products","THG117, MYG425","Featherback, grey (knifefish), raw","Belida(MY), ปลาสลาด
(ฉลาด), สด(TH)",51,primary,-,94,77.1,19.6,1.5,0.5,0,1.3,77,176,19,245,0.3,-,-,87,0,87,0.00,0.03,3.70,5
AAG62,AAG62,G,"Finfish, shellfish, other aquatic animals and products",THG118,"Featherback, grey (knifefish), roasted","ปลาสลาด, ย่าง(TH)",51,primary,-,366,3.9,81.7,0.1,9.5,0,4.8,536,214,-,-,2.3,-,-,-,-,-,0.01,0.21,-,-
AAG208,AAG208,G,"Finfish, shellfish, other aquatic animals and products",THG23,"Featherback, spotted (knifefish) flesh, cooked","ปลากราย, ขูด, ต้ม(TH)",51,primary,-,82,79.6,16.0,0.8,2.7,0,0.9,58,108,147,118,0.6,0.10,0.1,-,-,-,0.00,0.29,0.70,-
AAG206,AAG206,G,"Finfish, shellfish, other aquatic animals and products",THG21,"Featherback, spotted (knifefish), flesh, raw","ปลากราย, ขูด, ดิบ(TH)",51,primary,-,84,79.9,17.5,1.6,0.0,0,1.0,45,172,-,-,1.2,-,-,-,-,-,0.04,0.07,8.50,-
AAG207,AAG207,G,"Finfish, shellfish, other aquatic animals and products",THG22,"Featherback, spotted (knifefish), raw","ปลากราย, หางแพน, สด(TH)",51,primary,-,78,80.3,16.7,1.2,0.2,0,1.6,75,156,193,219,1.2,0.00,0.1,-,-,-,0.01,0.32,1.30,-
AAG225,AAG225,G,"Finfish, shellfish, other aquatic animals and products",THG110,"Fermented fish (Pla-ra), canned","ปลาร้า, บรรจุกระป๋อง(TH)",51,primary,-,(70),80.8,5.4,3.4,(4.4),-,6.0,-,-,-,-,-,-,-,-,-,-,-,-,-,-
AAG46,AAG46,G,"Finfish, shellfish, other aquatic animals and products",THG103,"Fermented fish (Pla-ra), from markets","ปลาร้า, จากท้องตลาด(TH)",51,primary,-,102,53.4,13.3,3.9,3.2,1,25.7,1477,806,6267,195,5.5,-,-,3,-,3,0.01,0.13,0.80,-
AAG48,AAG48,G,"Finfish, shellfish, other aquatic animals and products","PHG161,MYG427 SGT88","Fish ball, uncooked",Bebola ikan(MY),51,primary,-,92,76.7,10.5,1.6,8.9,0,2.2,45,91,662,83,0.8,-,-,19,25,21,0.02,0.13,0.80,0
AAG52,AAG52,G,"Finfish, shellfish, other aquatic animals and products",THG1,"Fish, maw, dried, raw",กระเพาะปลา(TH),51,primary,-,279,23.5,64.1,0.5,4.4,0,7.5,31,-,-,-,-,-,-,-,-,-,-,-,-,-
AAG166,AAG166,G,"Finfish, shellfish, other aquatic animals and products","PHG054, MYG437","Flatfish/Turbot, Indian (halibut), raw","Sabelah(MY), Kalangkaw(PH)",51,primary,-,87,77.1,21.2,0.2,0.2,0,1.3,50,192,108,449,0.5,-,-,55,5,55,0.04,0.06,3.70,0
AAG55,AAG55,G,"Finfish, shellfish, other aquatic animals and products",THG26,"Giant seaperch, boiled","ปลากะพงขาว, ต้ม(TH)",51,primary,-,136,71.8,23.7,4.6,0p,0,1.0,48,179,67,207,0.4,0.10,0.0,-,-,-,0.06,0.09,2.50,-
AAG99,AAG99,G,"Finfish, shellfish, other aquatic animals and products","THG28,MYG455,MY G454","Giant seaperch, raw","Siakap(MY), ปลากะพงขาว
, สด(TH)",51,primary,-,111,75.5,20.5,3.2,0p,0,1.2,26,202,56,329,0.4,0.09,0.0,15,0,15,0.10,0.16,2.10,0
AAG56,AAG56,G,"Finfish, shellfish, other aquatic animals and products",THG27N,"Giant seaperch, steamed","ปลากะพงขาว, นึ่ง(TH)",51,primary,-,138,70.8,21.2,5.2,1.7,0,1.1,39,188,70,224,0.6,0.10,0.0,-,-,-,0.04,0.11,2.30,0
AAG57,AAG57,G,"Finfish, shellfish, other aquatic animals and products","PHG060,VNG337 MYG432","Goby, all species, raw","Ketutu(MY), Biyang puti(PH),  C¸ bèng(VN)",51,primary,-,80,79.6,18.5,0.6,0.1,0,1.2,40,162,56,362,0.7,-,-,56,13,57,0.02,0.14,1.80,2
AAG59,AAG59,G,"Finfish, shellfish, other aquatic animals and products","PHG062, MYG433","Gourami, giant, raw","Kalui(MY), Gurami(PH)",51,primary,-,97,78.5,17.3,2.9,0.3,0,1.0,102,189,20,312,0.8,-,-,84,10,85,0.08,0.19,1.50,0
AAG138,AAG138,G,"Finfish, shellfish, other aquatic animals and products",THG123,"Gourami, snake skin, dried","ปลาสลิด, แห้ง(TH)",51,primary,-,265,36.2,45.3,9.0,0.6,0,8.9,213,90,-,-,1.6,-,-,-,-,-,0.13,0.40,-,-
AAG60,AAG60,G,"Finfish, shellfish, other aquatic animals and products","THG124, MYG434","Gourami, snake skin, raw","Sepat siam(MY), ปลาสลิด, สด(TH)",51,primary,-,83,79.9,17.6,1.3,0.1,0,1.1,59,188,10,267,1.8,-,-,24,0,24,0.55,0.28,1.80,3
AAG179,AAG179,G,"Finfish, shellfish, other aquatic animals and products",THG120,"Gourami, snake skin, salted, dried, boiled","ปลาสลิด, หมักเกลือ, แห้ง, ต้ม(TH)",51,primary,-,166,58.6,30.8,4.8,0p,0,6.0,156,166,1793,222,1.3,0.10,0.6,-,-,-,0.10,0.31,2.00,-
AAG180,AAG180,G,"Finfish, shellfish, other aquatic animals and products",THG121,"Gourami, snake skin, salted, dried, fried","ปลาสลิด, หมักเกลือ, แห้ง, ทอด(TH)",51,primary,-,347,25.7,44.1,19.0,0p,0,12.1,349,379,3220,470,2.9,0.20,0.5,-,-,-,0.12,0.43,3.00,-
AAG181,AAG181,G,"Finfish, shellfish, other aquatic animals and products",THG122,"Gourami, snake skin, salted, dried, grilled","ปลาสลิด, หมักเกลือ, แห้ง, ย่าง(TH)",51,primary,-,265,35.2,46.1,9.0,0p,0,12.1,238,325,3244,444,1.8,0.10,0.4,-,-,-,0.12,0.56,3.30,-
AAG269,AAG269,G,"Finfish, shellfish, other aquatic animals and products",THG35,"Grouper, fried","ปลาเก๋า, ทอด(TH)",51,primary,-,241,53.3,32.0,12.5,0.1,0,2.1,164,315,268,293,0.7,0.00,0.2,-,-,-,0.01,0.08,1.60,-
AAG268,AAG268,G,"Finfish, shellfish, other aquatic animals and products",THG37,"Grouper, raw","ปลาเก๋า, สด(TH)",51,primary,-,82,79.0,18.9,0.6,0.3,0,1.2,54,146,165,198,0.4,0.00,0.2,-,-,-,0.02,0.04,1.20,-
AAG270,AAG270,G,"Finfish, shellfish, other aquatic animals and products",THG36,"Grouper, steamed","ปลาเก๋า, นึ่ง(TH)",52,primary,-,103,73.8,23.9,0.7,0.2,0,1.4,122,193,164,303,0.5,0.00,0.2,-,-,-,0.01,0.04,1.30,-
AAG71,AAG71,G,"Finfish, shellfish, other aquatic animals and products","THG165,PHG172","Jellyfish, dried","Dikya, tuyo(PH),
แมงกะพรุน, แห้ง(TH)",52,primary,-,53,72.2,7.1,0.3,5.5,0,14.9,124,40,-,-,1.9,-,-,0,0,0,0.01,0.03,T,0
AAG77,AAG77,G,"Finfish, shellfish, other aquatic animals and products","THG113, MYG447","Mackerel, Indian, raw","Kembong(MY), ปลาลัง(ทู
โม่ง), สด(TH)",52,primary,-,119,73.4,21.5,3.7,0p,0,1.5,48,263,59,370,1.8,-,-,24,4,24,0.09,0.14,4.70,0
AAG226,AAG226,G,"Finfish, shellfish, other aquatic animals and products",THG82,"Mackerel, salted (Pla-too-khem)","ปลาทู, เค็ม(TH)",52,primary,-,145,54.8,24.4,4.2,2.3,0,14.3,131,50,-,-,-,-,-,-,-,,0.10,0.24,-,-
AAG199,AAG199,G,"Finfish, shellfish, other aquatic animals and products",THG88,"Mackerel, short- bodied, steamed, fried","ปลาทู, นึ่ง, ทอด(TH)",52,primary,-,233,53.6,27.5,13.6,0.1,0,5.2,190,361,1018,726,1.6,0.20,1.1,-,-,-,0.18,0.25,5.90,-
AAG195,AAG195,G,"Finfish, shellfish, other aquatic animals and products",THG94,"Mackerel, short-bodied, boiled","ปลาทู, สด, ต้ม(TH)",52,primary,-,145,69.4,23.4,5.6,0.2,0,1.4,93,267,101,216,1.1,0.10,0.7,-,-,-,0.08,0.14,5.10,-
AAG196,AAG196,G,"Finfish, shellfish, other aquatic animals and products",THG95,"Mackerel, short-bodied, fried","ปลาทู, สด, ทอด(TH)",52,primary,-,236,56.2,28.0,13.6,0.3,0,1.9,114,343,132,333,2.4,0.20,1.0,-,-,-,0.13,0.22,1.70,-
AAG75,AAG75,G,"Finfish, shellfish, other aquatic animals and products",THG92,"Mackerel, short-bodied, in oil, canned, drained","ปลาทู, ในนํ้ามัน, บรรจุ กระป๋อง, เฉพาะเนื้อ(TH)",52,primary,-,138,68.3,23.0,4.9,0.5,0,3.3,506,-,417,-,2.0,-,-,-,-,-,-,-,-,-
AAG78,AAG78,G,"Finfish, shellfish, other aquatic animals and products",THG90,"Mackerel, short-bodied, in tomato sauce and chilli, canned","ปลาทู, ในซอสมะเขือเทศ-
พริก, บรรจุกระป๋อง(TH)
,",52,primary,-,101,75.4,15.2,3.3,1.8,1.7,2.6,276,-,389,-,2.1,-,-,-,-,-,-,-,-,-
AAG76,AAG76,G,"Finfish, shellfish, other aquatic animals and products","THG89,PHG179","Mackerel, short-bodied, in tomato sauce, canned","sce(PH), ปลาทู, ในซอส มะเขือเทศ, บรรจุกระป๋อง (TH)",52,primary,-,98,76.3,15.2,3.6,0.5,1.6,2.8,343,261,347,-,2.0,-,-,8,-,8,0.03,0.26,5.20,4
AAG129,AAG129,G,"Finfish, shellfish, other aquatic animals and products","PHG070,THG93","Mackerel, short-bodied, raw","Hasa-hasa(PH), ปลาทู,
สด(TH)
,",52,primary,-,122,74.1,21.4,4.0,0p,0,1.5,62,250,97,331,1.4,0.20,0.6,102,61,107,0.11,0.24,7.10,5
AAG76,AAG76,G,"Finfish, shellfish, other aquatic animals and products","THG89,PHG179","Mackerel, short-bodied, in tomato sauce, canned","sce(PH), ปลาทู, ในซอส มะเขือเทศ, บรรจุกระป๋อง (TH)",52,duplicate_printing,-,98,76.3,15.2,3.6,0.5,1.6,2.8,343,261,347,-,2.0,-,-,8,-,8,0.03,0.26,5.20,4
AAG198,AAG198,G,"Finfish, shellfish, other aquatic animals and products",THG87,"Mackerel, short-bodied, steamed, boiled","ปลาทู, นึ่ง, ต้ม(TH)",52,primary,-,120,70.4,21.9,2.7,1.9,0,3.1,193,254,568,444,1.4,0.10,0.9,-,-,-,0.13,0.18,4.70,-
AAG201,AAG201,G,"Finfish, shellfish, other aquatic animals and products",THG152,"Mackerel, Spanish, fried","ปลาอินทรี, ชิ้น, ทอด(TH)",52,primary,-,190,61.2,28.2,8.5,0.2,0.0,1.9,27,312,161,390,0.5,0.10,0.2,-,-,-,0.04,0.23,3.20,-
AAG141,AAG141,G,"Finfish, shellfish, other aquatic animals and products","THG153,MYG448,P HG072","Mackerel, Spanish, sliced, raw","Tenggiri(MY), Tangigi(PH), ปลาอินทรี, ชิ้น, สด(TH)",52,primary,-,103,76.3,19.4,2.8,0.0,0,1.5,17,230,109,228,0.8,0.00,0.4,134,45,138,0.03,0.10,3.30,0
AAG262,AAG262,G,"Finfish, shellfish, other aquatic animals and products",THG19,"Mullet, bluespot gray, raw","ปลากระบอก (ปีกเหลือง),
สด(TH)",52,primary,-,117,76.3,24.7,2.0,0p,0,1.7,94,217,-,-,4.3,-,-,20,-,20,0.04,0.19,4.10,-
AAG255,AAG255,G,"Finfish, shellfish, other aquatic animals and products",THG177,"Mussel, green, raw",หอยแมลงภู่(TH),52,primary,-,53,85.4,9.3,0.9,2.0,0,2.4,25,178,211,72,10.3,0.20,1.0,-,-,-,0.01,0.26,1.90,11
AAG221,AAG221,G,"Finfish, shellfish, other aquatic animals and products",THG97,"Nile tilapia, boiled","ปลานิล, ต้ม(TH)",52,primary,-,123,73.4,21.4,4.2,0p,0,1.1,190,173,74,344,1.0,0.00,0.2,-,-,-,0.04,0.22,2.30,-
AAG222,AAG222,G,"Finfish, shellfish, other aquatic animals and products",THG99,"Nile tilapia, fried","ปลานิล, ทอด(TH)",52,primary,-,,44.7,30.9,21.8,0.3,0,2.3,264,328,146,600,2.1,0.10,0.4,-,-,-,0.04,0.42,2.50,-
AAG95,AAG95,G,"Finfish, shellfish, other aquatic animals and products","PHG089,THG174 MYG450","Oyster, raw","Tiram(MY), Talaba(PH),
หอยนางรม(TH)",52,primary,-,58,86.4,7.5,1.9,2.6,0,1.6,110,102,40,22,5.2,6.39,7.1,96,15,97,0.23,0.21,2.20,7
AAG98,AAG98,G,"Finfish, shellfish, other aquatic animals and products","PHG035, MYG453, THG140","Perch, climbing","Puyu/Betok(MY), Martiniko(PH),
ปลาหมอไทย, สด(TH)",52,primary,-,145,76.7,17.9,8.2,0p,0,1.2,110,184,22,231,1.2,-,-,38,0,38,0.03,0.39,2.90,1
AAG9,AAG9,G,"Finfish, shellfish, other aquatic animals and products","THG43,MYT708","Pomfret, black, fried","Ikan bawal hitam goreng(MY),  ปลา จะละเม็ดดํา, ทอด(TH)",52,primary,-,259,49.8,31.8,14.3,0.8,0,3.3,114,297,157,311,1.4,0.09,0.7,54,0,54,0.28,0.28,0.30,0
AAG102,AAG102,G,"Finfish, shellfish, other aquatic animals and products","THG44,PHG094,M YG456","Pomfret, black, raw","Bawal hitam(MY), Pampano(PH),
ปลาจะละเม็ดดํา, สด(TH)",53,primary,-,102,76.3,19.8,2.5,0.1,0,1.3,43,204,94,196,0.6,0.00,0.3,97,0,97,0.23,0.16,3.80,0
AAG10,AAG10,G,"Finfish, shellfish, other aquatic animals and products",THG45,"Pomfret, black, steamed","ปลาจะละเม็ดดํา, นึ่ง(TH)",53,primary,-,160,67.2,22.8,6.9,1.6,0,1.5,58,208,105,214,0.7,0.10,0.3,-,-,-,0.24,0.15,1.60,-
AAG193,AAG193,G,"Finfish, shellfish, other aquatic animals and products",THG40,"Pomfret, silver, fried","ปลาจะละเม็ดขาว, ทอด(TH)",53,primary,-,335,44.4,32.7,22.7,0p,0,1.8,32,325,206,277,0.7,0.10,0.9,-,-,-,0.17,0.12,3.40,-
AAG194,AAG194,G,"Finfish, shellfish, other aquatic animals and products",THG41,"Pomfret, silver, steamed","ปลาจะละเม็ดขาว, นึ่ง(TH)",53,primary,-,158,70.3,22.9,7.4,0p,0,1.0,23,161,301,173,0.5,0.10,0.2,-,-,-,0.10,0.08,2.50,-
AAG103,AAG103,G,"Finfish, shellfish, other aquatic animals and products","THG42,MYG458","Pomfret, silver/white, raw","Bawal putih(MY),  ปลา จะละเม็ดขาว, สด(TH)",53,primary,-,126,75.2,19.4,5.4,0p,0,1.1,15,185,145,263,0.6,0.10,0.3,27,0,27,0.10,0.09,2.00,1
AAG283,AAG283,G,"Finfish, shellfish, other aquatic animals and products",THG4,"Prawn, fresh water, giant, raw","กุ้งก้ามกราม, สด(TH)",53,primary,-,108,76.3,17.9,3.7,0.8,0,1.3,17,141,-,-,-,-,-,-,-,-,-,0.09,1.90,1
AAG105,AAG105,G,"Finfish, shellfish, other aquatic animals and products","PHG115,THG12","Prawn, fresh water, raw","Ulang(PH), กุ้งฝอยนํ้าจืด, สด(TH)",53,primary,-,98,75.5,17.5,1.7,3.1,0,2.2,44,212,-,-,1.7,-,-,18,4,18,0.04,0.39,3.60,0
AAG106,AAG106,G,"Finfish, shellfish, other aquatic animals and products",THG5,"Prawn, giant tiger, headless, frozen","กุ้งกุลาดํา, แช่แข็ง, เฉพาะ
เนื้อ(TH)",53,primary,-,88,77.5,20.0,0.9,0p,0,1.8,209,-,114,-,0.5,-,-,-,-,-,-,-,-,-
AAG282,AAG282,G,"Finfish, shellfish, other aquatic animals and products",THG7,"Prawn, green tiger, raw","กุ้งกุลาลาย(กุ้งทะเล), สด(TH)",53,primary,-,,79.6,-,-,-,-,-,65,280,181,325,2.2,0.70,1.4,-,-,-,-,0.10,5.00,0
AAG232,AAG232,G,"Finfish, shellfish, other aquatic animals and products",THG136,"Queenfish, Slender, dried","ปลาสีเสียด, แห้ง(TH)",53,primary,-,176,43.7,37.8,2.8,0p,0,16.0,253,407,-,-,9.0,-,-,-,-,-,0.13,0.14,11.50,-
AAG3,AAG3,G,"Finfish, shellfish, other aquatic animals and products",THG173,Radiated scallop,หอยเชลล์/หอยพัด(TH),53,primary,-,106,72.8,22.3,0.4,3.3,0,1.2,14,138,-,-,0.6,-,-,-,-,-,0.05,0.02,-,-
AAG113,AAG113,G,"Finfish, shellfish, other aquatic animals and products",THG62,"Sardine, in oil, canned, drained","ปลาซาดีน, ในนํ้ามัน, บรรจุ กระป๋อง, เฉพาะเนื้อ(TH)",53,primary,-,133,69.8,22.2,4.9,0.1,0,3.0,518,-,336,-,1.9,-,-,5,-,5,-,-,-,-
AAG116,AAG116,G,"Finfish, shellfish, other aquatic animals and products",THG59,"Sardine, in tomato sauce and chilli, canned","ปลาซาดีน, ในซอสมะเขือ เทศและพริก เผ็ดมาก, บรรจุกระป๋อง(TH)",53,primary,-,69,80.5,10.6,1.3,2.7,2,2.9,352,-,521,-,1.7,-,-,2,-,2,-,-,-,-
AAG115,AAG115,G,"Finfish, shellfish, other aquatic animals and products","THG60,PHG203","Sardine, in tomato sauce, canned","Sardinas, sa tomato sce, de lata(PH), ปลาซาดีน, ในซอสมะเขือเทศ, บรรจุ
กระป๋อง(TH)",53,primary,-,93,76.2,12.3,2.2,5.6,1,2.7,278,183,412,-,2.1,-,-,8,42,12,0.02,0.19,4.30,0
AAG112,AAG112,G,"Finfish, shellfish, other aquatic animals and products",THG63,"Sardine, w/ lemon, in oil, canned, drained",",          -       ,
บรรจุกระป๋อง, เฉพาะเนื้อ
(TH)",53,primary,-,(152),66.7,23.0,6.7,(0p),-,3.7,495,-,513,-,2.8,-,-,3,-,3,-,-,-,-
AAG117,AAG117,G,"Finfish, shellfish, other aquatic animals and products","PHG104, MYG473","Scad, big-eyed/caranx, raw","Pelata(MY), Matang baka(PH)",53,primary,-,102,76.2,21.2,1.9,0p,0,1.5,62,224,55,303,0.9,-,-,78,26,80,0.10,0.22,6.10,0
AAG118,AAG118,G,"Finfish, shellfish, other aquatic animals and products","MYG471, THG149","Scad, hardtail (torpedo), dried","Cincaru, kering(MY),
ปลาหางแข็ง, แห้ง(TH)",53,primary,-,166,46.3,37.4,1.8,0p,0,15.1,116,210,5924,228,4.7,-,-,71,0,71,0.06,0.17,10.40,0
AAG119,AAG119,G,"Finfish, shellfish, other aquatic animals and products","THG147, MYG470","Scad, hardtail (torpedo), raw","Cincaru(MY), ปลาหางแข็ง
(แข้งไก่ หางกิ่วหม้อ), สด(TH)",53,primary,-,93,76.4,21.3,0.8,0.2,0,1.3,58,216,67,246,2.3,-,-,27,0,27,0.05,0.23,3.40,0
AAG284,AAG284,G,"Finfish, shellfish, other aquatic animals and products","PHG108, MYG475","Sea cucumber/sea slug, cleaned, raw","Trepang, dibersih(MY), Balatan(PH)",53,primary,-,21,94.5,4.8,0.2,0.1,0,0.4,76,5,20,25,0.6,-,-,3,0,3,0.00,0.00,0.20,0
AAG228,AAG228,G,"Finfish, shellfish, other aquatic animals and products",THG163,Sea horse,ม้านํ้า(TH),53,primary,-,194,24.7,28.5,0.4,19.2,0,27.2,563,-,-,-,-,-,-,-,-,-,-,-,-,-
AAG124,AAG124,G,"Finfish, shellfish, other aquatic animals and products",THG188,"Shark fins, dried","หูฉลาม, แห้ง(TH)",53,primary,-,282,24.4,61.6,2.3,3.8,0,7.9,70,-,-,-,-,-,-,-,-,-,-,0.08,0.90,0
AAG127,AAG127,G,"Finfish, shellfish, other aquatic animals and products","VNG342,THG100","Sheat-fish, raw","ปลาเนื้ออ่อน, สด(TH), Cá trê(VN)",53,primary,-,106,75.6,16.3,2.5,4.5,0,1.1,26,54,-,-,0.9,-,-,-,-,-,0.01,0.06,1.80,0p
AAG132,AAG132,G,"Finfish, shellfish, other aquatic animals and products","IDG48,VNG363","Shrimp, dried",Tôm khô(VN),54,primary,-,316,13.8,69.1,4.0,1.0,0,12.1,770,517,547,365,5.3,2.40,3.2,40,-,-,-,-,0.10,-
AAG237,AAG237,G,"Finfish, shellfish, other aquatic animals and products",THG14,"Shrimp, salted, dried","กุ้ง, แห้ง, ตัวเล็ก(TH)",54,primary,-,263,16.1,46.4,2.9,12.8,0,21.8,2305,625,-,-,20.0,-,-,-,-,-,0.05,0.20,5.70,-
AAG34,AAG34,G,"Finfish, shellfish, other aquatic animals and products",THG80,"Silver- barb, common, raw","ปลาตะเพียนขาว, สด(TH)",54,primary,-,124,74.0,21.1,4.4,0p,0,1.3,32,172,90,202,0.6,0.10,0.1,-,-,-,0.02,0.06,3.10,-
AAG176,AAG176,G,"Finfish, shellfish, other aquatic animals and products",THG78,"Silver-barb, common, boiled","ปลาตะเพียนขาว, ต้ม(TH)",54,primary,-,177,68.2,19.3,10.7,0.8,0,1.0,37,179,64,188,0.6,0.10,0.2,-,-,-,0.00,0.14,2.30,-
AAG177,AAG177,G,"Finfish, shellfish, other aquatic animals and products",THG79,"Silver-barb, common, fried","ปลาตะเพียนขาว, ทอด(TH)",54,primary,-,311,49.3,25.5,22.8,0.9,0,1.5,78,257,106,313,1.7,0.10,0.4,-,-,-,0.04,0.14,3.40,-
AAG135,AAG135,G,"Finfish, shellfish, other aquatic animals and products","PHG126, MYG459","Slipmouth, ponyfish, raw","Kikek gedebang(MY), Sapsap(PH)",54,primary,-,84,79.2,18.8,1.0,0p,0,1.3,56,181,99,227,0.5,-,-,29,18,31,0.02,0.08,2.50,0
AAG53,AAG53,G,"Finfish, shellfish, other aquatic animals and products","VNG351,VNG353","Snail, fresh water, all species","ốc bGÐu, ốc nhồi(VN)",54,primary,-,84,77.2,11.5,0.7,7.9,0,2.7,1334,128,-,-,-,-,-,-,-,-,0.01,0.06,1.00,-
AAG253,AAG253,G,"Finfish, shellfish, other aquatic animals and products",THG168,"Snail, pond,  river",หอยขม(TH),54,primary,-,74,79.3,12.1,0.7,4.9,0,3.0,-,114,-,-,8.7,-,-,-,-,-,0.01,0.60,3.40,0
AAG92,AAG92,G,"Finfish, shellfish, other aquatic animals and products",THG51,"Snakehead, striped, dried","ปลาช่อน, แห้ง(TH)",54,primary,-,249,38.1,45.7,7.0,0.8,0,8.4,194,184,-,-,3.3,-,-,-,-,-,0.03,0.06,-,-
AAG184,AAG184,G,"Finfish, shellfish, other aquatic animals and products",THG30,"Snapper, red, Malabar, boiled","ปลากะพงแดงสั้นหางปาน,
ต้ม(TH)",54,primary,-,104,74.2,23.9,0.9,0.0,0,1.0,55,178,114,195,0.4,0.00,1.2,-,-,-,0.02,0.18,3.20,-
AAG185,AAG185,G,"Finfish, shellfish, other aquatic animals and products",THG31,"Snapper, red, Malabar, fried","ปลากะพงแดงสั้นหางปาน,
ทอด(TH)",54,primary,-,215,58.3,29.3,10.9,0p,0,1.6,101,272,189,321,0.5,0.00,0.2,-,-,-,0.02,0.07,3.90,-
AAG183,AAG183,G,"Finfish, shellfish, other aquatic animals and products","PHG098, THG33","Snapper, red, Malabar, raw","-                  ,
กะพงแดงสั้นหางปาน, สด
(TH)",54,primary,-,72,81.5,16.9,0.5,0.0,0,1.1,31,144,104,182,0.6,0.00,0.1,28,T,28,0.04,0.08,3.00,0
AAG186,AAG186,G,"Finfish, shellfish, other aquatic animals and products",THG32,"Snapper, red, Malabar, steamed","ปลากะพงแดงสั้นหางปาน, นึ่ง(TH)",54,primary,-,98,75.3,22.9,0.7,0p,0,1.2,39,171,107,230,0.3,0.00,0.2,-,-,-,0.03,0.07,-,-
AAG140,AAG140,G,"Finfish, shellfish, other aquatic animals and products","THG34,MYG489","Snapper, russell, raw","Tanda(MY),  ปลากะพงปาน ข้างลาย, สด(TH)",54,primary,-,82,78.5,19.5,0.3,0.2,0,1.5,46,211,79,300,0.5,-,-,4,0,4,0.04,0.09,2.10,0
AAG204,AAG204,G,"Finfish, shellfish, other aquatic animals and products",THG146,"Squid, splendid, dried","ปลาหมึกกล้วย, แห้ง(TH)",54,primary,-,252,36.2,47.9,5.6,2.5,0,7.8,24,-,-,-,-,-,-,-,-,-,-,-,-,-
AAG202,AAG202,G,"Finfish, shellfish, other aquatic animals and products",THG143,"Squid, splendid, raw","ปลาหมึกกล้วย, สด(TH)",54,primary,-,68,82.5,15.4,0.4,0.6,0,1.1,8,163,254,107,2.1,0.20,1.1,-,-,-,-,-,-,-
AAG203,AAG203,G,"Finfish, shellfish, other aquatic animals and products",THG142,"Squid, splendid, salted and dried","ปลาหมึกกล้วย, แห้ง(เค็มตัว
เล็ก)(TH)",54,primary,-,299,24.1,62.4,3.8,3.7,0,6.0,78,282,-,-,1.6,-,-,-,-,-,0.04,0.12,-,-
AAG205,AAG205,G,"Finfish, shellfish, other aquatic animals and products",THG145,"Squid, splendid, skin removed, whole cleaned, frozen","ปลาหมึกกล้วย, ลอกหนัง ติดหัว, แช่แข็ง(TH)",54,primary,-,59,85.6,11.8,1.0,0.7,0,0.9,12,-,238,-,0.5,-,-,-,-,-,-,-,-,-
AAG143,AAG143,G,"Finfish, shellfish, other aquatic animals and products","MYG491, PHG133","Sting ray, blue spotted, raw","Pari nyiru(MY), Dahonan(PH)",54,primary,-,88,78.1,21.3,0.3,0p,0,1.4,18,103,80,220,0.6,-,-,11,2,11,0.04,0.06,2.70,0
AAG151,AAG151,G,"Finfish, shellfish, other aquatic animals and products","PHG142,PHG143 PHG144, MYG494","Threadfin, all species, raw","Senangin(MY), Mamale(PH)",54,primary,-,108,77.0,20.2,3.0,0p,0,1.3,32,197,29,226,0.5,-,-,10,1,10,0.10,0.07,3.50,1
AAG150,AAG150,G,"Finfish, shellfish, other aquatic animals and products",MYG493,"Threadfin, dried","Kurau, kering(MY)",54,primary,-,178,44.8,40.1,1.9,0p,0,15.3,112,166,3158,122,1.0,-,-,44,0,44,0.08,0.15,3.90,0
AAG15,AAG15,G,"Finfish, shellfish, other aquatic animals and products","MYG400,MYG401 MYG402,PHG145 THG98","Tilapia, all species, raw","Tilapia, Tilapia merah, Kerisi(MY),  ปลานิล, สด (TH)",54,primary,-,94,77.7,18.4,1.9,0.8,0,1.2,46,194,56,292,0.8,0.00,0.2,31,3,31,0.03,0.10,2.20,0
AAG6,AAG6,G,"Finfish, shellfish, other aquatic animals and products",THG129,"Trevally, black-banded, fried","ปลาสําลี, ทอด(TH)",54,primary,-,241,56.8,26.0,15.0,0.4,0,1.8,91,256,249,362,0.8,0.10,0.5,-,-,-,0.06,0.16,4.70,-
AAG7,AAG7,G,"Finfish, shellfish, other aquatic animals and products",THG131,"Trevally, black-banded, grilled","ปลาสําลี, เผา(TH)",54,primary,-,146,70.4,22.1,6.4,0p,0,1.2,62,201,206,276,0.5,0.00,0.4,-,-,-,0.06,0.12,4.70,-
AAG4,AAG4,G,"Finfish, shellfish, other aquatic animals and products",THG132,"Trevally, black-banded, raw","ปลาสําลี, สด(TH)",54,primary,-,134,71.9,18.6,5.3,2.9,0,1.3,42,108,284,274,0.6,0.10,0.3,-,-,-,0.04,0.11,5.70,-
AAG8,AAG8,G,"Finfish, shellfish, other aquatic animals and products",THG130,"Trevally, black-banded, steamed","ปลาสําลี, นึ่ง(TH)",55,primary,-,163,68.1,21.2,8.6,0.3,0,1.8,62,173,344,264,0.8,0.10,0.7,-,-,-,0.05,0.13,6.70,-
AAG238,AAG238,G,"Finfish, shellfish, other aquatic animals and products",THG83,"Tuna, Skipjack or Yellow Fin, canned in brine, drained","บรรจุกระป๋อง, เฉพาะเนื้อ
(TH)",55,primary,-,105,73.1,23.9,0.7,0.8,0.0,1.5,8,-,269,-,1.1,-,-,4,0p,4,-,-,-,-
AAG239,AAG239,G,"Finfish, shellfish, other aquatic animals and products",THG85,"Tuna, Skipjack or Yellow Fin, canned in oil, drained","ปลาทูน่า, ในนํ้ามัน, บรรจุ
กระป๋อง, เฉพาะเนื้อ(TH)",55,primary,-,176,70.1,22.4,9.6,0p,0,1.6,10,-,276,-,1.2,-,-,-,-,-,-,-,-,-
AAG241,AAG241,G,"Finfish, shellfish, other aquatic animals and products",THG84,"Tuna, Skipjack or Yellow Fin, canned in water, drained","ปลาทูน่า, ในนํ้า, บรรจุ กระป๋อง, เฉพาะเนื้อ(TH)",55,primary,-,113,73.0,26.1,0.9,0p,0,0.9,10,-,95,-,1.1,-,-,-,-,-,-,-,-,0
AAG171,AAG171,G,"Finfish, shellfish, other aquatic animals and products",THG185,"Wedge shell, bean clam (Donax), fermented","หอยเสียบ, ดอง(TH)",55,primary,-,(149),43.9,10.6,0.5,(25.5),-,19.5,-,-,-,-,-,-,-,-,-,-,-,-,-,-
AAG172,AAG172,G,"Finfish, shellfish, other aquatic animals and products","PHG148, MYG500","Whiting, common/silver, raw","Bulus-bulus/Puntung damar(MY), Asohos(PH)",55,primary,-,89,77.5,20.8,0.6,0p,0,1.4,86,211,80,358,0.6,-,-,24,0,24,0.05,0.05,3.70,0
AAH2,AAH2,H,Eggs and Products,"PHH015,MYH383","Egg, century","Pei-tan(MY), Century egg(PH)",56,primary,-,190,63.1,13.2,10.5,10.7,0,2.5,63,170,345,90,4.7,-,-,146,279,169,0.02,0.40,0.40,0
AAH3,AAH3 (N),H,Eggs and Products,"PHH011,THH17","Egg, duck, boiled","Itlog, pugo, nilaga(PH)",56,primary,-,157,73.2,13.2,11.3,0.7,0,1.7,78,195,128,139,2.2,0.08,1.1,181,25,183,0.22,0.45,0.12,0
AAH7,AAH7,H,Eggs and Products,"MYH386,THH15, PHH021","Egg, duck, salted","Telur asin, sebiji(MY), Itlog, pato, maalat(PH), ไข่เป็ด, ไข่เค็ม(TH)",56,primary,-,190,64.6,13.9,12.5,5.4,0,3.6,97,198,510,148,2.3,-,-,208,14,209,0.25,1.04,0.60,0
AAH8,AAH8,H,Eggs and Products,"PHH006,THH12","Egg, duck, white","Itlog, pato, puti(PH), ไข่ เป็ ด, ไข่ขาว(TH)",56,primary,-,52,86.5,12.8,(0.1),0.0,0,0.6,10,21,207,169,0.1,0.15,0.1,19,0,19,0.01,0.02,0.10,0
AAH9,AAH9,H,Eggs and Products,"THH14,VNH372,M YH384,PHH007","Egg, duck, whole","Telur itik, sebiji(MY), Itlog, pato, buo(PH), ไข่เป็ ด, ทั้งฟอง(TH), Trøng vÞt(VN)",56,primary,-,183,70.1,12.6,13.6,2.5,0,1.2,62,206,145,113,3.2,0.18,1.0,292,436,328,0.23,0.38,0.10,0
AAH10,AAH10,H,Eggs and Products,"PHH008,MYH385 THH13","Egg, duck, yolk","Telur itik, kuning telur(MY), Itlog, pato,
pula(PH), ไข่เป็ ด, ไข่แดง
(TH)",56,primary,-,364,48.6,14.7,32.9,2.3,0,1.5,146,415,103,88,3.9,-,2.4,852,724,912,0.72,0.66,1.40,0
AAH11,AAH11,H,Eggs and Products,THH4,"Egg, hen, omelet","ไข่ไก่, เจียว(TH)",56,primary,-,259,64.3,7.0,24.3,3.1,0,1.3,-,-,-,-,-,-,-,-,-,-,-,-,-,-
AAH13,AAH13,H,Eggs and Products,THH6,"Egg, hen, steamed","ไข่ไก่, ตุ๋น(TH)",56,primary,-,75,84.7,4.9,4.8,3.1,0,2.5,-,-,-,-,-,-,-,-,-,-,-,-,-,-
AAH14,AAH14,H,Eggs and Products,"PHH002,MYH390 THH1,VNH371","Egg, hen, white","Telur ayam, putih telur(MY), Itlog, manok, puti(PH), ไข่ไก่, ไข่ขาว (TH),  Lßng tr»ng trøng
gμ(VN)",56,primary,-,52,86.7,10.9,0.4,1.3,0,0.7,10,14,179,151,0.4,0.03,0.4,6,0,6,0.01,0.28,0.40,0
AAH12,AAH12,H,Eggs and Products,"VNH369,MYH388 PHH003,THH3","Egg, hen, whole","Telur ayam, sebiji(MY), Itlog, manok, buo(PH), ไข่ ไก่, ทั้งฟอง(TH), Trøng gμ
toμn phần(VN)",56,primary,-,159,72.9,13.2,11.1,1.5,0,1.3,56,200,150,125,2.8,0.17,1.1,323,23,325,0.13,0.35,0.20,0
AAH15,AAH15 (N),H,Eggs and Products,"PHH004, THH18","Egg, hen, whole, boiled","Itlog, manok, buo, nilaga(PH)",56,primary,-,152,74.2,13.4,10.4,1.2,0,0.9,60,189,134,125,2.6,0.03,1.1,160,15,161,0.08,0.40,0.09,0
AAH16,AAH16,H,Eggs and Products,"MYH389,THH2, VNH370,PHH005","Egg, hen, yolk","Telur ayam, kuning telur(MY), Itlog, manok,
pula(PH), ไข่ไก่, ไข่แดง
(TH), Lßng ®á trøng gμ(VN)",56,primary,-,332,52.0,14.8,29.5,1.9,0,1.8,133,482,106,102,6.5,0.19,2.4,620,60,625,0.31,0.48,0.20,0
AAH17,AAH17,H,Eggs and Products,THH9,"Egg, quail, in brine","ไข่นกกระทา, ในนํ้าเกลือ(TH)",56,primary,-,173,71.0,13.0,12.4,2.3,0,1.3,47,-,233,-,2.4,-,-,179,-,179,-,-,-,-
AAH19,AAH19,H,Eggs and Products,"MYH391,PHH010 THH8","Egg, quail, whole, boiled","Telur puyuh, sebiji(MY), Itlog, pugo(PH), ไข่นก กระทา, ต้ม(TH)",56,primary,-,168,72.6,12.4,12.4,1.6,0,1.0,68,203,113,133,2.9,-,-,217,54,222,0.12,0.78,0.50,0
AAH23,AAH23,H,Eggs and Products,"PHH013,MYH392 THH7","Egg, turtle, whole","Telur penyu, sebiji(MY), Itlog, pawikan, buo(PH),
ไข่จะละเม็ด(ไข่ของเต่าตนุ/
เต่าแสงอาทิตย์)(TH)",56,primary,-,128,78.0,11.9,8.9,0.1,0,1.1,75,205,124,153,1.6,-,-,19,4,19,0.11,0.40,0.00,0
AAH24,AAH24,H,Eggs and Products,THH10,"Roe, bluespot grey mullet, salted","ไข่ปลากระบอก, เค็ม(TH)",56,primary,-,480,22.2,41.7,34.8,0p,0,3.8,19,564,-,-,1.3,-,-,-,-,-,0.48,1.08,2.60,-
AAH26,AAH26,H,Eggs and Products,"PHG051, MYG429","Roe, fish, raw","Telur ikan kerapu(MY), Isda, itlog(PH)",56,primary,-,134,72.5,19.9,5.7,0.7,0,1.2,35,255,133,137,1.5,-,-,86,13,87,0.08,0.03,0.70,0
AAJ3,AAJ3,J,Milk and products,"PHJ001,MYJ508,M YJ509,THJ69","Cheese, processed, cheddar","Keju, dalam bukungsan plastik(MY), ชีส, เชดดา (TH)",57,primary,-,323,42.0,21.7,23.0,7.3,0,6.0,563,517,1330,78,0.7,-,-,82,121,92,0.02,0.35,0.10,0
AAJ5,AAJ5,J,Milk and products,"VNJ385,PHJ007",Cream milk,"Krema(PH), Mõ s÷a 30% lipid(VN)",57,primary,-,267,66.4,2.4,27.0,3.6,0,0.6,88,66,-,-,0.2,-,-,124,233,143,0.05,0.24,0.10,0
AAJ11,AAJ11,J,Milk and products,"VNJ379,PHJ013","Milk, buffalo, fluid, full cream","Gatas, kalabaw(PH), S÷a trâu tGÐI(VN)",57,primary,-,131,78.6,6.2,9.8,4.6,0,0.8,189,117,-,-,0.2,-,-,54,21,56,0.04,0.06,1.30,0
AAJ12,AAJ12,J,Milk and products,"VNJ377,PHJ014,M YJ513","Milk, cow, fresh","Susu lembu segar(MY), Gatas,
baka(PH), S÷a bò tGÐi(VN)",57,primary,-,68,87.4,3.5,4.1,4.2,0,0.8,122,90,13,104,0.3,-,-,34,13,35,0.04,0.19,0.20,1
AAJ44,AAJ44,J,Milk and products,THJ9,"Milk, cultured, yakult, per 100 ml","นมเปร้ียว, ยาคูลท์(TH)",57,primary,1.065,77.9342723004695,80.2816901408451,1.40845070422535,0.0938967136150235,17.8403755868545,0,0.375586854460094,47.887323943662,44.131455399061,-,-,0.563380281690141,-,-,-,-,-,-,0.197183098591549,0.375586854460094,0.938967136150235
AAJ14,AAJ14,J,Milk and products,"MYJ514,PHJ016","Milk, evaporated, filled","Susu sejat(MY), Gatas, evaporada, filled(PH)",57,primary,-,134,72.9,7.7,6.7,10.8,0,1.9,320,206,129,4,0.2,-,-,158,11,159,0.06,0.09,T,0
AAJ15,AAJ15,J,Milk and products,"PHJ025,MYJ516,T HJ4","Milk, filled, condensed, sweetenned, w/ palm oil and butter","Susu isian pekat manis(MY),  Gatas, kondensada, filled(PH), นมข้น, แปลงไขมัน, สูตร นํ้ามันปาล์มผสมมันเนย, หวาน(TH)",57,primary,-,339,25.4,8.5,9.5,54.8,0,1.8,292,227,106,268,0.3,-,-,280,0,280,0.59,0.44,0.20,1
AAJ16,AAJ16,J,Milk and products,"PHJ017,VNJ378","Milk, goat, fluid, full cream","Gatas, kambing(PH), S÷a dê tGÐi(VN)",57,primary,-,71,86.7,3.6,4.1,4.8,0,0.8,136,111,-,-,0.4,-,-,35,0,35,0.04,0.42,0.30,2
AAJ40,AAJ40,J,Milk and products,THJ67,"Milk, human, 1 month lactation, per 100 ml",นมคน 1 เดือน(TH),57,primary,1.014,52.2682445759369,89.250493096647,0.887573964497041,1.9723865877712,7.69230769230769,0,0.29585798816568,32.5443786982249,11.8343195266272,-,-,0.0986193293885602,-,-,-,-,-,0.00986193293885602,0.029585798816568,0.19723865877712,-
AAJ17,AAJ17,J,Milk and products,THJ6,"Milk, human, 3 month lactation, per 100 ml",นมคน 3 เดือน(TH),57,primary,1.013,55.2813425468904,88.9437314906219,0.789733464955578,2.46791707798618,7.60118460019743,0,0.296150049358342,25.6663376110563,10.8588351431392,-,-,0.296150049358342,-,-,-,-,-,0.00987166831194472,0.0197433366238894,0.197433366238894,0
AAJ41,AAJ41,J,Milk and products,THJ68,"Milk, human, 6 month lactation, per 100 ml",นมคน 6 เดือน(TH),57,primary,1.016,55.1181102362205,89.0748031496063,0.78740157480315,2.46062992125984,7.48031496062992,0,0.196850393700787,22.6377952755906,9.84251968503937,-,-,0.0984251968503937,-,-,-,-,-,0.00984251968503937,0.0196850393700787,0.196850393700787,-
AAJ19,AAJ19,J,Milk and products,THJ40,"Milk, pasteurised, chocolate flavour, per 100 ml","นมสด, พาสเจอร์ไรส์, รส
ชอกโกแลต(TH)",57,primary,1.047,79.2741165234002,83.0945558739255,2.86532951289398,3.05635148042025,10.1241642788921,0,0.859598853868195,96.4660936007641,85.0047755491882,44.8901623686724,-,0.0955109837631328,-,-,33.4288443170965,-,33.4288443170965,0.0286532951289398,0.181470869149952,-,-
AAJ18,AAJ18,J,Milk and products,THJ38,"Milk, pasteurised, coffee flavour, per            100 ml","นมสด, พาสเจอร์ไรส์, รส กาแฟ(TH)",57,primary,1.034,67.6982591876209,85.3965183752418,2.61121856866538,2.41779497098646,8.80077369439072,0,0.773694390715667,94.7775628626692,-,46.42166344294,-,0.0967117988394584,-,-,34.816247582205,-,34.816247582205,0.0290135396518375,0.193423597678917,-,-
AAJ20,AAJ20,J,Milk and products,THJ39,"Milk, pasteurised, natural, per 100 ml","นมสด, พาสเจอร์ไรส์, รสจืด (TH)",57,primary,1.022,60.665362035225,88.6497064579256,3.13111545988258,3.62035225048924,3.8160469667319,0,0.782778864970646,99.8043052837573,79.2563600782779,44.0313111545988,-,0.0978473581213307,-,-,34.2465753424658,-,34.2465753424658,0.0391389432485323,0.205479452054795,-,-
AAJ21,AAJ21,J,Milk and products,THJ42,"Milk, pasteurised, strawberry flavour, per 100 ml","นมสด, พาสเจอร์ไรส์, รสสต รอเบอรี่(TH)",57,primary,1.035,73.4299516908213,84.9275362318841,2.80193236714976,3.09178743961353,8.5024154589372,0,0.676328502415459,99.5169082125604,-,51.207729468599,-,0.193236714975845,-,-,25.1207729468599,-,25.1207729468599,0.0386473429951691,0.202898550724638,-,-
AAJ22,AAJ22,J,Milk and products,"THJ7,PHJ020, MYJ518,VNJ382","Milk, powder, full cream","Susu tepung penuh krim(MY), Gatas, pulbos, full cream(PH), นมผง full cream(TH), S÷a b®t toμn
phần(VN)",57,primary,-,495,2.9,25.7,25.7,40.3,0,5.4,810,707,320,844,3.0,0.02,4.1,516,119,526,0.50,1.40,1.60,26
AAJ25,AAJ25,J,Milk and products,"PHJ021,MYJ517","Milk, powder, infant formula","Susu tepung bayi(MY), Gatas, pulbos, infant formula(PH)",57,primary,-,500,2.6,16.6,24.9,52.4,0.0,3.5,566,349,188,486,5.9,-,-,311,83,318,0.56,1.31,0.70,-
AAJ43,AAJ43,J,Milk and products,THJ66,"Milk, powder, reduced fat",นมผงพร่องมันเนย(TH),57,primary,-,405,2.9,30.4,11.6,44.8,0,10.3,1734,828,338,1322,15.3,0.02,3.3,1450,-,1450,0.42,1.79,1.00,121
AAJ45,AAJ45,J,Milk and products,THJ50,"Milk, sterilised, per 100 ml","นมสด, สเตอริไลส์, รสจืด
(TH)",57,primary,1.015,60.0985221674877,88.3743842364532,3.2512315270936,3.34975369458128,4.13793103448276,0,0.886699507389163,112.315270935961,80.7881773399015,51.2315270935961,-,0.19704433497537,-,-,34.4827586206897,-,34.4827586206897,0.0295566502463054,0.108374384236453,T,3.94088669950739
AAJ31,AAJ31,J,Milk and products,"THJ5,VNJ384, MYJ521","Milk, sweetened, condensed","Susu pekat manis(MY),
นมข้น, หวาน(TH), S÷a đÆc có đGòng(VN)",57,primary,-,337,25.1,8.2,8.9,56.0,0,1.8,302,213,120,6,0.4,-,-,223,46,227,0.32,0.43,0.40,0p
AAJ33,AAJ33,J,Milk and products,"PHQ004,MYJ522","Milk, UHT, chocolate flavour","Susu UHT, berperisa
coklat(MY)",57,primary,1.000,73,83.6,3.3,2.1,10.3,0,0.7,120,87,54,126,0.3,-,-,13,5,13,0.03,0.36,0.2,1
AAJ46,AAJ46,J,Milk and products,THJ46,"Milk, UHT, chocolate flavour, per 100 ml","นมสด, ยูเอชที, รสชอกโก แลต(TH)",57,primary,1.053,75.0237416904084,83.5707502374169,3.03893637226971,2.46913580246914,10.0664767331434,0,0.854700854700855,114.909781576448,84.5204178537512,45.5840455840456,146.24881291548,0.189933523266857,-,-,17.0940170940171,-,17.0940170940171,0.0189933523266857,0.1329534662868,0.0949667616334283,0
AAJ47,AAJ47,J,Milk and products,THJ45,"Milk, UHT, full cream, per 100 ml","นมสด, ยูเอชที, รสจืด(TH)",58,primary,1.022,65.5577299412916,87.3776908023483,3.22896281800391,3.71819960861057,4.79452054794521,0,0.880626223091976,110.567514677104,88.0626223091976,49.9021526418787,120.352250489237,0.0978473581213307,-,-,28.3757338551859,-,28.3757338551859,0.0391389432485323,0.195694716242661,-,-
AAJ32,AAJ32,J,Milk and products,THJ43,"Milk,whole,pasteurised, sweetenned, per            100
ml","นมสด, พาสเจอร์ไรส์, รส หวาน(TH)",58,primary,1.042,73.8963531669866,84.8368522072937,3.07101727447217,3.16698656429942,8.1573896353167,0,0.767754318618042,92.1305182341651,77.7351247600768,46.0652591170825,-,0.0959692898272553,-,-,31.6698656429942,-,31.6698656429942,0.0287907869481766,0.383877159309021,0.479846449136276,-
AAJ35,AAJ35,J,Milk and products,"PHJ026,VNJ380",Yoghurt,S÷a chua(VN),58,primary,-,76,85.1,4.8,4.1,5.0,0,1.0,150,110,-,-,0.1,-,-,77,36,80,0.06,0.36,0.70,0
AAJ36,AAJ36,J,Milk and products,"MYJ525,THJ63","Yoghurt, cream, flavour","Yogurt, berperisa aprikot(MY),โยเกิต, รส ผลไม้รวม(TH)",58,primary,-,(182),67.6,3.5,11.3,(16.6),-,1.0,140,113,69,116,0.2,-,-,38,24,40,0.04,0.21,0.10,0
AAJ37,AAJ37,J,Milk and products,THJ25,"Yoghurt, drinking, pasteurised, different flavours (except natural flavoured), average, per 100 ml","นมเปร้ียว, พร้อมดื่ม, พาส เจอร์ไรส์, รสต่างๆ ยกเว้น รสธรรมชาติ, เฉลี่ย(TH)",58,primary,1.050,81.9047619047619,80.952380952381,1.9047619047619,1.52380952380952,15.2380952380952,0,0.380952380952381,50.4761904761905,42.8571428571429,33.3333333333333,-,0.19047619047619,-,-,13.3333333333333,-,13.3333333333333,0.019047619047619,0.0857142857142857,-,-
AAJ38,AAJ38,J,Milk and products,THJ26,"Yoghurt, drinking, pasteurised, natural flavoured, per 100 ml","นมเปร้ียว, พร้อมดื่ม, พาส เจอร์ไรส์, รสธรรมชาติ(TH)",58,primary,1.034,79.3036750483559,82.1083172147002,1.45067698259188,1.93423597678917,14.1199226305609,0,0.386847195357834,49.3230174081238,52.2243713733075,-,-,-,-,-,14.5067698259188,-,14.5067698259188,-,0.0870406189555126,-,-
AAK23,AAK23,K,Fats and oils,THK5,"Butter, pure creamery, salted","เนยสด, ชนิดเค็ม(TH)",59,primary,-,758,14.0,0.4,84.0,0p,0,2.2,15,-,563,-,0.2,-,-,415,-,415,0p,0p,-,0
AAK1,AAK1,K,Fats and oils,"VNK250,THK7","Butter, unsalted","เนยสด, ชนิดจืด(TH), BÐ(VN)",59,primary,-,760,15.6,0.7,84.1,0p,0,0.1,21,-,11,-,0.2,-,-,685,-,685,0p,0.12,1.00,0
AAK3,AAK3,K,Fats and oils,"PHK002,MYC117",Coconut cream,"Santan kelapa(MY), Niyog, kakang gata(PH)",59,primary,-,(310),61.0,4.2,31.6,(2.2),-,1.0,12,103,16,445,1.5,-,-,0,0,0,0.06,0.01,0.40,0
AAK4,AAK4,K,Fats and oils,THK2,"Coconut milk, canned, per 100 ml","กะทิ, กระป๋อง(TH)",59,primary,0.990,185.858585858586,76.6666666666667,1.91919191919192,19.1919191919192,1.41414141414141,0.101010101010101,0.707070707070707,5.05050505050505,-,19.1919191919192,-,0.606060606060606,-,-,-,-,,-,-,-,0
AAK5,AAK5,K,Fats and oils,"MYC118,THK1","Coconut milk, powder, instant","Serbuk santan kelapa(MY),  กะทิ, ผง(TH)",59,primary,-,668,2.3,8.9,57.2,28.9,0.9,1.8,19,184,100,531,1.9,-,-,0,0,0,0.08,0.04,0.20,1
AAK6,AAK6,K,Fats and oils,"PHC006,MYC115 VNC54","Coconut, mature kernel","Isi kelapa tua(MY), Niyog, magulang(PH), Cùi dõa giμ(VN)",59,primary,-,362,49.3,5.2,35.3,2.7,6.5,1.0,24,117,3,281,10.7,-,-,0,0,0,0.06,0.01,0.20,2
AAK9,AAK9,K,Fats and oils,"PHK007,THK14",Mayonnaise,มายองเนส(TH),59,primary,-,712,16.2,1.8,76.7,3.6,0,1.7,19,22,515,-,0.6,-,-,61,T,61,0.02,0.02,-,0p
AAK24,AAK24,K,Fats and oils,THK19,"Oil, corn","นํ้ามันข้าวโพดผ่านกรรมวิธี
100%(TH)",59,primary,0.896,929.6875,-,0p,103.348214285714,0p,0,-,-,-,-,-,-,-,-,-,-,-,0p,0p,-,0
AAK28,AAK28,K,Fats and oils,THK21,"Oil, palm, per 100 ml",นํ้ามันปาล์มโอเลอินผ่าน กรรมวิธี 100%(TH),59,primary,0.892,886.77130044843,-,0p,98.542600896861,0p,0,-,-,-,-,-,-,-,-,-,-,-,0p,0p,-,0
AAK29,AAK29,K,Fats and oils,THK20,"Oil, soybean, per             100
ml","นํ้ามันถั่วเหลืองผ่านกรรมวิธี
100%(TH)",59,primary,0.887,921.08229988726,-,0p,102.367531003382,0p,0,-,-,-,-,-,-,-,-,-,-,-,0p,0p,-,0
AAK25,AAK25,K,Fats and oils,THK22,"Oil, sunflower",นํ้ามันเมล็ดทานตะวันผ่าน กรรมวิธี 100%(TH),59,primary,0.900,951.111111111111,-,0p,105.666666666667,0p,0,-,-,-,-,-,-,-,-,-,-,-,0p,0p,-,0
AAK30,AAK30,K,Fats and oils,THK3,Sandwich spread,แซนวิชสเปรด(TH),59,primary,-,481,32.0,1.1,43.8,20.6,tr,2.5,12,-,605,-,0.7,-,-,58,-,58,0.10,0.04,-,0
AAM14,AAM14,M,"Sugar, syrup and confectionery",THT150,"Jelly, w/ coconut cream",วุ้นกะทิใบเตย(TH),59,primary,-,(128),72.8,0.6,5.3,(19.5),-,1.8,1,18,-,-,-,-,-,0,-,0,-,-,-,-
AAM9,AAM9,M,"Sugar, syrup and confectionery","MYM332, PHM021",Honey,"Madu(MY), Pulot-pukyutan(PH)",59,primary,-,285,28.6,0.2,0.0,71.0,0,0.2,20,9,5,24,2.0,-,-,0,0,0,0.00,0.04,0.10,0
AAM20,AAM20,M,"Sugar, syrup and confectionery",THT151,"Toddy palm, in heavy syrup","ลูกตาล, เชื่อม(TH)",59,primary,-,(243),38.8,1.5,0.1,(59.1),-,0.5,-,-,-,-,-,-,-,0,-,0,-,-,-,-
AAN3,AAN3,N,Spices and condiments,THN24,"Bird chilli, small, dried","พริกขี้หนู, แห้ง(TH)",60,primary,-,(415),8.0,15.2,13.4,(58.4),-,5.0,76,541,-,-,6.7,-,-,0,8290,691,0.72,-,-,11
AAN4,AAN4,N,Spices and condiments,"THN23,MYD153","Bird chilli, small, fresh","Cili padi(MY), พริกขี้หนู(TH)",60,primary,-,56,81.2,3.7,1.1,2.9,9.9,1.2,24,95,22,461,1.2,0.19,0.4,0,1106,92,0.22,0.06,1.10,52
AAN8,AAN8,N,Spices and condiments,THN70,"Budu, Muslim fish sauce",นํ้าบูดู(TH),60,primary,-,(62),63.8,7.9,1.2,(4.8),-,22.3,42,31,-,-,4.3,-,-,9,-,9,-,0.17,-,-
AAN76,AAN76,N,Spices and condiments,THN19,"Cabbage, fermented, dried (Tang-chai)",ตั้งฉ่าย(TH),60,primary,-,(87),62.0,2.8,0.1,(18.8),-,16.3,-,-,6987,-,-,-,-,0,-,-,-,0.15,0.90,21
AAN10,AAN10,N,Spices and condiments,THN38,"Cardamon, leaf","กระวาน, ใบ(TH)",60,primary,-,(373),9.6,9.5,6.3,(69.5),-,5.1,16,23,-,-,12.6,-,-,0,-,,0.12,0.45,-,-
AAN93,AAN93,N,Spices and condiments,THD105,"Chilli pepper, green, raw",พริกหยวก(TH),60,primary,-,24,92.0,1.4,0.2,2.6,3.2,0.6,10,37,9,183,0.5,0.07,0.2,0,53,4,0.22,-,-,250
AAN86,AAN86,N,Spices and condiments,THN25,"Chilli, bird, dried, ground","พริกขี้หนู, ป่น(TH)",60,primary,-,(465),4.4,14.2,21.4,(53.9),-,6.1,155,396,-,-,8.7,-,-,0,-,-,-,0.41,0.50,-
AAN11,AAN11,N,Spices and condiments,THN114,"Chilli, fried in oil",พริกทอดในนํ้ามัน(TH),60,primary,-,(545),21.7,5.2,48.3,(22.4),-,2.4,-,-,-,-,-,-,-,0,0,0,-,-,-,-
AAN19,AAN19,N,Spices and condiments,"THN42,MYN562",Cinnamon,"Kayu manis(MY), อบเชย
(TH)",60,primary,-,(341),14.1,3.3,1.7,(78.0),-,2.9,276,43,5,132,12.3,-,-,0,0,0,0.05,0.92,0.00,0
AAN22,AAN22,N,Spices and condiments,"THN21,MYN564","Coriander, seed","Ketumbar(MY), ผักชี, เมล็ด
(TH)",60,primary,-,(327),11.4,12.4,0.5,(68.3),-,7.4,559,433,91,1783,48.8,-,-,0,75,6,0.12,0.35,1.80,0
AAN24,AAN24,N,Spices and condiments,"MYN566,THN39","Cumin, seed","Jintan putih(MY), ยี่หร่า(TH)",60,primary,-,(373),12.6,14.3,10.6,(55.1),-,7.4,929,382,15,1301,27.5,-,-,0,87,7,0.42,0.27,1.00,0
AAN87,AAN87,N,Spices and condiments,THN110,"Curry powder, Thais",ผงกะหรี่(TH),60,primary,-,(301),7.7,7.1,7.0,(52.4),-,25.8,7254,72,-,-,-,-,-,-,-,-,1.59,,1.80,-
AAN34,AAN34,N,Spices and condiments,"THN11,MYN570",Galangal,"Lengkuas(MY), ข่า(TH)",60,primary,-,(49),87.8,0.9,0.5,(10.2),-,0.6,14,23,42,239,1.2,0.13,0.6,0,8,1,0.13,0.10,0.50,6
AAN35,AAN35,N,Spices and condiments,THN2,"Garlic, fresh","กระเทียม, สด(TH)",60,primary,-,(51),86.6,2.1,0.1,(10.4),-,0.8,25,49,21,303,0.7,-,-,0,-,-,-,-,-,-
AAN36,AAN36,N,Spices and condiments,"VNN462,THN16,M YN571,PHN012","Ginger, root, fresh","Halia(MY), Luya(PH), ขิง, แก่(TH), Gõng t−¬i(VN)",60,primary,-,39,89.1,1.2,0.8,5.2,2.9,0.8,32,32,3,107,1.6,-,-,0,0,0,0.04,0.04,0.80,3
AAN39,AAN39,N,Spices and condiments,THN3,"Holy basil, leaf, fresh","กระเพรา, ใบ(TH)",60,primary,-,42,86.3,3.3,0.5,4.0,4.1,1.8,203,127,146,315,2.7,0.14,0.5,0,5501,458,0.05,0.79,1.10,24
AAN84,AAN84,N,Spices and condiments,THN4,Kra-chai (Kaempfer/ Chinese deys),กระชาย(TH),60,primary,-,18,94.7,0.2,0.5,2.9,0.6,1.1,-,14,20,288,3.6,-,-,0,-,,-,0.41,0.50,-
AAN45,AAN45,N,Spices and condiments,THN35,"Leech lime, leaf","มะกรูด, ใบ(TH)",60,primary,-,(137),65.3,5.5,3.1,(21.7),-,4.4,1029,35,23,352,3.3,1.78,0.5,0,1321,110,0.20,0.00,1.00,20
AAN5,AAN5,N,Spices and condiments,THN34,"Leech lime, peel","มะกรูด, ผิว(TH)",60,primary,-,(124),69.1,3.4,1.5,(24.2),-,1.8,-,60,-,-,-,-,-,0,-,,0.06,0.14,0.60,110
AAN42,AAN42,N,Spices and condiments,"THN18,MYN573",Lemon grass,"Serai(MY), ตะไคร้(TH)",60,primary,-,(78),80.2,0.8,1.0,(16.5),-,1.5,31,30,7,242,2.0,0.07,0.5,0,18,2,0.05,0.04,1.10,1
AAN46,AAN46,N,Spices and condiments,THN36,"Lime, pickled","มะนาว, ดอง(TH)",60,primary,-,(46),72.6,0.5,0.1,(10.8),-,16.0,-,-,-,-,-,-,-,0,-,,-,-,-,-
AAN47,AAN47,N,Spices and condiments,THN7,Mace,ดอกจันท์(TH),60,primary,-,(390),19.1,14.2,15.4,(48.7),-,2.6,134,142,-,-,64.5,-,-,0,-,,0.05,0.50,0.60,-
AAN90,AAN90,N,Spices and condiments,THN111,"Marinade powder, for chicken",ผงหมักไก่(TH),60,primary,-,289,2.2,7.7,2.3,58.2,2.5,27.1,298,-,7570,-,8.5,-,-,-,-,-,-,-,-,-
AAN59,AAN59,N,Spices and condiments,THN112,"Marinade powder, for roasted pork",ผงหมูแดง(TH),60,primary,-,288,0.9,2.6,1.3,65.9,0.9,28.4,1177,-,8097,-,7.6,-,-,-,-,-,-,-,-,-
AAN63,AAN63,N,Spices and condiments,THN120,"Marinade powder, for satay","สะเต๊ะ, ผง(TH)",60,primary,-,309,1.9,3.2,0.7,70.8,3.3,20.1,706,-,5569,-,11.1,-,-,-,-,-,-,-,-,-
AAN48,AAN48,N,Spices and condiments,"MYD184,THN40,V ND164","Mint, leaf","Daun pudina(MY),
สะระแหน่, ใบ(TH), Rau th¬m(VN)",60,primary,-,33,89.4,2.9,0.8,1.4,4.3,1.2,179,29,29,179,4.1,-,-,0,2803,234,0.15,0.13,0.70,84
AAN52,AAN52,N,Spices and condiments,"PHD141,VND122 MYD192","Onion, large","Bawang besar(MY), Sibuyas, Bombay
ulo(PH), Hμnh t©y(VN)",60,primary,-,47,86.9,1.6,0.0,9.3,1.6,0.6,39,53,13,10,0.7,-,-,0,0,0,0.03,0.04,0.20,8
AAN25,AAN25,N,Spices and condiments,THN95,"Paste, curry, green",นํ้าพริกแกงเขียวหวาน(TH),61,primary,-,59,72.2,3.5,0.8,5.9,7.1,10.5,90,-,3786,-,2.6,-,-,-,-,-,-,-,-,-
AAN28,AAN28,N,Spices and condiments,THN97,"Paste, curry, panang",นํ้าพริกแกงแพนง(TH),61,primary,-,92,61.6,4.6,1.8,10.1,8.6,13.3,110,-,4019,-,3.9,-,-,-,-,-,-,-,-,-
AAN26,AAN26,N,Spices and condiments,THN96,"Paste, curry, red",นํ้าพริกแกงแดง(TH),61,primary,-,94,61.0,5.3,2.2,8.3,9.9,13.3,136,121,3781,-,2.8,-,-,-,-,-,-,0.62,10.20,22
AAN27,AAN27,N,Spices and condiments,THN92,"Paste, curry, yellow (Kari)",นํ้าพริกแกงกะหรี่(TH),61,primary,-,109,57.9,4.6,5.8,5.0,9.2,17.5,62,-,5294,-,3.7,-,-,-,-,-,-,-,-,-
AAN31,AAN31,N,Spices and condiments,THN43,"Paste, shrimp, fermented (Ka-pi)","กะปิกุ้ง, คุณภาพดี(TH)",61,primary,-,(120),44.0,21.0,1.0,(6.8),-,27.3,1380,596,6000,393,20.5,0.84,2.0,-,-,-,0.01,0.12,3.70,-
AAN67,AAN67,N,Spices and condiments,THN49,"Paste, tiny shrimp, fermented (Ka-pi)","กะปิเคย, คุณภาพรอง(TH)",61,primary,-,81,46.5,13.9,1.2,2.7,2.0,33.7,488,360,7000,270,39.2,0.44,1.1,-,-,-,0.01,0.11,1.50,-
AAN6,AAN6,N,Spices and condiments,THN26,"Pepper, black, powder","พริกไทย, ดํา(TH)",61,primary,-,(364),13.1,12.4,7.3,(62.2),-,5.0,262,215,-,-,8.6,-,-,0,-,-,0.04,0.22,,3
AAN7,AAN7,N,Spices and condiments,THN28,"Pepper, black, whole, fresh",พริกไทยอ่อน(TH),61,primary,-,(83),80.0,3.5,1.7,(13.3),-,1.5,102,36,-,-,2.1,-,-,0,173,14,-,0.12,2.60,8
AAN15,AAN15,N,Spices and condiments,THN32,"Pepper, green, hot, fresh","พริกชี้ฟ้า, เขียว(TH)",61,primary,-,(55),85.2,2.1,0.9,(9.7),-,2.1,16,46,-,-,0.8,-,-,0,388,32,0.07,0.01,0.10,142
AAN40,AAN40,N,Spices and condiments,THN33,"Pepper, hot, dried","พริกชี้ฟ้า, แห้ง(TH)",61,primary,-,(353),18.0,15.0,8.6,(53.8),-,4.6,66,394,-,-,12.9,-,-,0,-,-,0.14,1.34,7.20,107
AAN17,AAN17,N,Spices and condiments,THN31,"Pepper, red, hot, fresh","พริกชี้ฟ้า, แดง(TH)",61,primary,-,(75),83.0,3.0,2.3,(10.5),-,1.2,8,52,-,-,1.2,-,-,0,935,78,0.15,0.01,0.10,142
AAN54,AAN54,N,Spices and condiments,"THN27,MYN576","Pepper, white, powder","Serbuk lada putih(MY),
พริกไทย, ขาว(TH)",61,primary,-,(373),11.4,10.6,4.6,(72.2),-,1.2,728,96,4,101,3.9,-,-,0,24,2,0.05,0.06,1.40,0
AAN16,AAN16,N,Spices and condiments,THN29,"Pepper, yellow, hot, fresh",พริกเหลือง(TH),61,primary,-,(112),72.6,4.1,1.9,(19.7),-,1.7,19,52,-,-,1.5,-,-,0,933,78,0.17,0.09,3.00,95
AAN33,AAN33,N,Spices and condiments,"MYG431,VNN473 VNN474","Sauce, fish","Budu(MY), NGóc mắm cá
(loại I), NGóc mắm cá (lo¹i II)(VN)",61,primary,-,(48),67.2,5.4,1.1,(4.1),-,22.2,333,202,4926,14,2.4,-,-,52,29,54,0.00,0.12,2.50,0
AAN96,AAN96,N,Spices and condiments,THN72,"Sauce, fish, grade 1, per 100 ml","นํ้าปลา, เกรด 1(TH)",61,primary,-,(56),73.0,11.6,T,(2.4),-,36.4,39,-,9294,-,2.9,-,-,0,-,-,-,-,-,-
AAN12,AAN12,N,Spices and condiments,THN54,"Sauce, chilli,  hot",ซอสพริก(TH),61,primary,-,(104),67.9,0.8,0.7,(23.7),,6.9,10,-,1473,-,0.8,-,-,0,-,-,-,-,-,-
AAN38,AAN38,N,Spices and condiments,"THN60,MYG451","Sauce, oyster","Sos tiram(MY), ซอสหอย นางรม(TH)",61,primary,-,(73),71.1,2.9,0.3,(14.7),-,11.0,17,32,3379,74,1.1,-,-,6,0,6,0.01,0.04,0.40,7
AAN70,AAN70,N,Spices and condiments,THN64,"Sauce, soy, dark",ซีอิ้วดํา(TH),61,primary,-,(210),40.3,4.4,0.0,(48.1),-,7.2,79,17,3472,2190,-,-,-,0,-,-,0.01,0.09,0.20,0
AAN98,AAN98,N,Spices and condiments,THN61,"Sauce, soy, light, grade 1, per 100 ml (120.7 g)","ซีอิ้วขาว, เกรด1(TH)",61,primary,1.207,29.8260149130075,66.4457332228666,4.88815244407622,0,2.65120132560066,0,26.0149130074565,0.828500414250207,-,7861.64043082021,-,-,-,-,0,-,-,-,-,-,-
AAN77,AAN77,N,Spices and condiments,"THN58,PHN005, MYD227","Sauce, tomato (ketchup)","Sos tomato/Ketcup tomato(MY),  ซอสมะเขือ เทศ(TH)",61,primary,-,114,67.3,1.6,0.0,26.5,1.0,3.6,20,24,954,139,0.9,-,-,0,383,32,0.09,0.06,1.80,9
AAN51,AAN51,N,Spices and condiments,"PHD143,THN41, MYD193","Shallot, bulb","Bawang merah(MY), Sibuyas, Tagalog ulo(PH), หอมแดง(TH)",61,primary,-,62,82.8,1.7,0.1,12.3,2.4,0.7,50,40,10,256,0.9,0.08,0.3,0,3,0,0.11,0.06,0.30,9
AAN95,AAN95,N,Spices and condiments,THN50,"Shrimp, ground, with chilli",กุ้งป่นพริกขี้หนู(TH),61,primary,-,277,6.8,56.1,3.6,0.0,9.9,23.6,2953,-,4919,-,27.9,-,-,-,-,-,-,-,-,-
AAN71,AAN71,N,Spices and condiments,THN37,"Sweet basil, leaf","โหระพา, ใบ(TH)",61,primary,-,36,88.4,2.9,0.1,4.8,2.0,1.8,155,63,26,398,7.6,0.16,0.8,0,2713,226,0.11,0.15,0.90,21
AAN81,AAN81,N,Spices and condiments,"PHN026,VNN464 THN8","Turmeric, rhizome, fresh","Dilaw(PH), ขมิ้น(TH),
Nghệ tGÐi(VN)",61,primary,-,38,86.7,1.1,0.3,4.4,6.5,1.0,50,74,52,587,1.4,-,-,0,0,0,0.03,0.03,0.40,4
AAN82,AAN82,N,Spices and condiments,THN9,"Turmeric, white, fresh",ขมิ้นขาว(TH),61,primary,-,(36),90.4,0.5,0.3,(7.7),-,1.1,14,81,-,-,9.4,-,-,0,-,-,0.03,0.01,0.50,10
AAP1,AAP1,P,"Beverages, alcoholic","VNP446,PHP001","Beer, pale pilsen","Serbesa, pale pilsen(PH),
Bia(VN)",62,primary,-,16,95.8,0.4,(T),3.6,0,0.2,53,16,-,-,0.2,-,-,0,0,0,T,0.03,0.50,0
AAQ9,AAQ9,Q,"Beverages, nonalcoholic",THQ3,"Coffee, iced, per             100
ml",กาแฟใส่นม(TH),62,primary,1.056,59.6590909090909,85.2272727272727,1.60984848484848,0.568181818181818,11.9318181818182,0p,0.662878787878788,46.4015151515151,-,64.3939393939394,-,0.0946969696969697,-,-,-,-,-,-,-,-,-
AAQ16,AAQ16,Q,"Beverages, nonalcoholic",THQ25,"Drink, aloe vera flavour, canned, per 100 ml","นํ้าว่านหางจระเข้, รสต่างๆ
(TH)",62,primary,1.000,49,88.3,0,0.6,10.7,0.2,0.2,31,3,22,12,-,-,0.1,0,-,-,-,0.03,T,16
AAQ47,AAQ47,Q,"Beverages, nonalcoholic",THQ11,"Drink, roselle, per 100 ml",นํ้ากระเจ๊ียบ(TH),62,primary,1.062,62.1468926553672,84.3691148775894,0,0,15.4425612052731,0.0941619585687382,0.0941619585687382,9.41619585687382,-,9.41619585687382,-,0.376647834274953,-,-,0,-,-,0,0.941619585687382,1.69491525423729,7.53295668549906
AAQ59,AAQ59,Q,"Beverages, nonalcoholic",THQ6,"Energy drink, chocolate flavoured, powder (Milo+Ovaltine)","เครื่องดื่มรสช็อกโกแลต, ผง
(TH)",62,primary,-,396,2.3,12.0,5.5,74.7,0p,5.5,474,482,-,-,9.8,-,-,0,-,-,-,-,-,-
AAQ65,AAQ65,Q,"Beverages, nonalcoholic",THQ20,"Juice, coconut, per  100 ml",นํ้ามะพร้าว(TH),62,primary,1.000,(41),89.7,0.1,0.3,(9.5),-,0.4,15,-,14,-,0.1,-,-,0,-,-,-,-,-,-
AAQ5,AAQ5,Q,"Beverages, nonalcoholic","MYC119, PHQ010,VNP450","Juice, coconut, immature kernel, per 100 g","Air kelapa(MY), Niyog, tubig(PH),  NGíc dõa non(VN)",62,primary,,(22),94.2,0.2,0.0,(5.2),-,0.4,30,16,1,198,0.2,-,-,0,0,0,0.00,0.00,0.00,5
AAQ15,AAQ15,Q,"Beverages, nonalcoholic",THQ24,"Juice, lychee, 25%, canned, per 100 ml",นํ้าลิน้ จี่ 25%(TH),62,primary,1.041,52.8338136407301,86.7435158501441,0.096061479346782,0,13.0643611911623,0,0.096061479346782,1.92122958693564,-,11.5273775216138,-,0.192122958693564,-,-,0,-,-,-,0.0288184438040346,T,0.96061479346782
AAQ43,AAQ43,Q,"Beverages, nonalcoholic",THQ27,"Juice, orange, 100%, per 100 ml",นํ้าส้ม 100%(TH),62,primary,1.055,53.0805687203791,86.3507109004739,0.568720379146919,0.0947867298578199,12.4170616113744,0.0947867298578199,0.4739336492891,7.58293838862559,-,24.6445497630332,110.900473933649,0.28436018957346,-,-,0,-,-,0.028436018957346,0.18957345971564,1.99052132701422,0
AAQ32,AAQ32,Q,"Beverages, nonalcoholic",THQ14,"Juice, palm, 100%, per 100 ml",นํ้าตาลสด 100%(TH),62,primary,1.088,(88.2352941176471),77.2058823529412,0,T,(22.1507352941176),-,0.643382352941176,23.8970588235294,-,23.8970588235294,-,0.183823529411765,-,-,0,-,-,0.00919117647058824,0.0459558823529412,0.551470588235294,37.6838235294118
AAQ33,AAQ33,Q,"Beverages, nonalcoholic",THQ31,"Juice, passion fruit, 25%, per 100 ml",นํ้าเสาวรส 25%(TH),62,primary,1.060,68.8679245283019,82.5471698113208,0.188679245283019,T,16.9811320754717,0.0943396226415094,0.188679245283019,4.71698113207547,-,10.377358490566,-,0.188679245283019,-,-,0,-,-,-,0.00943396226415094,-,0.943396226415094
AAQ57,AAQ57,Q,"Beverages, nonalcoholic","PHQ059,VNC69,M YC100",Soybean milk,"Susu kacang soya, kotak(MY),   S÷a ®Ëu nμnh(VN)",62,primary,,53,88.7,2.3,1.9,6.7,0.1,0.3,20,23,2,38,0.4,-,-,0,75,6,0.08,0.04,0.50,0
AAQ66,AAQ66,Q,"Beverages, nonalcoholic",THQ10,"Soybean milk, commercial, per 100 ml",นมถั่วเหลือง(TH),62,primary,1.048,78.2442748091603,83.969465648855,2.38549618320611,3.33969465648855,9.54198473282443,0.381679389312977,0.381679389312977,22.9007633587786,-,35.3053435114504,-,0.381679389312977,-,-,0,-,-,0.00954198473282443,0.0477099236641221,-,0
AAQ55,AAQ55,Q,"Beverages, nonalcoholic",THQ8,"Tea, w/ milk, per              100
ml",ชาใส่นมข้นหวาน(TH),62,primary,1.036,65.6370656370656,84.7490347490347,0.0965250965250965,1.06177606177606,13.996138996139,0p,0.0965250965250965,0.965250965250965,-,17.3745173745174,-,0.0965250965250965,-,-,-,-,-,-,-,-,-
AAS1,AAS1,S,Fast foods: franchise foods,"THS20,PHR008","Burger, beef","เบอร์เกอร์, เนื้อ(TH)",63,primary,-,275,47.2,13.4,14.8,21.4,1.4,1.8,60,118,-,-,2.2,-,-,10,10,11,0.16,0.15,2.60,0
AAS3,AAS3,S,Fast foods: franchise foods,THS17,"Burger, chicken","เบอร์เกอร์, ไก่(TH)",63,primary,-,294,43.6,13.3,16.0,23.1,2.3,1.7,53,93,515,202,0.8,0.06,0.9,10,5,10,0.09,0.04,-,nd
AAS4,AAS4,S,Fast foods: franchise foods,THS23,"Burger, Fish","เบอร์เกอร์, ปลา(TH)",63,primary,-,289,44.2,11.6,15.6,24.6,2.0,2.0,68,139,562,187,1.0,-,1.0,-,-,-,-,-,-,-
AAS6,AAS6,S,Fast foods: franchise foods,"THS37,PHB034",French fries,มันฝรั่งทอด(TH),63,primary,-,336,34.8,3.9,18.1,37.2,4.2,1.8,16,133,-,-,0.0,-,-,0,0,0,0.16,0.06,2.40,0
AAS7,AAS7,S,Fast foods: franchise foods,THS38,Hot Dog,ฮอทดอก(TH),63,primary,-,268,45.0,9.9,12.3,28.1,2.7,2.0,-,-,-,-,-,-,-,-,-,-,-,-,-,-
AAS9,AAS9,S,Fast foods: franchise foods,THS27,"Pizza, seafood, thin crust","พิซซ่า, ทะเล, ชนิดบาง(TH)",63,primary,-,232,47.9,15.2,7.9,23.4,3.4,2.2,-,-,-,-,-,-,-,-,-,-,-,-,-,-
AAS10,AAS10,S,Fast foods: franchise foods,THS6,"Sandwich, chicken","แซนวิช, ไก่(TH)",63,primary,-,286,45.5,12.0,15.6,23.5,1.6,1.8,-,-,-,-,-,-,-,-,-,-,-,-,-,-
AAS11,AAS11,S,Fast foods: franchise foods,THS9,"Sandwich, ham","แซนวิช, แฮม(TH)",63,primary,-,220,54.6,9.3,10.2,22.2,0.9,2.8,26,129,589,142,0.7,-,0.6,-,-,-,-,-,-,-
AAT351,AAT351,T,Mixed food dishes: local,THT68,"Porridge, rice, ground, with minced pork","โจ๊ก, หมู(TH)",64,primary,-,(57),87.7,1.6,2.6,(6.9),-,1.2,6,-,-,-,0.5,-,-,-,-,-,-,-,-,-
AAT12,AAT12,T,Mixed food dishes: local,THT50,"Porridge, rice, ready to eat",ข้าวต้ม(TH),64,primary,-,(59),85.4,4.1,0.8,(8.9),-,0.8,-,-,205,129,-,-,-,-,-,-,-,-,-,-
AAT362,AAT362,T,Mixed food dishes: local,THT65,Rice and seasoned fried pork,ข้าวหมูทอด(TH),64,primary,-,(144),67.4,7.7,3.2,(21.1),-,0.6,-,-,222,208,-,-,-,-,-,-,-,-,-,-
AAT353,AAT353,T,Mixed food dishes: local,THT51,Rice porridge with pork,"ข้าวต้ม, หมู(TH)",64,primary,-,(65),84.2,4.2,1.2,(9.4),-,1.0,-,72,272,136,-,-,-,-,-,-,-,-,-,-
AAT366,AAT366,T,Mixed food dishes: local,THT48,Rice w/ pig leg and gravy,ข้าวขาหมู(TH),64,primary,-,161,65.3,7.2,5.9,19.3,1.0,1.3,236,43,324,52,0.8,-,-,-,-,-,0.08,0.21,1.00,-
AAT363,AAT363,T,Mixed food dishes: local,THT54,"Rice, chicken and holy basil leaves, fried",ข้าวราดไก่ผัดใบกะเพรา(TH),64,primary,-,(188),59.5,8.6,6.6,(23.6),-,1.7,172,66,-,-,0.4,-,-,-,-,-,-,0.07,0.20,3
AAT364,AAT364,T,Mixed food dishes: local,THT56,"Rice, pork and vegetable and egg, fried",ข้าวผัดหมู(TH),64,primary,-,(151),69.0,5.9,6.7,(16.7),-,1.7,103,62,141,91,0.6,-,-,-,-,-,0.02,0.25,1.90,-
AAT359,AAT359,T,Mixed food dishes: local,THT44,"Rice, covered w/ egg in five spices soup",ข้าวราดไข่พะโล้(TH),64,primary,-,(181),61.6,5.7,6.4,(25.2),-,1.1,-,-,305,134,3.7,-,-,-,-,-,-,-,-,-
AAT204,AAT204,T,Mixed food dishes: local,THT39,Fermented rice noodle with fish curry,"ขนมจีน, นํ้ายา(TH)",64,primary,-,82,80.4,2.7,2.1,13.0,0.4,1.5,70,32,419,-,0.1,-,-,-,-,-,-,0.25,0.80,-
AAT347,AAT347,T,Mixed food dishes: local,THT123,"Rice noodle, big size, with beef ball and soup","เส้นใหญ่, ลูกชิ้นเนื้อวัว, นํ้า
(TH)",64,primary,-,(61),83.4,4.6,0.7,(9.0),-,2.3,23,30,752,188,-,-,-,-,-,-,0.01,0.04,-,-
AAT348,AAT348,T,Mixed food dishes: local,THT127,"Rice noodle, big size, with pork, w/o soup","เส้นใหญ่, หมู, นํ้า(TH)",64,primary,-,75,83.7,7.1,3.6,2.8,1.6,1.2,-,-,366,65,1.2,-,-,-,-,-,-,-,-,-
AAT113,AAT113,T,Mixed food dishes: local,THT131,"Rice noodle, deep fried, crispy (Mee-krop)",หมี่กรอบ(TH),64,primary,-,(505),9.1,2.9,29.4,(57.1),-,1.5,6,47,-,-,0.6,-,-,-,-,-,0.08,0.00,2.00,2
AAT346,AAT346,T,Mixed food dishes: local,THT122,"Rice noodle, fine thread, w/ beef ball and soup","เส้นหมี่, ลูกชิ้นเนื้อวัว, นํ้า
(TH)",64,primary,-,49,87.5,3.2,1.3,5.8,0.7,1.5,44,40,440,90,0.9,-,-,-,-,-,0.02,0.11,1.00,-
AAT345,AAT345,T,Mixed food dishes: local,THT121,"Rice noodle, fine thread, w/ meat ball, w/o soup","เส้นหมี่, ลูกชิ้นเนื้อวัว, แห้ง
(TH)",64,primary,-,(152),65.7,5.9,4.6,(21.7),-,2.1,26,47,411,162,-,-,-,-,-,-,0.02,0.06,1.30,-
AAT349,AAT349,T,Mixed food dishes: local,THT111,"Rice noodle, small size, with pork, w/o soup","เส้นเล็ก, หมู, แห้ง(TH)",64,primary,-,(209),59.5,7.9,10.4,(21.0),-,1.2,147,128,311,132,1.9,-,-,575,-,-,0.08,0.54,2.50,1
AAT134,AAT134,T,Mixed food dishes: local,THT31,"Baby clam, curry (Pa-naeng) type cooked with coconut milk,","แกงพะแนง-หอยลาย, พร้อมบริโภค(TH)",64,primary,-,126,76.9,7.2,9.0,3.4,1.4,2.1,73,-,350,-,6.9,-,-,10,-,10,-,-,-,-
AAT147,AAT147,T,Mixed food dishes: local,THT134,"Baby clam, fried with chilli",หอยลายทอดกับพริก(TH),64,primary,-,384,22.5,19.8,21.4,25.7,4.7,5.9,113,-,1370,-,12.2,-,-,22,-,22,-,-,-,-
AAT13,AAT13,T,Mixed food dishes: local,THT73,"Bamboo shoot salad, Northeastern style",ซุปหน่อไม้(TH),64,primary,-,(33),89.7,2.8,0.5,(4.4),-,2.6,207,30,-,-,1.3,-,-,-,-,-,-,0.20,0.70,1
AAT149,AAT149,T,Mixed food dishes: local,THT103,"Salad, w/ unripe papaya, Northeastern style","ส้มตํา, อีสาน(TH)",64,primary,-,(28),90.4,1.8,0.3,(4.5),-,3.0,94,44,-,-,-,-,-,-,-,-,0.01,0.05,0.70,3
AAT133,AAT133,T,Mixed food dishes: local,THT137,"Custard, egg, baked",ขนมหม้อแกง-ไข่(TH),65,primary,-,197,58.1,6.3,7.8,24.1,2.8,0.9,5,60,-,-,-,-,-,16,-,16,0.04,0.22,1.00,-
AAT263,AAT263,T,Mixed food dishes: local,THT138,"Custard, mungbean, baked",ขนมหม้อแกง-ถั่ว(TH),65,primary,-,207,54.2,5.8,7.2,27.7,4.2,0.9,9,72,-,-,-,-,-,8,-,8,0.05,0.18,0.80,-
AAT173,AAT173,T,Mixed food dishes: local,THT139,"Glutinous rice, steeped in coconut milk",ข้าวเหนียวมูล(TH),65,primary,-,281,35.8,3.1,6.3,52.2,1.7,0.9,1,18,-,-,-,-,-,-,-,-,-,0.03,0.30,-
AAT259,AAT259,T,Mixed food dishes: local,THT171,"Moon's cake, durian and egg filling","ขนมไหว้พระจันทร์, ไส้ ทุเรียน+ไข่(TH)",65,primary,-,379,18.7,6.5,13.2,57.0,3.2,1.4,36,-,83,-,1.4,-,-,25,-,25,-,-,-,-
AAT255,AAT255,T,Mixed food dishes: local,THT170,"Moon's cake, durian filling","ขนมไหว้พระจันทร์, ไส้ ทุเรียน(TH)",65,primary,-,363,18.8,5.0,10.3,60.7,3.7,1.5,23,-,67,-,1.2,-,-,-,-,-,-,-,-,-
AAT258,AAT258,T,Mixed food dishes: local,THT172,"Moon's cake, five nuts filling","ขนมไหว้พระจันทร์, ไส้โหง วยิง้(TH)",65,primary,-,430,13.8,10.5,19.3,52.3,2.6,1.5,43,-,189,-,3.5,-,-,0,-,0,-,-,-,-
AAT257,AAT257,T,Mixed food dishes: local,THT169,"Moon's cake, lotus seed and egg filling","ขนมไหว้พระจันทร์, ใส้ เมล็ดบัว+ไข่(TH)",65,primary,-,404,20.0,6.7,18.2,52.3,1.9,0.9,62,-,64,-,1.9,-,-,25,-,25,-,-,-,-
AAT254,AAT254,T,Mixed food dishes: local,THT168,"Moon's cake, lotus seed filling","ขนมไหว้พระจันทร์, ใส้ เมล็ดบัว(TH)",65,primary,-,384,20.7,5.8,14.8,55.6,2.4,0.7,45,-,40,-,1.1,-,-,0,-,0,-,-,-,-
AAT430,AAT430,T,Mixed food dishes: local,THT144,Taro ball in coconut milk,บัวลอยเผือก(TH),65,primary,-,150,66.2,0.8,4.1,26.5,1.7,0.7,4,24,-,-,-,-,-,-,-,-,-,-,0.30,-
AAT431,AAT431,T,Mixed food dishes: local,THT145,Taro in coconut milk,เผือกแกงบวด(TH),65,primary,-,133,70.6,1.0,4.5,21.6,0.9,1.4,25,-,112,-,0.8,-,-,-,-,-,-,-,-,-
AAU21,AAU21,U,Miscellaneous,THU17,"Bamboo caterpillar, raw",หนอนไม้ไผ่(TH),66,primary,-,-,60.0,15.3,-,-,-,-,42,155,14,139,1.8,-,-,-,-,-,0.12,1.05,0.90,-
AAU22,AAU22,U,Miscellaneous,THU18,"Bamboo caterpillar, deep fried","หนอนไม้ไผ่, ทอด(TH)",66,primary,-,644,4.5,25.5,55.3,11.0,0p,3.7,4,356,609,674,2.7,-,-,-,-,-,-,-,-,-
AAU26,AAU26,U,Miscellaneous,THU16,"Bird nest, in sealed bottle",รังนก(TH),66,primary,-,69,82.5,0.5,0.0,16.8,0,0.2,55,-,5,-,0.2,-,-,-,-,-,0.00,0.02,-,-
AAU23,AAU23,U,Miscellaneous,THU12,"Buffalo dung beetle, blanched",แมงกุดจี่(TH),66,primary,-,125,68.4,17.2,4.3,1.3,5.9,2.9,31,158,293,288,7.7,-,-,-,-,-,0.19,1.09,3.40,-
AAU57,AAU57,U,Miscellaneous,THU22,"Chicken essence, 100 ml.",ซุปไก่สกัด(TH),66,primary,1.026,31.1890838206628,91.3255360623782,7.89473684210526,0,0,0,0.779727095516569,5.84795321637427,-,118.908382066277,-,0.487329434697856,-,-,-,-,-,0,0.0487329434697856,-,-
AAU40,AAU40,U,Miscellaneous,"THU1,PHT005, MYU552","Creamer, non-dairy","Krimer, bukan  tenusu(MY),  ครีมเทียม(TH)",66,primary,-,471,2.9,3.2,18.4,73.1,0,2.4,19,295,104,788,0.5,-,-,12,8,13,0.00,0.06,0.50,0
AAU33,AAU33,U,Miscellaneous,THU3,Cricket,จิง้หรีด(TH),66,primary,-,127,71.4,12.9,5.5,4.6,3.5,2.1,76,185,87,306,9.5,-,-,-,-,-,0.36,1.91,3.10,-
AAU35,AAU35,U,Miscellaneous,THU14,Giant water bug,แมงดานา(TH),66,primary,-,174,63.2,19.8,8.3,2.8,4.3,1.6,44,226,84,192,13.6,-,-,-,-,-,0.09,1.50,3.90,-
AAU36,AAU36,U,Miscellaneous,THU19,"Hornet, young",ตัวต่อ(TH),66,primary,-,(141),71.7,13.7,6.3,(7.4),-,0.9,61,142,-,-,-,-,-,0,205,17,0.01,-,3.00,-
AAU24,AAU24,U,Miscellaneous,THU13,June beetle,แมงกินูน(TH),66,primary,-,88,74.1,13.4,1.4,2.9,5.0,3.2,23,207,465,463,6.4,-,-,-,-,-,0.29,1.19,4.00,-
AAU37,AAU37,U,Miscellaneous,THU8,Locust,ตั๊กแตนใหญ่(TH),66,primary,-,97,76.7,14.3,3.3,0.6,4,1.1,28,150,32,217,3.0,-,-,-,-,-,0.19,1.50,3.90,-
AAU39,AAU39,U,Miscellaneous,THU11,Mole cricket,แมงกระชอน(TH),66,primary,-,130,71.2,15.4,6.3,1.5,2.9,2.7,76,254,97,268,41.7,-,-,-,-,-,0.20,1.89,4.80,-
AAU43,AAU43,U,Miscellaneous,THU10,Red ant,มดแดง(TH),66,primary,-,111,74.0,13.9,3.5,5.1,1.8,1.7,48,206,56,222,5.7,-,-,-,-,-,0.24,0.88,3.40,-
AAU44,AAU44,U,Miscellaneous,THU9,"Red ant, egg",ไข่มดแดง(TH),66,primary,-,83,81.9,7.0,3.2,5.6,1.7,0.6,8,113,28,96,4.1,-,-,-,-,-,0.15,0.19,0.90,-
AAU45,AAU45,U,Miscellaneous,THU6,"Red ant, young female",ตัวเป้ง(TH),66,primary,-,189,66.1,12.7,12.5,5.2,2.5,1.0,23,173,50,168,3.4,-,-,-,-,-,0.31,0.71,3.30,-
AAU48,AAU48,U,Miscellaneous,THU4,"Silk worm,  pupae",ดักแด้ไหม(TH),66,primary,-,123,75.3,12.2,7.0,1.8,2.0,1.7,42,167,14,139,1.8,-,-,-,-,-,0.12,1.05,0.90,-
AAU50,AAU50,U,Miscellaneous,THU20,"Spirulina, dried","สาหร่ายสไปรูไรนา, ตากแห้ง
(TH)",66,primary,-,359,6.3,62.3,6.5,8.0,9.6,7.3,346,709,847,1091,37.6,0.80,1.7,0,-,-,1.95,2.53,16.50,-
AAU51,AAU51,U,Miscellaneous,THU21,"Spirulina, fresh","สาหร่ายสไปรูไรนา, สด(TH)",66,primary,-,45,89.1,7.5,0.8,0p,4.1,1.0,50,86,84,122,3.9,0.00,0.2,0,-,-,0.33,0.38,1.00,-
AAU25,AAU25,U,Miscellaneous,THU15,True water beetle,แมลงตับเต่า(TH),66,primary,-,166,61.2,21.0,7.1,1.3,6.6,2.8,37,205,62,198,6.4,-,-,-,-,-,0.31,3.51,6.90,-
